CED_CODE_2016,FP_15_19_Nbr_ch_ev_brn_No,FP_15_19_Nbr_ch_ev_brn_1,FP_15_19_Nbr_ch_ev_brn_2,FP_15_19_Nbr_ch_ev_brn_3,FP_15_19_Nbr_ch_ev_brn_4,FP_15_19_Nbr_ch_ev_brn_5,FP_15_19_Nbr_ch_ev_brn_6,FP_15_19_Nbr_ch_ev_brn_Ns,FP_15_19_Tot,FP_20_24_Nbr_ch_ev_brn_No,FP_20_24_Nbr_ch_ev_brn_1,FP_20_24_Nbr_ch_ev_brn_2,FP_20_24_Nbr_ch_ev_brn_3,FP_20_24_Nbr_ch_ev_brn_4,FP_20_24_Nbr_ch_ev_brn_5,FP_20_24_Nbr_ch_ev_brn_6,FP_20_24_Nbr_ch_ev_brn_Ns,FP_20_24_Tot,FP_25_29_Nbr_ch_ev_brn_No,FP_25_29_Nbr_ch_ev_brn_1,FP_25_29_Nbr_ch_ev_brn_2,FP_25_29_Nbr_ch_ev_brn_3,FP_25_29_Nbr_ch_ev_brn_4,FP_25_29_Nbr_ch_ev_brn_5,FP_25_29_Nbr_ch_ev_brn_6,FP_25_29_Nbr_ch_ev_brn_Ns,FP_25_29_Tot,FP_30_34_Nbr_ch_ev_brn_No,FP_30_34_Nbr_ch_ev_brn_1,FP_30_34_Nbr_ch_ev_brn_2,FP_30_34_Nbr_ch_ev_brn_3,FP_30_34_Nbr_ch_ev_brn_4,FP_30_34_Nbr_ch_ev_brn_5,FP_30_34_Nbr_ch_ev_brn_6,FP_30_34_Nbr_ch_ev_brn_Ns,FP_30_34_Tot,FP_35_39_Nbr_ch_ev_brn_No,FP_35_39_Nbr_ch_ev_brn_1,FP_35_39_Nbr_ch_ev_brn_2,FP_35_39_Nbr_ch_ev_brn_3,FP_35_39_Nbr_ch_ev_brn_4,FP_35_39_Nbr_ch_ev_brn_5,FP_35_39_Nbr_ch_ev_brn_6,FP_35_39_Nbr_ch_ev_brn_Ns,FP_35_39_Tot,FP_40_44_Nbr_ch_ev_brn_No,FP_40_44_Nbr_ch_ev_brn_1,FP_40_44_Nbr_ch_ev_brn_2,FP_40_44_Nbr_ch_ev_brn_3,FP_40_44_Nbr_ch_ev_brn_4,FP_40_44_Nbr_ch_ev_brn_5,FP_40_44_Nbr_ch_ev_brn_6,FP_40_44_Nbr_ch_ev_brn_Ns,FP_40_44_Tot,FP_45_49_Nbr_ch_ev_brn_No,FP_45_49_Nbr_ch_ev_brn_1,FP_45_49_Nbr_ch_ev_brn_2,FP_45_49_Nbr_ch_ev_brn_3,FP_45_49_Nbr_ch_ev_brn_4,FP_45_49_Nbr_ch_ev_brn_5,FP_45_49_Nbr_ch_ev_brn_6,FP_45_49_Nbr_ch_ev_brn_Ns,FP_45_49_Tot,FP_50_54_Nbr_ch_ev_brn_No,FP_50_54_Nbr_ch_ev_brn_1,FP_50_54_Nbr_ch_ev_brn_2,FP_50_54_Nbr_ch_ev_brn_3,FP_50_54_Nbr_ch_ev_brn_4,FP_50_54_Nbr_ch_ev_brn_5,FP_50_54_Nbr_ch_ev_brn_6,FP_50_54_Nbr_ch_ev_brn_Ns,FP_50_54_Tot,FP_55_59_Nbr_ch_ev_brn_No,FP_55_59_Nbr_ch_ev_brn_1,FP_55_59_Nbr_ch_ev_brn_2,FP_55_59_Nbr_ch_ev_brn_3,FP_55_59_Nbr_ch_ev_brn_4,FP_55_59_Nbr_ch_ev_brn_5,FP_55_59_Nbr_ch_ev_brn_6,FP_55_59_Nbr_ch_ev_brn_Ns,FP_55_59_Tot,FP_60_64_Nbr_ch_ev_brn_No,FP_60_64_Nbr_ch_ev_brn_1,FP_60_64_Nbr_ch_ev_brn_2,FP_60_64_Nbr_ch_ev_brn_3,FP_60_64_Nbr_ch_ev_brn_4,FP_60_64_Nbr_ch_ev_brn_5,FP_60_64_Nbr_ch_ev_brn_6,FP_60_64_Nbr_ch_ev_brn_Ns,FP_60_64_Tot,FP_65_69_Nbr_ch_ev_brn_No,FP_65_69_Nbr_ch_ev_brn_1,FP_65_69_Nbr_ch_ev_brn_2,FP_65_69_Nbr_ch_ev_brn_3,FP_65_69_Nbr_ch_ev_brn_4,FP_65_69_Nbr_ch_ev_brn_5,FP_65_69_Nbr_ch_ev_brn_6,FP_65_69_Nbr_ch_ev_brn_Ns,FP_65_69_Tot,FP_70_74_Nbr_ch_ev_brn_No,FP_70_74_Nbr_ch_ev_brn_1,FP_70_74_Nbr_ch_ev_brn_2,FP_70_74_Nbr_ch_ev_brn_3,FP_70_74_Nbr_ch_ev_brn_4,FP_70_74_Nbr_ch_ev_brn_5,FP_70_74_Nbr_ch_ev_brn_6,FP_70_74_Nbr_ch_ev_brn_Ns,FP_70_74_Tot,FP_75_79_Nbr_ch_ev_brn_No,FP_75_79_Nbr_ch_ev_brn_1,FP_75_79_Nbr_ch_ev_brn_2,FP_75_79_Nbr_ch_ev_brn_3,FP_75_79_Nbr_ch_ev_brn_4,FP_75_79_Nbr_ch_ev_brn_5,FP_75_79_Nbr_ch_ev_brn_6,FP_75_79_Nbr_ch_ev_brn_Ns,FP_75_79_Tot,FP_80_84_Nbr_ch_ev_brn_No,FP_80_84_Nbr_ch_ev_brn_1,FP_80_84_Nbr_ch_ev_brn_2,FP_80_84_Nbr_ch_ev_brn_3,FP_80_84_Nbr_ch_ev_brn_4,FP_80_84_Nbr_ch_ev_brn_5,FP_80_84_Nbr_ch_ev_brn_6,FP_80_84_Nbr_ch_ev_brn_Ns,FP_80_84_Tot,FP_85_over_Nbr_ch_ev_brn_No,FP_85_over_Nbr_ch_ev_brn_1,FP_85_over_Nbr_ch_ev_brn_2,FP_85_over_Nbr_ch_ev_brn_3,FP_85_over_Nbr_ch_ev_brn_4,FP_85_over_Nbr_ch_ev_brn_5,FP_85_over_Nbr_ch_ev_brn_6,FP_85_over_Nbr_ch_ev_brn_Ns,Age_grps_FP_85_over_Tot,FP_Tot_Num_child_evr_brn_No,FP_Tot_Num_child_evr_brn_1,FP_Tot_Num_child_evr_brn_2,FP_Tot_Num_child_evr_brn_3,FP_Tot_Num_child_evr_brn_4,FP_Tot_Num_child_evr_brn_5,FP_Tot_Num_child_evr_brn_6,FP_Tot_Num_child_evr_brn_Ns,FP_Tot_Tot
CED101,4073,19,0,3,0,0,0,502,4593,4421,195,58,8,3,0,0,433,5119,4130,768,357,112,22,5,4,423,5828,2325,1456,1285,314,88,17,21,339,5840,1179,1060,1882,703,184,38,30,256,5329,871,898,2151,909,251,77,31,227,5419,775,908,2074,943,269,82,39,260,5347,772,953,2095,906,330,75,49,237,5425,682,1068,1827,904,308,89,55,256,5188,582,829,1487,816,310,105,59,201,4388,393,506,1395,765,298,74,51,199,3696,289,294,1038,645,246,59,51,157,2789,165,210,875,548,275,95,95,162,2437,131,192,624,476,254,127,104,133,2043,225,291,759,544,308,133,157,244,2653,21023,9651,17912,8589,3153,976,752,4035,66087
CED102,3842,15,4,0,0,0,3,560,4423,5602,259,53,12,0,0,7,773,6708,6602,1051,403,116,23,0,0,929,9135,3990,1948,1273,319,92,20,9,630,8277,1816,1379,1845,606,169,46,25,430,6315,1318,1009,1990,820,289,77,48,391,5941,1138,986,1942,778,258,75,42,349,5581,914,964,1832,764,245,101,66,363,5246,797,1010,1503,692,275,105,86,292,4753,591,867,1375,717,251,77,63,269,4208,404,498,1339,668,272,85,65,243,3574,266,314,1101,588,234,87,60,222,2871,203,209,971,544,222,68,81,229,2540,151,191,643,420,204,88,89,241,2028,237,253,559,364,220,102,150,544,2441,27874,10961,16840,7409,2758,933,791,6462,74028
CED103,4139,6,6,0,0,0,0,435,4587,6077,98,35,0,0,0,0,605,6817,5815,671,247,40,8,0,3,533,7327,3462,1966,1212,223,35,4,0,428,7331,1672,1521,2182,624,121,24,5,291,6440,1119,1110,2437,801,188,33,15,261,5971,991,1120,2289,871,172,33,18,217,5693,885,998,2268,882,208,39,25,221,5527,804,1034,1894,842,248,52,37,246,5166,650,975,1630,746,252,63,35,216,4575,481,553,1377,704,244,71,41,170,3637,331,273,970,592,228,76,44,166,2664,252,181,758,589,298,98,72,154,2393,177,150,516,476,255,107,98,155,1936,264,249,594,538,317,152,159,348,2622,27118,10908,18429,7912,2570,752,546,4449,72689
CED104,4584,3,3,0,0,0,0,460,5048,3825,69,22,5,0,0,0,277,4193,2196,316,153,38,4,3,0,169,2885,1231,863,885,223,55,13,3,146,3414,630,841,2019,705,161,25,11,156,4553,604,755,2537,1094,302,69,23,147,5521,622,770,2625,1210,323,70,34,177,5814,550,775,2460,1219,357,69,33,188,5649,528,729,2149,1192,337,78,48,172,5233,409,619,1731,1004,305,75,42,153,4346,351,443,1631,933,328,77,33,156,3960,277,249,1120,806,287,59,36,123,2956,164,154,712,635,276,97,56,117,2204,119,101,455,412,231,88,45,144,1588,181,207,541,444,261,101,102,488,2320,16265,6894,19039,9906,3224,809,467,3070,59679
CED105,4573,42,6,0,0,0,0,888,5512,4860,566,244,54,11,0,5,815,6558,3830,1383,1051,397,110,24,8,673,7486,2004,1279,1510,928,366,121,49,527,6785,945,853,1485,1034,544,224,120,407,5605,727,770,1526,948,499,251,185,365,5267,657,731,1572,922,475,230,191,382,5158,624,738,1554,913,484,230,191,361,5099,609,777,1435,837,441,204,193,336,4836,471,578,1172,757,375,185,176,261,3973,358,347,988,671,338,151,174,234,3263,193,234,672,507,258,119,138,181,2310,150,164,549,368,235,121,202,200,1982,108,120,366,286,211,109,195,168,1558,184,208,442,336,197,125,255,320,2073,20299,8795,14584,8954,4541,2097,2083,6126,67469
CED106,5204,3,0,0,0,0,0,503,5707,4101,57,14,3,0,0,0,352,4533,3156,363,144,21,0,0,0,258,3949,2113,1428,949,195,22,4,0,234,4945,1137,1312,2240,638,103,15,4,196,5639,776,1140,2727,1036,222,28,5,209,6145,669,1074,2824,1343,290,56,21,220,6499,629,980,2563,1177,264,56,27,200,5894,552,825,2040,1016,277,51,22,160,4939,474,748,1636,821,258,70,18,146,4174,407,512,1590,880,241,46,30,150,3855,310,300,1278,778,245,64,24,147,3147,216,200,849,747,319,108,42,165,2651,183,163,582,591,306,99,81,166,2175,293,294,834,675,378,145,105,550,3274,20216,9407,20294,9921,2924,741,389,3653,67540
CED107,4242,82,15,5,0,3,3,777,5123,3140,547,283,74,13,3,3,519,4584,2058,894,819,328,97,28,19,365,4598,1132,850,1271,673,217,79,54,349,4619,619,557,1442,992,366,109,96,333,4511,574,534,1672,1160,437,156,116,395,5048,597,506,1787,1209,478,153,111,416,5254,635,546,1733,1236,536,161,106,426,5387,652,526,1670,1261,603,171,93,401,5374,523,385,1518,1189,511,147,89,392,4757,401,373,1512,1104,567,162,91,443,4660,335,227,1050,913,458,170,125,347,3623,229,139,600,633,435,190,172,316,2712,183,132,379,460,342,174,176,259,2120,188,178,485,436,345,166,183,332,2315,15499,6477,16237,11684,5403,1882,1432,6077,64689
CED108,5098,109,19,8,0,0,3,832,6068,4531,665,294,82,21,5,3,577,6175,3231,1323,904,372,138,47,30,505,6544,1715,1629,1909,822,337,111,79,450,7057,841,1021,2034,1051,456,182,181,374,6148,669,745,1861,1155,559,223,215,318,5743,564,744,1733,1105,541,256,200,329,5477,545,590,1682,1165,554,193,197,312,5232,443,557,1486,1156,549,202,172,313,4875,321,385,1293,997,486,201,163,263,4107,229,314,1021,868,484,177,157,279,3529,139,175,623,571,361,146,136,230,2381,97,143,372,376,268,130,167,155,1704,62,90,240,236,162,111,167,115,1183,117,131,260,210,176,108,203,103,1315,18598,8605,15744,10168,5083,2088,2085,5157,67530
CED109,3503,7,4,0,0,0,0,361,3873,3291,103,18,10,0,0,0,275,3703,3134,535,225,42,8,0,0,353,4293,1889,1066,907,268,52,4,0,272,4464,948,805,1652,717,159,17,6,242,4551,775,742,2036,976,233,41,16,235,5061,763,767,2022,973,278,44,25,217,5092,728,668,1820,950,254,61,28,229,4741,651,579,1786,994,261,66,19,231,4582,474,474,1600,960,299,56,21,200,4091,369,364,1510,897,291,51,27,183,3697,274,284,1211,810,256,85,38,160,3121,182,210,888,652,302,79,51,144,2517,182,170,664,538,277,100,86,154,2168,218,280,880,631,348,132,108,332,2930,17383,7055,17215,9422,3025,746,429,3605,58879
CED110,3740,58,14,3,0,0,0,587,4409,2537,434,205,61,11,3,0,339,3589,1825,708,650,251,70,24,5,335,3881,980,775,1116,520,217,59,35,284,3971,635,596,1306,780,271,106,83,267,4043,562,588,1649,1006,441,136,95,281,4763,660,664,1782,1062,424,171,92,343,5197,781,645,1923,1205,506,180,119,415,5766,880,672,2055,1480,601,179,113,433,6415,763,622,2046,1524,563,148,80,446,6194,683,546,2232,1479,568,178,94,515,6291,496,399,1653,1271,563,174,111,441,5104,313,250,1033,944,607,228,149,426,3947,223,188,659,620,432,187,159,379,2850,279,283,719,634,451,208,174,793,3539,15356,7420,19032,12849,5721,1965,1317,6288,69955
CED111,4393,51,4,0,0,0,0,457,4902,5150,228,103,14,7,0,0,501,6002,3477,701,395,105,23,6,3,360,5076,1753,1067,1157,420,123,38,17,305,4876,888,722,1829,795,191,58,32,196,4717,729,705,2153,978,321,80,59,249,5280,702,663,1967,1011,289,108,63,231,5033,662,610,1958,1079,333,110,67,260,5078,605,560,1786,1157,387,99,57,273,4916,440,455,1620,1053,387,87,63,259,4369,333,358,1447,945,335,90,48,264,3820,219,245,1073,873,338,108,49,260,3162,200,208,799,712,334,115,88,214,2671,123,118,636,566,266,139,99,243,2189,152,242,710,605,296,157,144,384,2688,19812,6943,17624,10321,3630,1185,803,4459,64777
CED112,4139,64,16,5,0,0,0,532,4752,3321,465,206,40,5,3,0,371,4409,2147,853,706,241,54,10,8,248,4266,1121,955,1341,618,178,62,33,222,4528,639,673,1619,912,324,111,54,228,4563,585,620,1893,1149,413,148,83,251,5138,574,638,1862,1195,438,134,88,283,5199,551,584,1804,1179,453,139,79,269,5052,539,564,1866,1171,482,147,71,321,5167,427,481,1718,1173,451,119,59,273,4699,396,433,1659,1083,424,133,63,314,4495,334,299,1190,959,405,126,60,273,3649,211,227,808,717,380,120,121,317,2908,188,132,524,530,359,152,128,330,2347,233,239,664,550,355,162,151,710,3051,15401,7229,17857,11519,4719,1556,993,4944,64222
CED113,3655,41,3,0,0,0,3,615,4315,3006,337,140,34,3,0,3,438,3962,2326,777,515,183,40,10,4,446,4303,1407,889,1132,482,136,45,24,418,4535,813,666,1554,843,268,78,51,414,4681,741,673,1893,1090,335,112,73,452,5364,903,705,2116,1161,431,105,70,496,5980,873,675,1972,1136,453,121,77,500,5809,867,604,1950,1325,526,127,71,514,5993,736,532,1778,1215,515,142,67,491,5479,514,387,1678,1105,499,144,86,426,4855,310,265,1081,841,400,139,80,322,3442,177,114,593,617,357,128,120,290,2399,114,90,325,399,260,139,114,217,1667,102,144,368,394,271,141,152,437,2018,16545,6903,17098,10835,4495,1445,1003,6475,64803
CED114,4129,77,8,0,0,0,0,652,4870,3208,472,212,48,11,3,3,484,4445,2330,869,680,264,79,22,17,471,4732,1159,861,1324,639,203,62,33,400,4675,655,568,1406,944,382,91,79,343,4469,515,510,1609,1199,484,129,102,396,4935,595,468,1705,1327,490,171,100,408,5269,554,501,1690,1415,558,180,112,429,5437,512,443,1834,1552,670,175,90,537,5814,445,419,1591,1397,662,190,91,461,5259,335,334,1498,1261,613,209,124,441,4815,262,241,1074,1010,571,203,136,363,3865,218,133,672,761,549,228,196,360,3109,140,125,399,487,411,218,225,362,2368,166,169,479,525,404,228,223,510,2702,15226,6194,16180,12843,6076,2110,1526,6618,66765
CED115,4668,42,11,0,0,0,4,781,5506,4924,396,186,54,10,3,3,667,6231,3515,1018,681,224,78,13,5,623,6163,1857,1290,1454,580,201,58,24,532,6003,1002,898,1729,830,357,113,64,455,5450,764,826,1890,1033,401,141,83,389,5526,772,806,1913,1109,431,146,106,391,5668,702,681,1869,1149,445,172,101,395,5517,683,691,1881,1175,487,203,143,378,5640,537,530,1498,1068,480,202,175,320,4814,369,360,1128,804,415,175,158,277,3686,217,191,649,516,299,132,244,214,2473,124,176,467,410,252,157,296,208,2094,91,104,346,282,192,114,305,152,1592,90,135,320,250,211,150,396,305,1857,20308,8149,16023,9476,4256,1787,2120,6086,68214
CED116,3335,59,10,3,0,0,0,477,3889,2223,375,161,53,0,0,0,293,3105,1525,622,508,197,73,10,10,224,3169,861,651,972,488,167,44,11,219,3414,517,478,1219,669,283,81,47,211,3501,475,492,1517,917,364,110,74,271,4224,550,487,1648,978,389,143,70,288,4549,670,591,1753,1130,422,127,86,306,5075,772,606,2088,1370,557,148,73,383,5999,695,572,2125,1500,558,144,63,423,6081,660,518,2275,1462,572,155,77,451,6168,468,372,1619,1302,585,157,90,387,4971,279,227,995,930,528,198,112,388,3660,170,164,586,625,402,181,130,357,2609,192,188,621,615,369,158,138,631,2905,13387,6412,18085,12240,5268,1656,968,5307,63321
CED117,2244,11,0,0,0,0,0,309,2571,4501,80,25,0,4,0,8,629,5234,6268,380,122,19,4,4,0,845,7639,4883,1376,597,101,17,3,5,752,7740,2840,1508,1655,355,59,11,9,544,6975,2104,1190,2009,569,113,14,10,482,6491,1716,1012,1764,532,116,28,16,376,5557,1569,867,1371,480,122,28,13,375,4822,1293,692,1138,468,156,43,23,326,4151,970,589,1069,493,161,50,34,276,3641,696,463,934,490,167,46,25,213,3043,406,257,724,393,156,40,32,180,2191,220,150,517,304,146,67,39,149,1601,143,141,397,225,130,53,56,141,1281,170,191,355,224,145,68,107,221,1482,30022,8899,12679,4672,1486,451,379,5816,64408
CED118,4570,42,9,0,0,0,0,547,5160,4030,303,97,17,3,0,0,402,4855,3548,1226,588,151,32,10,3,378,5928,2051,2294,2277,557,135,37,26,386,7760,1000,1556,3221,1073,270,86,60,323,7592,693,960,2815,1196,374,97,56,272,6463,626,792,2377,1025,373,99,56,238,5590,558,665,2038,922,329,102,59,234,4901,478,632,1687,912,354,113,58,210,4444,361,459,1443,904,339,124,54,191,3882,239,301,1239,779,339,93,70,173,3235,141,189,691,497,267,98,71,134,2090,67,116,406,371,187,98,97,94,1446,63,95,280,236,163,97,96,91,1126,46,101,198,188,141,101,132,145,1053,18473,9732,19358,8819,3307,1155,840,3832,65525
CED119,4099,13,0,0,0,0,0,345,4454,3784,136,34,5,3,0,4,248,4212,2820,613,308,88,17,4,0,202,4054,1512,1234,1315,406,72,17,3,156,4718,768,850,2153,871,205,30,11,153,5036,634,732,2448,1256,267,51,23,184,5598,597,622,2406,1111,298,76,32,143,5281,510,628,2107,1127,324,69,20,148,4937,469,536,1994,1177,317,61,39,141,4733,358,429,1604,987,291,63,40,131,3902,257,321,1482,892,280,79,33,105,3441,162,225,1095,729,252,64,36,106,2679,112,143,565,491,225,76,46,84,1745,79,98,385,326,171,73,59,86,1278,136,197,515,395,218,106,98,143,1808,16291,6770,18416,9857,2935,780,452,2371,57869
CED120,4227,44,3,3,0,0,0,517,4791,3254,378,174,16,3,0,0,295,4119,2321,931,654,214,40,16,6,251,4440,1166,1019,1459,642,155,57,23,251,4765,571,630,1706,1035,333,101,54,220,4645,560,601,1993,1271,456,156,70,237,5341,577,577,1990,1235,458,123,76,264,5301,587,536,1903,1234,488,126,68,271,5214,520,457,1646,1233,477,146,71,262,4807,462,371,1543,1147,467,123,56,257,4430,346,322,1406,1058,438,131,56,255,4021,247,210,906,747,365,135,64,218,2892,176,122,499,522,302,113,89,204,2018,102,87,315,331,231,109,101,212,1486,106,123,303,315,197,104,119,462,1721,15213,6402,16497,10995,4413,1437,861,4167,59995
CED121,4114,91,11,0,0,0,0,486,4698,3143,592,298,59,9,0,0,305,4414,2154,948,845,313,92,23,12,300,4682,1152,934,1488,660,221,58,36,277,4834,625,635,1561,966,363,103,86,213,4556,517,621,1891,1161,404,120,86,270,5073,529,567,1917,1155,412,139,76,289,5076,524,554,1780,1237,505,135,91,302,5129,490,509,1863,1213,499,169,80,287,5113,437,412,1706,1240,487,141,75,276,4765,360,336,1547,1195,486,141,74,302,4444,271,244,1121,917,411,144,83,265,3455,187,145,636,648,420,151,119,233,2539,138,123,410,455,327,154,128,263,1993,162,190,472,463,288,153,157,564,2452,14797,6901,17545,11681,4907,1631,1109,4638,63215
CED122,4490,23,3,0,0,0,0,575,5091,7776,141,34,10,5,0,3,969,8936,6846,539,213,39,10,6,3,926,8577,4637,1555,871,218,32,4,3,737,8065,2306,1433,1997,537,109,12,14,583,6986,1447,1041,2194,878,189,29,20,489,6277,1173,944,2142,777,198,45,18,412,5721,1084,878,1796,761,181,38,25,393,5143,856,799,1540,668,215,41,24,381,4521,689,635,1439,660,217,53,31,363,4077,508,508,1308,658,217,56,30,344,3634,392,381,1037,546,222,69,36,290,2970,275,262,738,498,226,63,66,228,2343,181,195,506,356,191,79,72,227,1811,274,246,554,359,194,81,131,421,2264,32937,9570,16358,6954,2199,589,464,7335,76409
CED123,4532,80,9,3,0,0,3,594,5221,4402,632,236,53,12,5,3,527,5874,3421,1296,908,296,90,18,14,531,6582,1861,1471,1808,761,254,76,33,483,6740,976,965,2063,1071,406,120,79,413,6092,764,747,2047,1142,481,142,108,355,5781,636,671,1875,1146,455,172,100,334,5392,556,589,1713,1105,475,158,90,320,5007,456,478,1778,1241,496,167,96,292,5006,329,388,1578,1125,421,138,75,255,4309,228,321,1359,1013,417,149,82,283,3857,150,186,824,581,314,132,95,198,2479,111,125,432,450,257,153,125,155,1802,70,106,255,250,206,112,120,160,1274,99,131,332,239,180,89,132,206,1406,18590,8195,17217,10474,4447,1634,1147,5103,66812
CED124,3373,70,9,4,0,0,0,508,3964,1989,335,207,40,10,0,0,212,2793,1232,568,571,217,62,21,0,174,2842,662,537,922,475,176,53,36,182,3040,456,427,1090,678,286,85,43,179,3241,478,441,1417,1001,382,132,88,245,4185,531,508,1640,1050,432,139,80,279,4657,667,512,1845,1177,471,141,92,293,5208,713,533,2013,1443,556,147,63,356,5828,660,525,2025,1484,571,170,60,373,5862,602,508,2216,1608,606,181,85,413,6216,435,350,1648,1311,618,166,107,393,5026,296,227,948,984,558,214,143,331,3690,202,153,590,601,416,194,139,296,2587,205,200,591,568,394,157,167,595,2871,12494,5895,17724,12630,5538,1802,1105,4830,62016
CED125,4639,76,9,0,0,0,6,636,5365,4471,564,229,48,8,0,3,479,5808,3211,1229,931,299,101,20,5,462,6273,1729,1550,1812,763,255,73,35,393,6611,854,896,1940,1046,419,156,104,357,5776,663,739,1971,1032,488,181,155,272,5512,528,657,1686,1099,486,196,125,291,5061,508,597,1815,1174,536,147,147,278,5200,431,477,1813,1209,553,200,133,273,5093,319,426,1495,1127,506,182,120,281,4458,248,302,1239,944,419,160,96,230,3633,147,181,690,578,318,129,118,197,2363,80,96,400,380,224,116,111,123,1533,50,74,228,199,141,78,115,98,991,55,76,171,197,122,69,101,162,951,17944,7942,16441,10095,4580,1720,1372,4545,64639
CED126,3827,8,0,0,0,0,0,350,4190,3135,73,29,5,3,0,0,277,3526,2509,429,177,43,8,0,0,231,3399,1770,980,923,212,32,4,4,221,4151,950,966,1946,651,102,11,10,219,4856,830,769,2520,1162,231,31,7,247,5791,809,798,2528,1134,270,51,19,226,5837,803,743,2175,1066,263,37,21,226,5339,664,634,1832,976,304,69,18,217,4713,552,536,1638,919,302,69,21,198,4237,401,435,1631,934,279,64,22,243,4008,298,326,1384,861,291,74,34,230,3501,180,197,879,678,290,94,33,186,2539,143,146,540,572,257,96,61,245,2053,238,249,763,602,307,126,101,609,2997,17110,7288,18978,9811,2942,725,359,3921,61129
CED127,4028,38,6,0,0,0,0,434,4507,3189,301,111,21,0,0,3,286,3908,2077,682,509,168,30,8,0,239,3717,1188,785,1086,480,129,32,22,193,3924,726,658,1430,762,271,62,37,173,4112,723,678,1881,1040,350,81,69,232,5064,770,716,1907,1112,383,110,74,286,5370,791,626,1798,1171,386,111,62,284,5223,815,616,1758,1204,483,131,64,254,5317,679,533,1558,1071,418,124,71,245,4701,535,426,1517,1034,428,111,51,264,4364,345,293,1061,773,342,110,74,211,3215,228,163,559,519,281,128,77,177,2139,150,137,370,312,226,100,101,120,1512,161,155,449,342,185,107,103,189,1696,16401,6797,16004,10017,3908,1227,819,3587,58768
CED128,4515,50,5,3,0,0,0,695,5267,4584,440,183,21,7,3,0,566,5806,3532,1073,807,288,70,18,14,523,6324,1753,1351,1674,783,271,60,41,384,6333,1053,869,1812,1030,437,140,84,338,5768,751,720,1777,1058,476,185,156,297,5421,713,704,1737,1074,505,179,128,335,5377,601,626,1851,1095,516,206,161,289,5345,522,539,1706,1139,539,208,143,289,5093,414,441,1340,1010,498,186,158,253,4300,303,330,1136,848,412,189,170,229,3610,194,204,784,580,357,146,160,166,2592,135,129,499,461,276,134,215,148,1992,107,124,314,278,190,115,211,146,1481,105,137,308,259,180,108,228,194,1531,19279,7744,15944,9934,4736,1878,1851,4860,66237
CED129,4686,7,5,0,0,0,0,384,5078,3893,87,18,3,0,0,0,233,4236,2776,474,246,49,3,0,3,216,3773,1626,1378,1438,339,68,15,7,183,5055,879,1196,2681,991,224,40,17,168,6195,648,920,2991,1302,313,57,28,173,6429,565,857,2726,1200,287,59,36,144,5880,507,703,2240,1025,272,69,41,163,5026,407,682,1999,1006,282,73,34,154,4639,381,657,1631,936,301,76,41,128,4146,304,447,1621,968,291,74,39,116,3861,195,244,1132,740,283,72,46,112,2827,109,140,594,522,219,86,43,84,1793,85,90,379,293,164,60,61,99,1235,89,146,335,272,172,79,112,175,1383,17156,8029,20032,9652,2876,771,518,2531,61564
CED130,4080,113,8,7,0,0,4,700,4912,3256,509,262,79,8,4,0,521,4643,1991,802,785,315,77,30,8,394,4407,1085,774,1111,665,229,76,41,328,4302,639,529,1292,872,325,124,94,306,4182,565,481,1456,1111,434,146,119,372,4690,578,504,1612,1152,418,141,113,377,4902,611,507,1691,1225,461,189,92,390,5156,577,462,1782,1374,594,193,102,464,5550,524,436,1485,1219,615,173,81,436,4962,379,325,1487,1193,540,180,113,430,4651,322,273,1071,964,497,188,123,381,3822,235,182,657,795,498,187,183,348,3086,163,110,401,446,351,185,171,273,2102,159,159,467,448,356,188,230,419,2428,15168,6161,15565,11872,5416,2002,1481,6129,63787
CED131,4005,31,3,0,0,0,0,332,4367,5782,280,106,27,5,7,3,429,6643,4330,696,399,111,35,7,4,360,5935,2251,1233,1173,362,107,28,17,279,5449,1135,871,1752,750,207,63,37,210,5015,868,737,1960,925,253,80,52,225,5096,797,755,1923,924,277,62,52,237,5028,702,671,1855,951,295,78,49,266,4866,655,586,1781,1070,365,79,38,274,4851,476,486,1598,959,314,95,41,242,4205,384,358,1335,837,328,80,41,233,3598,279,244,985,688,274,84,46,238,2827,190,146,624,573,251,94,83,251,2210,127,144,439,409,255,117,84,296,1873,168,195,553,408,272,132,114,814,2659,22146,7423,16485,8995,3226,1008,662,4683,64627
CED132,3053,3,4,0,0,0,0,316,3376,4169,54,9,0,0,0,0,419,4662,5985,373,123,22,3,0,0,635,7136,4881,1682,852,85,10,0,4,645,8163,2731,1663,1948,489,59,9,3,481,7398,1795,1180,2220,842,145,11,7,391,6594,1498,1075,1987,834,170,21,11,298,5891,1199,860,1773,812,189,30,14,277,5160,1057,835,1564,697,199,38,16,289,4700,922,736,1381,700,212,42,17,257,4268,729,603,1418,721,213,47,31,233,3992,468,324,1036,546,217,48,36,193,2879,347,192,613,460,209,63,36,139,2061,257,142,417,354,220,65,61,145,1660,364,241,593,472,235,112,95,391,2491,29449,9981,15941,7037,2078,496,329,5118,70434
CED133,4004,77,11,0,3,0,0,657,4756,2480,469,211,58,10,0,3,349,3581,1595,683,685,257,77,33,13,336,3675,806,698,1101,627,211,58,33,295,3831,643,565,1360,890,303,115,62,302,4235,603,602,1653,996,428,125,103,402,4913,702,605,1747,1146,512,156,109,411,5383,784,641,1845,1302,569,165,110,430,5858,781,654,2187,1523,658,197,104,496,6591,711,572,2087,1603,650,175,96,490,6390,559,448,1968,1446,616,219,91,445,5793,405,319,1348,1153,557,170,107,359,4426,259,186,766,772,578,233,188,325,3305,169,135,473,556,416,209,217,263,2446,212,179,588,576,461,222,248,354,2850,14717,6844,18017,12897,6053,2091,1483,5919,68027
CED134,3213,109,17,0,0,0,0,693,4039,2638,652,341,98,17,4,6,545,4291,2233,856,826,385,118,48,24,564,5058,1065,791,1289,743,300,105,57,468,4811,605,496,1215,909,445,131,113,401,4320,509,439,1291,1032,501,172,140,436,4527,537,450,1482,1113,503,160,157,508,4916,556,438,1697,1254,549,168,129,568,5368,506,422,1730,1331,620,191,116,551,5474,383,366,1453,1227,566,177,125,508,4810,313,259,1362,1136,568,178,132,524,4484,233,210,947,904,544,210,165,452,3663,177,100,588,690,506,229,183,404,2875,108,104,332,422,332,205,203,322,2038,127,119,344,430,351,140,212,493,2208,13206,5810,14913,11675,5918,2131,1782,7434,62866
CED135,3719,26,5,0,3,0,3,647,4401,4779,293,108,22,0,0,4,698,5906,5899,1803,693,169,43,9,9,1031,9650,3599,3570,2166,480,148,46,23,948,10980,1612,1879,2468,776,255,89,45,644,7771,1187,1094,2062,793,312,124,60,442,6069,995,979,1765,763,291,117,82,433,5430,843,929,1758,760,315,94,95,411,5209,679,955,1500,774,336,128,91,361,4825,517,756,1250,687,339,119,100,305,4078,387,439,999,624,283,121,95,274,3220,222,262,795,485,256,111,90,209,2433,139,157,585,420,220,126,128,210,1994,100,117,334,295,184,99,121,203,1459,129,147,382,294,186,111,163,340,1746,24806,13409,16878,7343,3171,1291,1118,7157,75171
CED136,4035,92,6,4,3,0,0,443,4582,3294,542,272,59,7,3,3,309,4494,2197,969,923,317,76,23,7,297,4821,1157,960,1481,688,216,69,34,302,4902,627,657,1609,925,340,121,67,207,4554,559,614,1791,1091,445,118,104,259,4980,504,603,1858,1135,412,130,97,274,5010,521,531,1943,1159,460,122,84,273,5090,465,489,1926,1290,448,126,64,278,5088,426,397,1807,1317,449,97,58,295,4855,380,366,1754,1228,484,141,73,356,4789,283,262,1274,986,449,127,77,311,3778,214,169,725,653,367,166,110,281,2685,123,118,425,476,277,132,114,263,1927,140,157,411,361,280,126,129,433,2045,14935,6943,18208,11693,4715,1509,1020,4600,63613
CED137,3972,5,0,0,0,0,0,535,4521,6666,134,24,4,0,0,0,987,7809,7716,938,246,45,6,0,0,1156,10106,4782,2212,1188,215,44,10,5,875,9338,2124,1572,1965,534,107,21,12,565,6912,1425,1180,2155,734,169,36,18,464,6182,1174,1111,2093,778,206,49,17,419,5845,983,1140,2063,785,190,52,30,349,5596,849,1088,1770,759,220,59,35,316,5106,659,920,1420,678,231,64,27,283,4290,441,484,1301,752,244,72,38,225,3557,317,259,928,589,221,66,39,191,2612,226,221,687,486,217,100,73,146,2151,195,179,509,411,197,78,87,138,1783,283,227,578,421,251,120,146,272,2305,31809,11664,16925,7188,2308,735,549,6928,78112
CED138,3435,44,4,0,0,0,4,580,4074,2409,260,99,21,4,0,3,363,3158,1911,593,415,132,29,8,3,361,3445,1363,820,1060,439,106,18,17,335,4155,835,847,1474,653,208,61,19,386,4486,828,767,1857,918,295,90,46,410,5212,837,785,1862,1022,372,100,49,454,5487,940,764,1907,1139,401,88,66,506,5817,912,761,2084,1388,519,145,60,565,6435,803,665,2112,1401,527,147,78,536,6268,626,585,2088,1338,517,132,51,517,5851,412,378,1542,1146,482,133,88,461,4649,299,213,952,901,490,166,116,391,3526,195,187,563,646,390,174,162,404,2730,267,258,690,672,421,156,177,776,3411,16072,7928,18717,11813,4775,1424,938,7045,68702
CED139,4178,102,18,4,4,0,0,634,4936,3711,517,254,64,12,0,0,397,4960,2212,808,708,309,88,18,13,295,4446,1079,790,1224,727,245,97,51,302,4510,578,487,1321,929,456,138,84,282,4276,489,409,1424,1156,476,171,119,272,4508,485,456,1497,1241,562,168,121,328,4855,545,440,1536,1254,592,235,97,348,5045,528,411,1485,1332,675,204,129,389,5146,396,331,1417,1233,649,224,121,377,4746,355,302,1355,1173,599,217,144,363,4502,277,216,845,870,549,208,144,323,3427,221,121,595,712,542,242,230,358,3011,150,109,372,452,400,233,227,237,2170,223,171,453,520,421,248,272,376,2684,15423,5667,14502,11966,6250,2397,1755,5273,63229
CED140,3730,26,3,0,0,0,0,376,4133,2938,236,95,11,4,0,0,280,3566,2237,640,419,107,29,4,3,241,3677,1256,885,1060,374,107,21,7,219,3934,678,679,1592,740,223,46,28,198,4190,657,666,1835,902,321,72,34,240,4739,665,707,1926,993,333,80,64,236,5010,694,619,1888,1101,366,102,46,277,5089,638,637,1910,1207,384,104,66,246,5203,594,526,1763,1062,363,103,53,238,4702,502,473,1740,1134,377,112,49,270,4656,353,370,1351,940,368,118,39,244,3791,257,219,880,716,379,138,65,261,2923,237,159,591,587,325,106,102,265,2379,245,268,706,590,345,139,137,509,2936,15689,7126,17768,10477,3917,1157,696,4089,60928
CED141,3839,38,4,5,0,0,0,307,4196,3000,381,152,30,3,0,3,254,3824,2060,733,513,143,42,5,6,196,3698,1129,961,1241,486,140,38,14,167,4173,570,596,1610,823,238,66,33,148,4086,485,617,1899,995,310,98,55,151,4606,523,550,2042,1059,356,95,53,190,4867,519,603,1973,1208,359,95,56,183,5004,516,506,1981,1232,396,98,57,205,4996,389,422,1841,1215,395,75,37,188,4570,339,399,1883,1219,420,106,64,226,4658,264,305,1415,1038,448,112,63,221,3880,194,192,864,837,414,161,107,232,2992,141,143,558,589,329,150,100,232,2240,129,184,553,532,294,132,126,407,2356,14106,6641,18536,11414,4139,1229,763,3315,60139
CED142,4054,16,5,0,0,0,0,870,4948,13021,121,17,9,4,0,8,2682,15861,14725,604,168,35,10,7,9,3020,18569,10215,1560,548,88,15,3,9,2179,14606,4866,1492,967,205,36,11,12,1369,8956,2851,1006,1072,247,60,16,16,1068,6333,2111,868,1021,308,67,21,20,990,5408,1521,801,977,362,99,33,26,858,4673,1239,743,942,422,128,44,24,774,4311,867,672,920,401,149,42,26,643,3726,577,486,864,413,140,57,35,558,3137,361,266,578,292,121,41,32,353,2054,200,183,397,253,123,44,31,253,1481,126,140,220,150,89,51,50,184,1004,107,94,199,128,87,34,48,206,915,56850,9057,8890,3319,1125,413,340,16005,95997
CED143,3281,3,0,0,0,0,0,405,3691,3068,39,11,5,0,0,0,314,3449,4178,304,106,19,0,0,0,478,5081,3684,1185,653,125,19,3,3,471,6137,2009,1240,1779,558,93,15,0,397,6091,1344,940,2436,951,201,16,9,357,6261,1156,855,2202,1102,213,35,12,300,5873,1024,721,1934,890,201,37,9,267,5075,871,599,1524,794,206,37,18,250,4298,655,475,1285,721,212,39,16,212,3620,586,417,1243,676,231,49,23,200,3436,401,295,1059,651,224,49,18,182,2874,255,182,674,506,220,66,30,155,2080,192,123,388,343,186,75,56,130,1497,258,196,516,453,254,75,78,361,2192,22964,7581,15816,7786,2262,495,278,4483,61656
CED144,4438,25,5,0,0,0,10,790,5270,4936,423,159,33,4,0,0,712,6268,4288,1172,724,279,67,18,9,676,7226,2450,1592,1492,730,255,87,30,535,7163,1278,1044,1759,913,432,160,77,393,6063,1003,885,1771,961,461,185,122,385,5774,839,981,1742,963,454,188,137,324,5644,847,946,1695,887,427,197,137,361,5495,689,847,1405,792,407,213,172,322,4842,586,688,1191,732,372,148,148,262,4123,446,418,989,597,324,136,130,240,3269,308,245,784,485,250,134,136,199,2532,211,195,667,450,235,121,133,195,2199,170,168,471,355,198,111,174,182,1840,221,212,474,324,228,134,221,239,2056,22708,9832,15329,8496,4112,1833,1635,5818,69767
CED145,2539,3,0,0,0,0,0,365,2909,3641,29,8,0,0,0,3,568,4253,6594,217,65,13,8,0,0,1129,8025,5565,1079,563,90,17,6,4,1030,8365,2705,1225,1425,420,57,6,4,680,6533,1611,906,1681,713,137,23,10,533,5611,1239,781,1579,746,144,15,16,511,5023,1073,643,1380,631,148,19,21,362,4278,868,656,1223,576,136,24,13,382,3885,750,499,1098,530,127,30,27,344,3413,690,480,1177,613,168,36,12,354,3526,445,334,942,511,143,37,18,298,2728,332,234,573,442,168,50,27,295,2122,221,151,410,326,127,50,42,242,1577,328,305,678,374,186,59,58,488,2474,28596,7557,12807,5979,1567,351,254,7595,64706
CED146,5401,42,7,3,0,0,3,894,6340,4899,396,175,53,11,3,3,597,6140,3166,950,773,312,87,15,9,454,5770,1681,1309,1817,786,309,82,51,418,6465,860,836,2181,1172,520,203,119,399,6282,603,702,2347,1414,582,214,143,346,6346,578,686,2122,1322,532,211,142,380,5968,481,646,2055,1244,574,235,146,343,5732,435,522,1722,1171,536,219,158,315,5076,307,373,1290,910,520,189,154,268,4012,201,270,973,722,378,175,137,267,3124,115,157,531,509,289,139,133,170,2045,89,91,401,369,258,135,173,186,1701,49,79,218,218,139,89,172,161,1127,42,80,180,184,123,77,175,287,1150,18900,7124,16815,10390,4855,1980,1726,5491,67279
CED147,4417,68,11,0,0,3,0,486,4985,3191,405,199,35,9,0,0,316,4145,2115,829,666,225,53,7,4,217,4125,1074,923,1342,581,168,55,22,203,4363,619,667,1681,839,315,103,57,226,4500,495,568,1992,1110,366,110,79,230,4945,554,595,1974,1120,422,139,76,261,5140,554,548,2013,1244,438,126,64,246,5232,542,516,1870,1257,486,139,68,258,5137,471,419,1713,1230,470,128,58,247,4749,420,408,1675,1173,439,121,64,281,4578,321,315,1307,1039,441,144,82,266,3923,227,180,849,810,444,189,119,254,3082,139,134,522,541,318,148,118,240,2159,135,145,527,461,255,146,142,438,2252,15280,6716,18340,11662,4622,1570,951,4185,63321
CED197,32,0,0,0,0,0,0,4,38,54,7,0,0,0,0,0,6,61,40,7,3,0,0,0,0,7,58,30,13,21,11,0,0,0,6,79,15,7,30,7,3,0,0,9,71,6,11,45,19,11,3,0,3,96,8,6,46,16,9,3,0,11,97,17,24,47,30,13,0,0,11,141,13,15,65,32,14,3,5,11,156,32,24,85,54,21,9,0,21,245,15,20,89,52,25,4,3,20,222,10,15,78,52,25,10,8,21,205,8,4,27,37,15,12,4,12,127,3,0,14,13,7,3,0,8,48,3,0,7,3,6,3,0,3,37,282,149,534,330,148,56,30,148,1677
CED201,3955,21,3,3,0,0,0,375,4356,3980,150,45,8,0,0,0,275,4461,3168,556,283,86,15,0,0,243,4357,1859,1208,1097,248,55,18,8,204,4696,874,917,1810,600,154,29,14,189,4593,673,772,2005,826,232,56,30,171,4766,581,749,2228,1003,285,59,29,200,5137,513,677,2149,1088,340,70,32,171,5042,420,596,1972,1132,347,73,33,145,4724,335,495,1758,1004,326,81,45,172,4219,259,344,1435,886,319,87,49,141,3514,161,205,949,611,295,79,48,131,2484,114,119,615,488,279,112,73,127,1929,63,115,346,355,201,98,77,119,1367,133,187,422,355,210,104,96,209,1715,17086,7108,17108,8698,3057,873,539,2870,57345
CED202,4177,51,13,0,0,4,0,566,4809,4057,330,177,28,7,0,4,457,5061,2652,789,586,211,52,8,10,323,4644,1397,918,1319,519,155,37,22,306,4674,902,710,1583,903,292,76,45,283,4787,788,627,1811,1075,391,116,64,310,5189,763,633,1904,1159,399,134,96,337,5436,754,562,1814,1172,475,140,90,331,5337,735,507,1668,1275,461,138,69,351,5206,581,439,1598,1188,498,135,71,324,4831,442,339,1475,1068,516,181,98,340,4459,285,216,928,806,463,171,130,265,3264,205,120,518,572,370,187,167,258,2395,136,88,326,352,298,170,205,216,1796,181,152,410,439,303,175,217,341,2218,18062,6485,16123,10773,4681,1668,1312,4996,64107
CED203,3316,16,3,0,0,0,3,517,3844,5532,156,52,11,0,0,3,682,6434,6131,644,278,63,18,4,5,759,7900,4610,1470,833,194,46,19,10,686,7859,2563,1339,1645,457,109,29,24,460,6618,1716,997,2010,723,151,47,30,381,6049,1548,864,2019,770,205,42,43,409,5901,1305,732,1644,666,170,51,43,329,4945,1010,618,1385,715,222,65,40,296,4349,687,483,1141,673,248,70,44,270,3610,436,349,1038,720,244,75,58,252,3180,267,216,848,637,246,96,78,231,2614,183,192,842,633,292,87,96,208,2527,132,155,611,503,248,115,125,217,2097,175,212,573,478,275,140,152,400,2407,29594,8442,14923,7243,2481,836,740,6073,70342
CED204,3927,42,9,3,0,0,0,580,4570,3662,392,163,43,10,6,3,397,4670,2411,742,551,195,55,14,7,340,4308,1279,869,1153,513,137,38,28,315,4334,786,676,1477,810,245,88,46,288,4409,682,653,1679,1029,352,101,67,316,4882,740,649,1726,1052,413,104,77,322,5080,750,584,1742,1151,463,137,91,348,5274,696,542,1676,1238,538,140,101,362,5302,581,422,1640,1184,498,148,80,368,4909,472,364,1524,1161,499,161,69,325,4574,327,203,902,873,429,153,111,297,3295,219,147,551,610,405,180,168,274,2552,133,103,328,397,307,148,182,251,1852,174,160,430,451,289,162,208,500,2384,16845,6542,15553,10703,4643,1578,1235,5281,62392
CED205,3950,24,3,0,3,0,0,632,4614,4464,266,85,24,4,0,0,521,5361,3743,953,422,96,27,12,3,485,5729,2053,1621,1329,292,80,31,13,417,5839,943,1074,1844,624,161,64,44,289,5043,764,978,2034,739,222,72,49,285,5144,681,938,2034,794,237,73,80,262,5104,593,785,1915,826,249,74,57,260,4758,506,729,1844,868,262,88,44,269,4615,421,671,1619,833,281,93,62,229,4214,314,462,1593,891,322,101,69,236,3981,226,294,1300,798,318,94,78,177,3291,151,242,851,704,341,132,119,204,2742,112,176,558,502,260,114,137,198,2062,156,201,533,470,282,165,174,406,2396,19080,9412,17968,8466,3044,1111,927,4879,64884
CED206,5138,31,5,3,0,0,0,890,6069,4825,412,159,32,3,0,0,618,6043,3486,920,681,257,90,12,3,527,5985,1706,1185,1310,593,267,75,38,419,5598,897,780,1752,878,373,168,80,366,5290,708,634,1987,1148,458,183,135,331,5584,645,588,2261,1356,536,211,166,377,6136,544,622,2099,1379,544,179,171,351,5888,423,462,1923,1238,473,172,179,351,5214,290,374,1534,1040,383,170,163,273,4221,216,256,1301,955,402,154,158,300,3745,136,154,761,610,313,120,142,192,2427,79,124,469,390,277,108,160,176,1783,48,90,309,287,173,88,159,153,1298,69,91,223,228,152,95,128,190,1183,19210,6722,16777,10391,4439,1730,1685,5504,66463
CED207,3987,20,3,0,0,0,0,468,4486,3488,250,90,13,3,0,0,281,4122,2735,740,488,129,21,3,3,258,4382,1576,1057,1325,468,124,18,10,232,4811,821,693,1636,745,225,46,29,183,4375,669,704,1947,1040,328,91,54,237,5062,670,591,2037,1170,322,81,53,251,5179,596,553,1945,1203,420,110,50,227,5095,491,476,1754,1200,434,108,49,215,4729,377,383,1602,1097,421,120,55,202,4262,290,333,1462,1038,388,120,63,198,3889,187,189,955,804,332,106,63,159,2777,126,116,509,520,312,98,75,156,1911,79,87,329,339,223,101,86,119,1356,78,136,347,302,204,92,125,225,1514,16167,6322,16422,10063,3751,1088,722,3412,57949
CED208,5264,20,0,0,0,0,0,604,5889,8038,110,22,6,0,0,5,785,8968,5504,703,156,28,3,3,0,607,7002,2804,1608,946,145,30,6,7,398,5942,1210,1242,1854,467,72,13,14,250,5129,957,1057,2230,738,121,33,19,245,5402,877,1060,2328,872,187,38,21,249,5627,760,988,1896,765,191,50,27,235,4904,689,847,1700,714,222,57,27,225,4468,558,790,1414,685,209,49,30,205,3934,460,485,1294,725,257,51,32,193,3504,304,299,1088,719,277,83,32,191,2995,243,215,953,709,350,103,84,208,2873,170,197,732,556,313,130,124,200,2427,289,258,704,563,351,152,172,440,2928,28139,9877,17321,7688,2578,775,588,5027,71993
CED209,3937,14,0,0,0,0,0,517,4472,3545,194,67,16,3,0,0,348,4170,2678,586,365,127,20,5,0,260,4043,1606,1002,1287,445,121,21,15,239,4749,812,720,1775,908,240,50,30,217,4752,661,651,2124,1170,334,86,42,262,5329,646,632,2077,1132,361,98,38,241,5222,667,536,1817,1127,436,96,61,251,4988,628,454,1702,1304,488,105,50,261,4990,496,412,1664,1221,484,106,45,272,4707,381,312,1602,1182,435,133,62,237,4341,275,203,1024,875,391,136,84,214,3201,168,103,590,616,398,153,134,156,2326,108,117,430,478,312,151,140,170,1913,194,196,587,539,372,173,191,291,2539,16799,6131,17115,11151,4394,1313,891,3936,61731
CED210,3953,41,8,0,0,0,0,514,4524,3801,404,152,32,12,0,0,433,4840,2948,803,553,174,55,13,3,371,4917,1672,1043,1129,447,134,53,22,289,4796,960,728,1426,730,231,54,44,213,4391,800,686,1701,944,310,115,74,256,4886,752,626,1760,980,399,101,75,324,5013,709,574,1787,1148,428,116,82,322,5172,678,520,1748,1186,434,120,70,318,5083,520,427,1672,1157,427,105,53,309,4665,410,334,1569,1059,441,155,80,326,4376,261,236,1031,873,417,144,98,243,3309,167,162,682,653,403,181,165,274,2694,123,125,471,473,308,140,149,251,2040,162,198,515,484,342,165,159,427,2440,17908,6913,16209,10352,4332,1464,1085,4890,63146
CED211,3735,20,4,0,0,0,0,372,4122,3560,129,36,5,0,0,0,264,4001,3457,621,223,65,14,3,0,318,4701,2390,1549,1084,230,63,9,7,272,5596,1238,1115,2006,648,120,30,6,229,5395,1014,921,2177,898,193,63,19,200,5487,875,816,2102,958,227,48,35,184,5247,797,686,1821,880,244,51,28,187,4698,695,648,1524,849,281,60,39,164,4258,560,561,1439,868,323,69,27,147,3996,373,418,1559,873,309,72,38,155,3802,267,264,1212,818,351,90,58,161,3222,198,187,796,696,344,118,90,162,2591,130,144,572,525,314,116,129,197,2125,187,231,719,629,336,159,131,398,2797,19486,8319,17273,8929,3129,881,600,3407,62034
CED212,3801,38,5,0,0,0,0,446,4293,3398,289,94,23,3,3,4,388,4195,2679,697,407,97,34,4,3,326,4245,1601,1071,1113,364,91,24,14,300,4594,951,819,1663,694,194,50,21,265,4659,804,781,2010,917,257,68,55,290,5176,779,715,2140,1052,323,84,56,316,5459,727,634,1836,1058,362,89,39,277,5028,587,567,1837,1127,352,91,42,268,4875,499,516,1702,972,377,79,54,257,4456,392,392,1692,1039,381,102,48,285,4329,290,296,1244,895,374,125,65,242,3538,190,204,799,687,343,143,81,214,2665,162,160,481,475,306,127,91,210,2015,142,203,604,521,310,143,113,303,2335,17014,7390,17619,9924,3708,1131,669,4405,61865
CED213,3524,34,4,0,0,0,0,487,4054,2754,322,109,22,5,0,0,290,3503,2009,743,450,134,45,9,3,261,3646,1177,836,1186,458,95,25,6,248,4043,711,624,1498,732,216,45,30,254,4105,686,715,1878,993,326,66,37,296,5006,768,733,2083,1115,385,91,51,303,5516,666,582,1895,1149,448,96,52,315,5204,733,516,1978,1251,461,121,62,327,5462,637,496,2008,1259,460,115,58,326,5362,533,465,2117,1298,485,141,59,398,5508,329,293,1482,1211,520,132,89,269,4319,221,202,819,827,457,186,87,271,3067,164,127,508,554,348,133,126,248,2206,181,225,620,555,332,152,113,443,2617,15094,6919,18623,11571,4586,1318,770,4730,63616
CED214,3315,23,8,0,0,0,0,491,3834,4393,245,64,21,3,0,4,586,5313,5163,860,349,107,25,8,9,674,7189,3766,1687,1068,285,70,38,9,583,7508,1982,1425,2035,634,126,47,30,419,6702,1544,997,2168,798,223,78,65,429,6302,1434,892,1955,779,205,59,68,361,5757,1147,698,1705,803,208,58,56,331,5009,895,641,1527,828,294,91,72,301,4657,616,475,1280,773,255,91,92,273,3857,389,336,1136,774,290,97,78,236,3325,212,201,885,614,291,92,82,227,2599,129,172,622,538,314,112,125,209,2218,107,117,537,433,235,120,140,238,1933,156,214,565,443,233,110,160,336,2217,25249,8978,15908,7836,2777,1006,997,5682,68425
CED215,3262,51,5,0,0,0,0,587,3911,2625,371,175,40,6,0,0,385,3606,1935,753,588,224,56,16,0,332,3900,1015,742,1159,572,190,53,28,325,4084,592,522,1233,736,277,90,67,258,3771,536,458,1402,903,338,94,66,337,4133,545,473,1532,1100,396,106,79,331,4564,585,433,1723,1193,453,151,88,386,5016,582,479,1759,1359,549,150,94,410,5375,503,407,1734,1267,533,165,100,421,5121,399,349,1591,1162,545,157,77,376,4643,222,238,1061,896,492,179,130,333,3556,181,136,588,727,441,196,186,305,2771,106,101,369,429,319,163,162,289,1938,144,127,435,400,345,167,192,402,2208,13229,5654,15359,11008,4927,1683,1268,5485,58608
CED216,3950,3,3,0,0,0,0,440,4393,3536,48,9,0,0,0,0,319,3913,2946,282,72,13,7,0,0,267,3581,2056,1025,670,93,16,0,4,270,4137,1053,856,1754,486,68,9,0,194,4427,936,923,2460,1055,187,20,11,275,5860,916,921,2862,1217,236,31,12,268,6473,844,881,2323,1066,204,31,6,264,5620,816,755,2033,954,249,46,16,244,5107,674,598,1667,784,212,53,16,200,4202,543,522,1587,768,225,65,13,179,3897,375,292,1166,703,213,61,20,180,3020,226,210,768,563,224,77,59,138,2261,197,165,564,471,232,67,66,113,1878,329,372,914,755,369,120,130,309,3306,19396,7850,18864,8925,2426,583,364,3669,62072
CED217,5295,38,3,0,3,0,0,846,6194,4825,488,200,33,3,0,0,731,6281,3835,1424,927,303,82,18,8,632,7234,2285,2073,2377,809,242,78,43,564,8473,1224,1393,3164,1322,403,130,120,522,8285,926,1088,2998,1453,518,153,134,476,7746,733,863,2551,1392,478,165,126,416,6723,544,644,2051,1304,413,155,100,385,5598,387,485,1924,1195,521,144,104,325,5087,282,438,1686,1207,460,171,81,327,4647,197,302,1238,919,448,133,103,293,3650,98,171,675,552,236,113,106,176,2142,58,105,344,307,219,92,111,115,1350,49,53,210,205,135,69,98,96,925,40,69,182,184,114,66,139,72,863,20798,9627,20537,11191,4286,1490,1284,5992,75203
CED218,3344,3,0,0,0,0,0,440,3787,6511,52,11,3,0,0,0,709,7284,7714,400,79,16,3,0,0,874,9086,4990,1314,583,72,15,5,0,675,7650,2328,963,1415,399,57,0,8,396,5563,1425,769,1711,758,133,23,4,320,5148,1150,819,1850,839,173,27,9,284,5144,949,676,1729,766,188,28,16,264,4614,880,649,1446,730,202,45,19,273,4246,747,512,1314,692,222,37,20,247,3793,582,448,1322,665,207,36,14,227,3497,392,297,1017,557,185,51,25,171,2710,266,224,733,533,205,64,41,188,2249,206,173,469,394,183,66,55,165,1700,259,232,601,447,239,94,91,271,2235,31739,7528,14266,6878,2015,480,303,5503,68713
CED219,5454,68,8,0,0,0,0,827,6357,5148,632,231,62,8,3,0,664,6758,3981,1734,1005,323,81,23,14,535,7691,2249,2389,2596,891,285,87,46,526,9052,1110,1366,2933,1231,408,167,114,410,7733,835,1008,2537,1220,508,202,185,374,6876,697,860,2381,1234,510,220,171,373,6455,574,754,2211,1284,495,185,148,353,6005,468,637,2008,1241,491,177,132,352,5507,328,509,1657,1010,381,136,79,256,4360,227,317,1275,859,385,110,99,249,3523,136,208,740,544,295,112,94,163,2292,67,139,456,384,287,114,143,141,1726,61,106,298,266,169,114,139,135,1284,77,131,276,248,184,102,137,183,1348,21413,10854,20613,10803,4493,1749,1506,5533,76965
CED220,3706,13,0,3,0,0,0,485,4201,4203,159,49,12,0,0,3,415,4842,3701,755,281,62,8,3,0,424,5230,2320,1567,1169,224,52,16,14,309,5663,1145,1160,1952,609,150,38,15,252,5323,926,938,2282,827,203,40,30,251,5494,908,944,2315,860,199,71,29,264,5584,739,791,1893,791,233,44,37,225,4754,669,716,1684,853,246,64,43,205,4474,562,564,1481,750,279,79,56,204,3970,376,451,1462,799,267,91,66,216,3731,208,266,1102,654,267,94,81,170,2851,181,174,791,567,255,115,120,201,2402,154,195,648,480,235,107,131,188,2142,175,224,603,509,301,158,204,334,2517,19962,8919,17720,7991,2705,918,821,4141,63179
CED221,3519,43,12,3,0,0,0,610,4183,2764,290,140,35,0,0,0,431,3669,2052,661,516,168,54,18,7,362,3827,1152,788,1108,472,132,34,14,352,4053,701,548,1457,806,256,78,52,369,4255,679,515,1686,1020,330,91,64,407,4803,655,552,1747,1139,404,128,81,400,5109,701,497,1810,1222,442,131,73,407,5277,709,532,1847,1338,534,174,79,407,5618,561,450,1657,1283,518,139,82,400,5078,462,355,1538,1209,499,153,86,370,4664,325,211,996,898,453,128,130,290,3429,213,117,565,586,434,200,156,239,2513,120,100,317,435,281,165,153,226,1801,145,127,458,449,352,196,193,388,2318,14755,5806,15845,11058,4703,1623,1157,5644,60597
CED222,4019,24,7,0,0,0,0,490,4538,3850,251,91,7,0,0,0,383,4590,3496,827,429,98,25,12,3,405,5296,2336,1448,1297,414,82,33,16,323,5947,1289,1165,2119,810,186,49,35,299,5949,1014,966,2436,1000,271,101,48,311,6149,905,988,2293,1016,271,81,49,280,5883,792,808,2013,1027,300,70,45,278,5334,588,660,1715,951,345,83,56,260,4653,482,580,1557,899,306,95,53,228,4202,350,420,1433,818,314,110,51,231,3718,240,242,983,657,289,90,68,186,2758,156,197,603,475,318,100,86,191,2134,106,121,414,364,235,123,120,176,1677,153,182,505,413,255,117,165,351,2148,19786,8896,17899,8941,3190,1065,804,4394,64974
CED223,3630,14,5,0,0,0,0,392,4038,3702,98,28,3,0,0,0,310,4149,3205,475,142,40,10,3,0,272,4154,2061,1186,820,201,38,16,5,253,4586,1119,985,1877,614,98,23,18,215,4948,859,771,2204,958,205,42,23,198,5260,786,716,2227,977,233,49,37,219,5247,747,655,2076,960,262,54,41,216,5010,651,579,1935,1031,322,64,41,215,4847,524,477,1700,988,314,88,37,197,4320,371,336,1485,950,345,62,51,190,3787,232,215,1026,720,264,98,58,160,2770,171,143,612,569,305,82,96,163,2139,122,113,424,431,220,98,96,172,1680,130,188,524,453,248,137,129,346,2149,18313,6947,17095,8897,2863,816,634,3518,59072
CED224,4698,3,0,0,0,0,0,460,5164,5294,42,8,4,0,0,0,462,5813,4724,310,97,11,3,0,0,424,5571,2719,946,531,96,13,4,0,296,4605,1396,846,1428,441,79,14,3,239,4449,807,823,2023,899,168,16,7,214,4969,775,822,2429,1108,210,44,12,236,5643,732,770,2095,1073,250,42,12,243,5212,684,675,1726,934,242,48,13,213,4531,615,558,1473,789,233,49,17,171,3905,514,430,1352,788,233,64,19,168,3568,394,234,981,657,229,67,37,170,2775,312,148,658,546,214,93,64,117,2137,239,119,465,426,273,94,65,145,1830,415,265,721,548,345,128,131,260,2808,24313,6992,15998,8323,2499,655,378,3821,62981
CED225,4931,17,0,0,0,0,0,533,5475,4087,247,61,19,0,0,0,350,4759,2745,739,439,102,22,5,4,288,4342,1542,1303,1448,412,113,36,14,251,5121,897,986,2263,935,254,61,23,217,5637,769,859,2744,1290,352,100,70,260,6442,688,804,2626,1382,410,104,55,273,6347,632,651,2208,1287,385,100,61,213,5533,514,541,1844,1182,417,89,47,223,4858,397,431,1549,970,355,111,58,169,4028,241,287,1328,790,311,97,36,156,3245,152,189,801,598,268,99,58,126,2288,100,117,487,401,218,90,65,115,1602,69,82,239,273,209,80,69,99,1128,92,109,284,245,188,91,93,195,1295,17858,7357,18327,9885,3502,1056,663,3460,62105
CED226,5649,45,7,0,0,0,0,858,6561,5410,533,236,43,16,0,0,705,6940,5127,2286,1109,354,111,29,24,758,9791,3255,3979,3448,940,287,82,63,779,12837,1669,2249,3847,1256,457,166,159,529,10338,1136,1355,3032,1429,508,176,185,445,8272,975,1060,2647,1345,524,175,163,393,7274,669,830,2357,1300,454,138,130,366,6240,473,690,2031,1256,464,151,122,347,5535,366,613,1552,975,381,153,87,254,4384,224,358,1276,873,351,129,92,264,3559,137,167,723,561,278,107,72,159,2213,73,109,402,394,219,105,109,130,1544,54,69,266,229,159,89,117,111,1095,43,94,211,198,139,84,102,162,1026,25264,14433,23138,11151,4356,1592,1423,6248,87619
CED227,3362,52,7,3,0,0,0,583,4002,2530,415,178,38,9,0,6,369,3549,1946,702,564,235,61,14,17,343,3877,949,725,981,527,188,65,25,311,3769,534,448,1102,785,298,85,63,254,3570,499,390,1299,981,385,131,87,271,4047,480,428,1477,1122,463,123,108,344,4548,527,359,1518,1261,475,159,98,373,4767,482,338,1577,1298,581,178,95,441,4997,436,292,1364,1259,555,164,73,420,4566,332,265,1215,1154,554,187,109,400,4216,221,168,811,841,543,217,134,347,3279,172,117,511,687,544,245,202,337,2826,127,97,349,451,434,245,211,312,2228,186,151,449,536,454,227,263,522,2789,12778,4933,13423,11182,5547,2037,1501,5622,57026
CED228,4071,9,3,0,0,0,3,657,4742,5156,216,75,15,4,0,0,620,6083,4970,893,343,87,18,10,5,681,7005,3083,1582,1125,277,74,21,13,533,6721,1545,1128,1826,600,155,34,35,401,5714,1111,863,2147,979,254,62,54,333,5798,1020,805,2205,993,246,77,66,346,5761,829,699,1905,1003,313,68,40,312,5178,722,601,1819,1037,381,105,63,304,5030,552,533,1571,936,350,91,69,323,4430,386,361,1356,947,358,109,87,294,3898,218,217,1007,782,335,139,104,252,3053,172,211,754,631,327,159,167,226,2650,128,149,567,457,289,130,182,261,2164,148,224,501,448,250,132,256,417,2370,24106,8496,17208,9193,3364,1133,1137,5966,70600
CED229,5682,29,3,3,0,0,3,839,6561,4927,474,195,42,3,0,3,510,6151,3975,1587,1040,281,58,11,9,502,7463,2350,2234,2636,855,202,45,31,475,8829,1260,1324,3151,1415,403,84,70,434,8142,962,1015,3088,1645,533,142,75,421,7887,823,877,2953,1631,581,154,94,433,7548,700,726,2516,1545,543,151,100,390,6655,594,549,2092,1472,557,138,88,329,5818,392,445,1798,1270,519,143,81,288,4950,259,326,1502,1107,467,136,84,273,4159,149,217,915,692,365,145,102,235,2825,93,118,418,432,284,120,114,155,1727,63,73,293,277,223,101,110,141,1283,63,97,296,293,186,103,107,173,1328,22299,10090,22885,12978,4923,1483,1075,5600,81325
CED230,4114,70,7,6,3,0,0,582,4776,3406,523,208,52,7,6,0,429,4630,2603,1012,827,287,66,9,11,351,5158,1365,1138,1614,743,233,57,39,306,5499,733,731,1665,974,353,112,67,317,4959,685,612,1779,1116,438,144,110,299,5185,712,589,1897,1253,519,162,101,372,5607,624,573,1723,1263,526,158,115,374,5357,629,460,1696,1347,632,186,102,376,5433,544,378,1680,1338,562,167,92,362,5120,436,327,1633,1286,607,192,112,396,4981,253,245,1073,1047,536,188,123,298,3766,171,144,581,731,471,211,171,265,2743,109,101,358,476,393,180,175,232,2016,158,171,439,493,403,213,235,302,2408,16531,7070,17178,12405,5757,1976,1449,5259,67634
CED231,6512,21,0,0,0,0,0,1147,7681,16619,154,49,14,3,0,5,2542,19392,15891,675,204,59,22,8,6,2631,19497,9764,1725,651,157,64,24,21,1886,14293,4225,1382,1289,297,111,32,41,1240,8616,2326,978,1393,453,102,51,39,968,6312,1893,897,1359,531,147,41,38,966,5878,1367,750,1288,552,165,55,30,935,5140,1188,670,1227,639,202,65,47,896,4921,917,554,1079,584,219,49,43,692,4142,604,393,1000,537,205,79,44,560,3430,367,214,626,374,180,60,62,378,2267,212,127,441,306,159,65,90,280,1666,137,108,308,224,118,70,80,223,1268,178,137,259,188,138,91,149,320,1454,62213,8774,11178,4912,1845,685,691,15670,105963
CED232,2679,12,0,0,0,0,0,467,3164,5950,97,22,8,0,0,6,974,7062,8948,457,119,38,34,5,3,1451,11064,7131,1342,527,120,54,23,20,1368,10581,3697,1189,1105,308,79,23,46,845,7284,2377,930,1323,498,118,28,46,706,6022,1938,856,1425,546,118,32,57,687,5663,1438,768,1290,519,139,47,43,596,4842,1175,668,1277,638,172,41,47,562,4575,823,511,1220,582,184,41,37,446,3841,605,440,1196,592,177,59,42,386,3498,288,267,737,428,167,41,24,258,2208,185,206,529,347,143,50,30,211,1703,102,129,359,242,120,43,42,166,1202,201,284,523,321,128,60,43,330,1883,37537,8153,11665,5192,1622,491,487,9444,74592
CED233,3950,3,0,0,0,0,0,391,4351,3711,67,18,3,0,0,0,316,4114,2894,382,158,35,3,0,0,246,3720,1646,965,812,168,29,3,0,176,3804,814,841,1604,523,79,16,9,170,4065,660,838,1948,847,157,29,11,161,4646,654,807,2354,1018,229,42,19,171,5296,596,810,2252,1101,237,45,22,196,5267,429,753,1980,1081,276,59,20,201,4808,399,616,1618,968,297,52,32,158,4147,305,408,1570,1030,313,69,31,157,3880,203,241,1332,945,329,81,47,168,3343,183,206,960,747,365,118,65,154,2789,129,158,605,529,287,87,74,181,2048,157,216,642,522,309,117,115,369,2445,16736,7290,17868,9524,2906,733,443,3217,58726
CED234,3584,60,6,0,0,0,0,622,4272,2459,425,198,38,7,3,0,345,3473,1903,692,611,212,73,8,5,333,3849,954,711,1070,528,196,62,35,323,3872,566,509,1212,779,336,121,63,274,3877,514,480,1383,1017,391,125,115,306,4331,501,401,1579,1167,488,143,105,351,4735,545,435,1618,1291,528,150,118,377,5066,505,389,1531,1296,592,167,100,375,4946,390,345,1551,1283,620,182,105,407,4891,345,263,1374,1152,605,174,110,391,4416,216,193,893,928,542,206,135,367,3475,156,116,513,687,490,250,218,300,2733,116,89,363,482,435,211,241,295,2235,157,142,450,502,395,198,239,433,2522,12917,5245,14352,11370,5701,2000,1595,5506,58690
CED235,4435,13,0,0,0,0,0,578,5028,4911,309,96,18,3,0,3,535,5876,3915,1175,596,158,36,5,4,506,6392,2167,1897,1682,520,126,34,24,432,6878,1038,1083,2174,877,265,49,43,292,5837,843,823,2299,1031,299,121,54,261,5734,687,649,2435,1133,361,110,66,260,5697,557,633,2433,1246,369,93,65,280,5678,389,518,2150,1283,408,118,79,263,5204,296,388,1734,1212,384,92,70,252,4435,225,293,1543,951,365,101,81,246,3809,111,186,988,737,319,120,73,153,2692,90,126,674,566,274,120,114,166,2126,64,96,489,395,218,103,113,157,1650,83,126,352,323,177,109,120,169,1458,19804,8327,19651,10448,3600,1176,913,4556,68486
CED236,3243,37,6,0,0,0,3,487,3778,2341,312,159,41,11,0,5,276,3138,1626,560,476,186,47,15,7,262,3183,867,674,891,470,176,30,30,221,3359,541,461,1074,717,265,74,49,224,3410,530,371,1254,959,377,120,62,257,3930,587,451,1525,1031,432,125,78,305,4542,626,399,1526,1207,519,155,79,296,4808,558,408,1550,1244,555,171,92,334,4910,483,384,1483,1173,573,157,79,353,4682,391,289,1261,1137,529,205,87,343,4251,269,183,839,853,470,243,145,310,3312,195,119,494,607,443,214,226,287,2587,122,104,308,390,380,194,227,246,1970,185,162,455,465,344,199,281,376,2467,12560,4910,13301,10478,5122,1892,1457,4588,54309
CED237,3130,13,4,0,0,0,0,491,3635,5785,205,72,12,3,0,3,664,6739,7161,731,286,98,27,3,3,796,9115,5179,1618,949,304,103,33,22,640,8843,2634,1387,1882,549,163,53,31,466,7171,1723,938,1949,743,200,64,58,350,6026,1362,792,1878,703,247,65,51,339,5433,1197,672,1582,682,198,66,61,301,4767,987,544,1360,694,257,71,64,283,4264,639,437,1084,615,272,84,67,239,3433,433,305,986,635,285,81,78,200,3005,229,194,816,578,253,99,75,175,2418,166,157,876,693,325,134,121,223,2690,149,172,699,575,295,126,137,229,2380,205,237,730,571,291,143,186,294,2662,30986,8405,15158,7462,2908,1004,953,5702,72582
CED297,0,0,0,0,0,0,0,0,0,6,0,0,0,0,0,0,0,4,5,0,0,0,0,0,0,0,10,0,0,0,0,0,0,0,0,4,0,0,0,0,0,0,0,0,3,0,0,0,3,0,0,0,0,3,0,0,0,0,0,0,0,0,0,0,0,0,3,0,0,0,0,4,0,0,0,0,0,0,0,0,0,0,0,0,3,0,0,0,0,4,0,0,0,0,0,0,0,0,0,3,0,0,0,0,0,0,0,3,0,0,0,0,0,0,0,0,3,0,0,0,0,0,0,0,0,0,0,0,0,0,0,0,0,0,3,17,0,10,6,6,0,0,3,38
CED301,4282,117,16,0,0,0,3,575,4993,3541,748,422,107,18,9,3,477,5328,2418,1101,1056,445,159,47,25,426,5667,1411,1065,1609,778,338,106,77,407,5791,802,742,1485,873,417,161,138,295,4919,714,661,1630,1000,433,186,186,322,5126,693,608,1623,1022,448,172,167,347,5086,578,527,1608,1090,486,182,152,328,4948,477,472,1448,1161,505,157,139,307,4660,369,342,1251,970,463,136,140,308,3982,247,272,1105,868,461,162,118,267,3508,190,170,775,650,342,148,123,202,2595,137,105,413,479,333,156,177,167,1969,95,90,249,276,231,100,145,124,1311,92,103,276,278,222,109,149,153,1383,16040,7127,14961,9994,4854,1841,1738,4714,61267
CED302,4395,25,4,0,3,0,0,364,4786,4192,236,67,19,3,0,0,369,4879,3101,692,368,116,19,6,3,323,4629,1981,1290,1258,333,94,25,19,258,5258,1048,1070,2002,764,205,47,20,220,5375,935,865,2355,1010,294,64,48,219,5785,854,906,2201,1022,299,78,51,203,5616,808,690,1963,991,312,80,52,233,5117,615,572,1640,991,348,77,43,212,4497,473,450,1443,902,340,88,48,189,3932,343,353,1302,850,327,103,64,176,3516,278,237,910,723,306,107,53,165,2784,183,153,597,573,282,137,85,163,2173,132,115,369,375,253,144,130,130,1661,162,179,458,437,293,142,170,242,2079,19498,7834,16919,9105,3383,1098,792,3460,62091
CED303,4270,31,6,0,0,0,0,327,4635,3255,351,136,27,8,0,0,207,3972,2071,745,545,163,36,12,5,174,3750,1176,918,1285,446,125,42,20,190,4200,666,714,1650,785,269,68,43,175,4361,631,723,2075,1021,361,88,63,181,5137,588,738,2293,1181,342,107,63,184,5499,627,632,2191,1244,384,132,69,198,5483,572,558,2011,1299,452,116,48,211,5270,514,478,1823,1165,423,111,45,189,4749,436,417,1648,1116,464,109,51,216,4461,279,292,1131,844,387,112,77,206,3333,196,151,623,617,368,151,79,187,2374,106,113,366,414,237,131,111,184,1661,132,144,403,377,257,133,117,472,2038,15504,7007,18193,10690,4120,1317,798,3295,60923
CED304,4172,15,0,0,0,0,0,496,4691,8315,160,35,3,0,0,0,1065,9585,8540,571,151,35,9,4,6,1237,10548,5393,1371,715,158,24,10,6,919,8597,2627,1066,1466,506,117,20,9,613,6422,1769,886,1756,757,194,27,17,535,5936,1432,805,1807,812,212,39,19,489,5623,1111,640,1554,794,209,47,26,472,4850,938,573,1327,705,256,57,35,427,4320,649,464,1058,655,263,55,28,401,3571,491,326,889,622,245,64,39,365,3034,318,174,557,466,209,70,33,276,2095,193,111,324,318,180,80,46,208,1463,126,59,213,206,161,60,77,159,1061,161,110,280,289,190,82,81,386,1586,36239,7338,12128,6337,2263,612,432,8036,73374
CED305,4108,81,15,3,0,0,0,600,4814,3070,540,270,66,10,3,0,520,4484,2248,910,894,325,99,28,10,518,5025,1201,880,1562,767,226,57,41,459,5198,712,575,1532,959,338,126,54,405,4695,589,558,1649,1081,421,131,95,435,4963,515,539,1769,1087,498,158,118,462,5139,530,495,1751,1229,513,172,103,485,5280,454,426,1565,1298,544,182,97,449,5006,368,363,1387,1060,488,164,96,369,4295,304,252,1213,936,518,144,96,325,3783,204,195,764,731,411,162,99,293,2842,160,113,485,516,305,185,155,226,2136,98,81,262,285,284,125,143,211,1491,124,98,233,237,205,125,149,393,1562,14685,6117,15347,10580,4856,1750,1264,6123,60714
CED306,4021,72,14,0,0,0,0,551,4658,3558,467,221,61,14,4,4,582,4908,2739,936,731,240,80,24,14,612,5376,1491,969,1483,717,197,64,32,489,5444,750,709,1749,969,307,83,78,408,5045,685,673,1920,1143,363,144,96,431,5459,669,682,2016,1156,450,121,87,441,5625,617,582,1983,1250,483,167,97,433,5616,576,474,1842,1309,554,170,84,427,5428,418,419,1703,1229,538,180,76,402,4957,315,291,1401,1145,510,178,87,424,4352,213,207,896,832,418,173,125,293,3159,155,123,477,549,374,182,129,224,2210,92,68,265,353,277,158,164,177,1557,97,100,276,308,272,128,192,248,1622,16399,6777,16970,11262,4840,1778,1250,6130,65410
CED307,4325,39,4,0,0,0,0,370,4739,3497,387,152,27,4,0,0,246,4312,2289,775,573,202,46,16,9,227,4134,1459,1085,1421,550,148,38,20,199,4919,892,837,1981,899,260,77,37,184,5170,806,791,2355,1134,339,115,49,208,5804,689,730,2317,1163,375,95,71,198,5639,607,593,1977,1179,345,103,66,183,5053,469,414,1794,1120,412,121,64,172,4565,342,341,1451,1006,400,93,46,159,3836,277,323,1431,962,414,102,56,163,3728,190,189,832,631,329,98,59,114,2446,97,109,404,384,223,106,53,92,1473,84,65,196,208,157,72,77,113,968,62,86,241,233,144,65,80,236,1146,16088,6759,17131,9707,3599,1099,691,2857,57932
CED308,4673,35,0,0,3,0,4,594,5314,4410,472,207,38,0,3,5,545,5680,2931,1025,762,220,46,9,6,489,5491,1735,1284,1506,553,152,55,24,471,5783,1006,1007,2106,846,286,88,47,379,5767,908,964,2365,1060,366,99,57,442,6250,891,985,2336,1088,358,97,61,434,6252,773,835,2121,1061,385,103,62,415,5763,664,715,1900,1153,431,120,68,389,5440,552,612,1883,1045,393,91,45,324,4944,479,541,1881,1120,423,111,66,355,4977,358,393,1298,922,391,120,46,296,3823,209,217,727,646,330,139,74,240,2598,133,136,427,381,244,115,85,207,1720,125,197,447,403,215,113,99,300,1895,19852,9418,19969,10535,4025,1258,750,5881,71695
CED309,3968,27,3,3,0,0,3,429,4429,3248,296,113,19,3,3,0,347,4034,2386,756,473,129,36,3,3,288,4073,1404,999,1317,427,117,26,12,283,4588,830,781,1778,796,257,76,24,253,4800,753,761,2211,1074,338,90,55,271,5553,859,780,2247,1106,388,110,50,303,5835,806,744,2109,1208,467,122,61,321,5827,749,598,2002,1247,430,123,71,323,5550,619,520,1943,1280,491,128,55,322,5353,536,466,2014,1304,447,129,56,325,5271,355,311,1442,1113,433,131,81,315,4171,256,204,804,800,405,185,93,244,2992,159,137,453,512,365,128,124,249,2119,184,168,499,500,333,138,135,428,2390,17098,7555,19403,11504,4505,1386,825,4693,66983
CED310,3864,30,8,0,0,0,0,412,4315,2988,253,121,20,0,0,0,328,3716,2074,601,502,131,29,4,3,266,3604,1220,865,1153,456,137,45,12,262,4153,686,646,1526,678,218,60,38,233,4093,641,662,1990,980,351,87,37,240,4975,665,656,1988,1025,322,93,43,259,5051,725,648,1809,1101,380,87,45,276,5077,652,517,1846,1136,460,116,66,327,5106,578,486,1818,1154,438,104,60,296,4930,488,454,1964,1263,450,129,53,341,5153,365,325,1399,1144,508,166,74,331,4316,269,193,840,817,516,163,124,270,3195,134,135,511,547,366,159,101,247,2199,181,213,532,527,335,188,149,375,2499,15545,6687,18013,10973,4498,1401,801,4459,62376
CED311,3502,96,16,4,3,0,0,640,4256,2776,582,331,87,11,0,4,467,4249,2074,948,969,410,131,29,6,459,5021,1178,965,1566,833,295,98,46,471,5453,624,584,1577,1027,399,124,106,407,4853,567,550,1738,1161,503,172,137,440,5262,524,532,1795,1219,492,184,132,446,5329,512,561,1802,1275,579,207,118,520,5582,436,470,1670,1290,611,151,135,484,5237,336,325,1468,1142,516,181,101,409,4500,245,300,1291,1052,549,206,114,381,4139,178,177,775,775,421,167,112,291,2893,118,87,373,453,335,151,156,213,1883,48,49,180,221,174,95,131,129,1033,63,71,166,192,139,100,137,119,996,13179,6304,15712,11132,5158,1871,1441,5885,60684
CED312,4857,77,13,0,0,0,0,608,5558,3885,719,332,70,20,3,10,426,5473,2574,1279,1074,412,118,35,8,445,5948,1454,1270,1709,772,282,93,69,373,6029,856,872,1998,1047,438,165,115,312,5804,675,788,2114,1166,484,175,137,349,5888,660,724,1963,1140,451,217,120,360,5635,513,586,1733,1080,489,164,124,310,5006,396,454,1690,1174,516,190,111,300,4831,277,385,1499,1014,467,149,82,264,4142,263,332,1429,955,442,157,88,264,3929,160,208,857,699,320,129,109,199,2685,121,129,474,446,304,122,112,136,1848,76,76,268,297,198,106,115,110,1249,80,131,278,295,183,112,113,135,1327,16847,8034,17426,10565,4713,1823,1329,4596,65331
CED313,3796,18,0,0,0,0,0,435,4252,6545,141,53,11,4,0,4,731,7493,6973,619,226,40,12,3,0,831,8715,4779,1539,920,191,40,22,7,664,8166,2373,1184,1691,602,115,25,24,440,6457,1487,995,2035,877,175,55,18,344,5985,1260,831,1856,884,215,51,37,355,5485,1023,684,1571,779,193,68,24,333,4678,841,575,1294,740,270,68,40,279,4107,590,398,1116,654,229,83,36,270,3380,414,298,897,599,235,66,43,207,2749,284,190,583,425,210,75,49,167,1984,170,86,362,320,185,88,68,137,1413,140,81,258,275,178,110,86,141,1267,187,152,419,325,215,98,110,269,1783,30858,7807,13272,6726,2280,810,564,5607,67917
CED314,4418,70,7,0,0,0,0,553,5050,3507,510,247,61,14,6,0,354,4699,2412,870,697,326,89,23,15,347,4777,1239,889,1266,721,234,75,36,312,4766,698,549,1410,893,375,107,91,251,4369,629,548,1581,1060,437,156,139,299,4853,633,560,1707,1119,444,149,132,303,5058,589,444,1546,1126,468,176,106,255,4714,540,452,1564,1196,554,151,76,307,4836,460,357,1327,1103,491,149,94,271,4244,362,283,1254,1028,477,167,93,294,3952,268,202,919,830,461,151,122,285,3236,214,116,522,586,427,186,161,262,2470,153,102,297,415,336,189,189,273,1961,168,120,325,361,328,178,194,607,2281,16287,6072,14666,10834,5132,1864,1461,4958,61287
CED315,4912,100,17,7,0,0,3,635,5675,5038,630,331,89,15,5,8,637,6751,3284,1144,837,335,104,27,12,506,6239,1840,1204,1497,691,257,86,70,463,6104,968,840,1691,880,355,125,106,404,5366,809,748,1867,991,425,148,140,374,5494,761,698,1724,1113,435,155,152,455,5494,626,553,1695,1123,462,121,106,444,5128,556,550,1649,1076,488,146,103,407,4974,394,391,1355,995,435,141,92,407,4204,286,328,1203,847,397,148,88,406,3706,228,186,763,590,318,129,102,301,2610,150,108,414,459,323,151,127,242,1969,80,80,217,296,225,121,95,176,1297,99,91,227,254,184,111,130,230,1325,20030,7648,15486,9734,4414,1614,1317,6091,66330
CED316,3437,92,15,7,4,0,3,462,4018,2204,518,250,65,11,0,0,286,3336,1577,662,675,268,67,22,10,281,3557,877,659,1005,512,202,65,39,253,3608,534,493,1244,711,319,120,85,229,3743,548,488,1352,899,372,155,105,277,4210,587,567,1564,920,392,143,120,321,4618,619,575,1629,1006,459,148,98,318,4865,681,518,1811,1240,501,186,104,387,5420,589,570,2025,1339,547,150,89,439,5758,641,576,2248,1529,616,199,103,481,6388,424,348,1692,1302,632,218,129,470,5217,284,255,966,917,607,248,180,359,3818,179,141,445,573,392,205,176,272,2384,159,204,473,443,325,176,208,343,2330,13339,6658,17400,11725,5459,2047,1452,5173,63267
CED317,3573,138,21,7,0,0,0,749,4489,2644,597,291,66,18,4,4,507,4132,2074,816,746,344,134,33,14,534,4693,1097,817,1209,633,264,96,71,465,4658,659,529,1328,845,378,136,152,423,4461,613,562,1537,1022,466,192,193,473,5049,651,554,1642,1075,483,202,190,525,5324,678,522,1753,1216,526,224,172,534,5630,647,497,1757,1341,648,202,144,577,5811,566,464,1795,1448,605,165,140,579,5769,369,426,1760,1422,626,206,167,575,5554,269,247,1146,1011,565,219,162,503,4119,174,136,541,647,421,198,164,361,2650,99,79,275,358,284,158,156,204,1627,95,87,306,339,244,144,166,231,1621,14220,6465,16102,11794,5661,2188,1905,7244,65588
CED318,4197,126,20,3,3,0,0,940,5283,3708,658,284,85,25,0,3,869,5623,3588,957,726,316,125,52,34,984,6772,2482,1261,1347,547,251,104,92,861,6942,1564,1132,1878,858,344,173,151,739,6835,1327,1053,2115,1044,418,184,213,768,7117,1271,960,2143,1070,431,171,218,736,7008,1251,928,2010,1094,434,178,182,822,6907,1073,719,2050,1187,484,190,188,835,6721,785,608,1899,1178,476,150,167,805,6080,588,486,1663,1117,465,146,118,812,5400,330,288,1097,852,350,125,138,566,3748,170,157,551,499,314,112,101,397,2305,109,107,263,286,182,89,109,243,1394,111,115,282,261,171,93,112,284,1425,22559,9556,18324,10398,4470,1769,1830,10665,79563
CED319,3812,32,3,0,0,0,0,345,4188,4519,267,76,21,9,0,0,449,5343,4290,923,359,90,29,6,4,423,6125,2854,1560,1234,298,84,19,17,359,6422,1490,1116,1862,643,166,52,36,257,5624,1238,934,2106,947,246,66,56,247,5838,1049,848,1962,929,286,81,51,232,5445,944,691,1717,921,320,82,52,232,4961,819,566,1532,906,329,80,64,208,4503,641,483,1287,869,352,100,60,210,4003,483,320,1178,801,336,114,67,209,3513,323,257,898,706,336,120,68,169,2872,253,155,624,603,343,150,105,216,2448,199,117,442,432,298,163,139,235,2034,236,217,472,440,334,169,161,634,2665,23159,8480,15753,8620,3461,1199,892,4423,65982
CED320,4574,94,14,4,0,0,0,489,5185,3457,668,346,61,10,0,9,414,4969,2198,948,945,379,104,37,10,348,4972,1130,891,1439,788,254,87,55,348,4990,682,706,1620,947,395,157,94,265,4865,621,674,1853,1107,470,156,119,296,5297,660,657,1944,1178,538,163,133,299,5561,586,572,1777,1181,530,195,104,277,5217,492,493,1786,1197,531,156,78,304,5032,456,443,1629,1199,542,168,106,349,4894,394,404,1683,1245,519,165,93,314,4825,276,292,1200,983,448,168,105,263,3736,179,144,570,580,392,182,125,214,2385,97,91,313,350,229,119,121,228,1540,82,87,281,267,180,119,129,523,1659,15879,7177,17387,11463,5148,1868,1280,4920,65125
CED321,3237,109,15,5,0,0,0,561,3919,2505,575,273,85,16,4,0,376,3831,1831,699,701,333,123,30,15,368,4096,1016,692,1179,703,274,94,61,337,4348,568,458,1265,898,403,141,111,348,4199,503,494,1386,1044,520,184,143,374,4653,577,419,1514,1186,517,180,136,421,4953,570,463,1650,1195,598,188,140,423,5231,523,402,1662,1397,644,206,125,514,5482,500,431,1575,1360,612,224,132,475,5295,419,356,1540,1246,684,238,162,505,5140,292,229,979,990,601,243,204,404,3939,169,136,544,633,499,215,221,327,2737,117,79,278,354,302,170,209,231,1747,120,104,296,317,280,178,232,365,1892,12944,5648,14853,11753,6074,2293,1889,6027,61463
CED322,4164,22,8,0,0,0,0,468,4666,3835,229,70,11,0,0,0,403,4551,3194,645,388,90,11,3,0,413,4754,1947,1192,1234,355,75,24,15,375,5209,1061,1023,1924,727,178,49,20,333,5324,827,935,2285,935,291,62,31,316,5692,763,907,2199,1042,281,74,49,316,5628,719,792,1970,1001,343,71,38,322,5261,686,683,2030,1135,364,100,45,386,5428,586,570,1828,1061,347,82,39,352,4877,463,493,1836,1076,392,99,47,340,4743,368,318,1303,918,365,105,63,304,3734,235,223,799,705,367,142,72,309,2855,169,169,530,482,281,133,77,277,2120,195,262,623,476,282,128,103,626,2697,19227,8458,19032,10022,3578,1069,603,5540,67532
CED323,3865,50,3,0,0,0,4,616,4535,5450,309,86,14,3,0,4,972,6849,4927,834,427,99,25,8,4,984,7307,2896,1340,1072,328,87,19,17,736,6497,1566,1102,1570,559,182,34,41,705,5762,1069,1011,1820,840,241,69,49,560,5663,1072,1001,1975,863,302,77,44,643,5981,961,863,1896,909,330,81,51,630,5717,868,746,1876,1069,343,93,60,636,5695,687,610,1800,1047,338,100,60,641,5290,610,540,1941,1108,394,92,54,661,5413,468,414,1469,1010,371,124,65,569,4488,312,278,899,805,357,132,95,446,3318,200,186,559,480,265,109,92,354,2244,269,327,605,460,290,144,122,444,2661,25225,9624,18005,9602,3529,1086,748,9611,77426
CED324,4174,16,5,0,0,0,3,421,4618,6178,223,69,7,7,0,3,624,7113,5235,870,390,87,21,7,8,565,7180,2972,1611,1301,332,91,28,27,387,6749,1445,1168,1878,670,172,51,60,291,5727,964,921,1900,849,226,66,79,237,5234,867,769,1852,831,273,85,84,267,5034,696,698,1733,807,250,89,71,228,4565,564,663,1530,876,285,88,73,211,4295,487,510,1238,833,326,99,53,178,3720,339,374,1138,774,306,99,59,177,3268,248,225,785,615,255,84,61,144,2424,162,142,478,434,281,103,99,135,1833,109,92,314,336,209,111,105,154,1432,153,145,375,405,239,133,156,347,1964,24567,8438,14981,7859,2934,1062,932,4369,65142
CED325,4821,87,14,3,0,0,0,613,5538,4123,559,227,74,14,0,0,553,5545,2924,1135,839,314,112,34,20,523,5898,1794,1554,1704,649,249,90,70,508,6616,996,1028,2093,871,328,147,123,404,5985,840,881,2112,986,395,178,175,382,5950,759,807,2040,1057,425,139,183,376,5787,641,726,1716,979,406,172,174,306,5120,436,486,1458,1020,442,166,113,270,4395,348,406,1257,779,365,145,105,211,3619,247,266,1035,721,338,126,99,207,3028,133,164,681,523,274,110,90,200,2172,105,86,363,337,233,134,121,134,1513,60,62,215,225,145,93,114,131,1042,42,66,186,195,121,87,114,289,1111,18255,8312,15936,8715,3858,1626,1504,5112,63313
CED326,4171,89,6,3,0,0,0,457,4731,3608,546,216,48,12,0,3,345,4773,2709,1057,780,240,68,28,15,330,5220,1720,1403,1558,599,204,60,25,315,5883,1047,1096,1992,861,301,87,67,305,5758,933,912,2120,1098,407,152,88,306,6023,787,838,1966,1079,384,156,98,293,5608,746,708,1837,1029,406,143,90,274,5234,551,565,1772,1055,417,143,85,240,4824,447,457,1612,1081,481,139,74,240,4527,420,434,1614,1155,456,148,68,289,4577,332,272,1173,860,400,144,106,217,3506,234,164,667,685,417,161,108,249,2695,187,123,427,447,303,157,170,265,2079,219,191,453,456,327,178,170,550,2547,18096,8857,18209,10696,4578,1702,1169,4680,67987
CED327,5136,113,11,0,0,0,0,736,6000,4451,728,335,96,20,3,4,589,6219,3516,1293,1027,437,153,39,26,532,7031,2083,1643,1954,793,367,123,111,465,7543,1125,1106,2157,1013,464,194,191,381,6635,802,867,2028,1095,511,220,241,382,6140,707,812,1953,1054,508,219,199,363,5823,576,711,1819,1068,529,197,196,304,5389,416,563,1766,1133,480,185,180,309,5030,354,503,1519,1038,407,145,129,263,4351,242,344,1348,886,410,143,118,228,3725,154,192,687,557,299,116,109,157,2283,99,110,370,313,214,123,110,137,1478,47,73,196,216,151,83,95,100,968,76,90,249,178,169,94,103,145,1105,19781,9146,17435,9871,4680,1880,1821,5093,69723
CED328,5847,15,0,0,0,0,0,435,6300,7519,105,38,4,3,0,0,634,8308,4149,475,219,57,17,0,0,357,5270,2275,1025,944,292,40,14,3,241,4827,1238,953,1872,709,163,42,10,205,5184,890,818,2432,1101,250,51,22,204,5762,744,728,2330,1042,286,67,38,164,5411,649,571,1961,1070,295,59,36,160,4795,567,478,1625,1004,289,84,37,161,4240,471,458,1489,867,323,56,37,136,3843,399,372,1336,853,325,85,36,149,3554,290,238,911,712,230,89,47,109,2623,186,119,549,480,241,112,69,116,1875,140,102,292,322,225,82,69,111,1354,144,139,406,397,244,117,104,336,1890,25512,6582,16411,8914,2937,848,512,3531,65237
CED329,3347,70,9,0,0,3,3,484,3920,2026,377,202,66,13,3,4,275,2966,1398,551,510,227,70,21,6,229,3009,909,656,924,504,165,64,40,268,3534,666,567,1229,663,313,107,76,273,3893,619,619,1606,894,352,140,88,334,4654,780,674,1783,968,418,156,108,369,5253,874,644,1960,1127,476,153,103,418,5755,824,692,1949,1331,556,163,102,444,6064,766,583,2106,1353,575,151,98,491,6124,666,552,2129,1477,581,165,101,513,6189,437,366,1512,1207,569,219,124,469,4895,241,203,799,781,442,218,143,308,3130,150,140,401,448,341,148,167,266,2067,137,152,440,367,273,183,183,410,2148,13835,6850,17552,11411,5149,1886,1366,5546,63600
CED330,4670,65,9,3,0,0,0,677,5430,3273,443,237,50,6,3,3,427,4445,1987,753,695,239,72,14,18,351,4111,1153,808,1331,656,243,62,38,335,4622,673,661,1763,954,422,120,72,316,4995,604,754,2104,1190,525,155,134,428,5889,795,703,2077,1255,555,151,127,424,6084,716,629,1985,1275,491,182,105,424,5795,571,496,1697,1210,511,148,91,361,5097,428,408,1499,1036,473,174,68,347,4435,306,363,1453,1041,534,144,70,290,4210,208,230,843,714,430,141,100,230,2891,130,117,455,429,327,142,105,183,1881,83,88,238,232,178,100,119,152,1188,78,87,239,206,168,96,99,252,1229,15666,6597,16619,10497,4941,1634,1151,5201,62299
CED397,23,0,0,0,0,0,0,0,27,27,8,0,0,0,0,0,10,45,30,6,0,0,0,0,0,4,45,15,8,13,3,0,0,0,8,57,14,4,12,4,3,0,0,8,46,8,5,13,13,3,3,0,11,60,14,3,25,20,8,0,0,3,73,10,5,41,14,6,5,0,6,90,8,11,29,27,9,0,0,16,110,16,3,41,11,11,3,0,13,92,9,4,34,26,11,3,0,30,116,13,6,21,29,9,0,4,23,106,3,3,13,10,0,0,0,14,43,3,3,6,9,5,0,0,6,29,0,0,3,3,0,4,0,4,15,200,74,242,179,72,21,8,166,964
CED401,4174,21,3,0,0,0,4,491,4697,6815,177,62,11,0,0,0,698,7762,5757,743,253,62,9,3,0,650,7483,3455,1484,1047,258,70,12,15,515,6862,1708,1136,1672,525,114,44,38,375,5611,1127,940,1911,658,195,35,34,312,5225,1158,775,1936,784,203,50,51,374,5327,1169,761,1806,779,226,58,27,356,5183,1025,754,1811,851,249,48,50,348,5136,912,638,1639,824,254,69,46,316,4697,704,475,1517,822,246,84,51,314,4210,416,286,1030,712,243,68,55,224,3027,260,157,647,607,277,98,68,187,2297,145,138,472,520,269,119,94,177,1929,247,239,727,652,372,184,140,299,2861,29077,8737,16516,8067,2716,873,674,5639,72307
CED402,3674,60,7,3,0,0,0,499,4243,2580,419,222,45,11,4,5,271,3550,1843,705,666,227,83,17,8,244,3797,969,750,1170,608,188,66,44,217,4013,514,513,1390,930,265,103,61,222,3992,497,473,1671,999,362,122,83,237,4428,597,532,1832,1187,404,121,89,299,5057,619,554,1776,1221,440,135,81,320,5145,535,475,1881,1287,502,147,82,299,5210,410,373,1834,1253,536,115,64,295,4882,341,332,1713,1267,486,136,68,335,4683,225,171,1113,1023,475,158,104,264,3537,171,143,642,779,489,204,134,247,2803,115,74,375,487,381,218,171,182,1998,125,133,456,520,400,240,245,410,2516,13216,5699,16750,11840,5024,1779,1233,4316,59849
CED403,4303,16,3,0,0,0,0,352,4676,4168,109,31,3,0,0,3,298,4603,3080,558,234,51,17,8,0,228,4170,1728,1135,1034,278,55,16,7,219,4469,924,925,1769,586,127,31,21,160,4546,713,749,2203,862,177,53,19,160,4928,720,757,2209,926,230,43,41,182,5116,777,696,2050,989,259,74,39,191,5065,740,660,2082,989,305,53,34,204,5077,664,589,1974,898,306,68,22,188,4713,522,498,1841,948,260,45,34,195,4335,300,267,1383,809,243,69,45,171,3279,208,177,862,691,324,97,49,156,2563,159,143,529,575,317,126,78,170,2095,234,270,832,763,420,245,150,302,3210,19230,7540,19043,9361,3042,920,536,3177,62847
CED404,3025,65,9,0,0,0,0,572,3676,2399,457,246,39,11,3,7,374,3531,1809,716,724,283,95,29,12,349,4013,900,723,1127,616,221,72,32,333,4022,512,413,1229,808,308,87,68,277,3699,491,451,1350,957,371,114,80,291,4115,568,513,1580,1126,427,136,109,379,4838,567,429,1689,1212,431,175,97,394,4990,531,502,1909,1216,530,163,105,472,5440,480,440,1742,1222,498,141,84,394,4997,329,336,1722,1217,498,156,96,409,4769,236,230,1084,1001,529,181,125,359,3749,156,112,596,681,459,254,167,257,2682,100,78,313,414,410,186,196,214,1920,126,128,384,429,344,173,219,420,2236,12230,5609,15712,11224,5130,1867,1400,5495,58671
CED405,3560,22,3,3,0,0,3,372,3957,4638,158,47,12,3,0,0,434,5292,4131,676,252,74,17,3,3,383,5538,2484,1340,1065,219,44,20,4,279,5452,1303,992,1642,509,90,31,19,217,4802,1042,794,1781,640,167,29,29,217,4700,934,765,1934,801,190,45,49,240,4955,978,717,1920,821,213,54,41,215,4958,966,660,1977,877,266,50,41,255,5097,755,594,1811,890,249,56,33,208,4594,538,541,1815,924,271,60,34,191,4372,332,313,1372,811,313,85,38,176,3436,244,234,998,780,371,130,63,186,3006,178,191,725,651,326,147,91,210,2531,309,316,926,771,430,206,175,470,3609,22402,8307,18259,8780,2954,911,619,4046,66283
CED406,3925,50,8,4,0,0,0,442,4424,3456,412,209,37,7,0,3,308,4428,2493,932,736,178,33,10,3,244,4628,1525,1182,1511,530,153,46,21,256,5226,812,849,1867,759,249,88,44,228,4906,641,765,1877,895,287,102,69,207,4847,643,707,1988,951,307,99,65,245,5000,629,624,2018,992,314,94,65,225,4967,510,566,1986,1036,384,101,46,240,4884,415,530,2053,1043,333,80,42,214,4704,314,455,1853,997,348,100,45,217,4330,213,276,1167,746,287,91,53,207,3045,112,132,591,564,280,126,59,162,2020,69,117,345,370,261,92,94,172,1526,87,151,415,383,225,111,92,336,1782,15852,7736,18613,9496,3475,1135,699,3707,60714
CED407,3989,33,3,0,0,0,0,420,4447,3772,295,97,20,3,0,3,270,4456,3007,845,523,144,30,3,8,270,4837,1700,1294,1404,422,121,38,17,253,5250,886,871,1885,762,213,64,43,212,4930,708,738,2085,861,273,87,46,197,5002,662,711,2113,972,289,75,56,220,5096,633,644,2153,951,327,88,60,182,5025,482,558,2056,1041,336,73,57,173,4779,359,517,1953,974,315,89,35,152,4399,309,414,1935,957,325,84,42,181,4241,184,247,1363,896,297,73,49,164,3271,137,171,759,606,309,113,62,135,2302,90,125,413,454,267,107,98,128,1680,76,163,451,419,274,128,115,212,1833,16994,7621,19205,9469,3381,1014,695,3171,61545
CED408,3554,26,5,0,0,0,0,470,4059,2611,187,76,4,7,0,0,206,3092,1595,504,366,120,22,8,0,155,2781,940,681,1053,384,95,20,19,171,3357,612,593,1381,738,195,48,20,166,3758,594,618,1883,938,313,75,50,222,4688,672,653,2029,1002,336,88,47,259,5087,742,637,1983,984,362,101,49,222,5080,785,618,2038,1099,375,95,43,294,5351,718,603,2023,1120,392,66,41,285,5244,567,505,2145,1236,389,82,38,259,5221,385,345,1449,978,386,80,46,213,3881,199,170,733,714,398,111,80,198,2599,127,101,402,489,299,131,104,158,1801,136,166,481,468,326,141,141,270,2129,14252,6399,18055,10250,3900,1056,674,3546,58125
CED409,4336,62,5,0,0,0,0,544,4955,4485,442,198,39,7,0,0,441,5607,3410,1101,699,204,57,14,12,360,5868,2189,1489,1640,548,181,71,31,347,6492,1113,982,1850,763,285,99,70,266,5433,925,883,1904,870,329,124,108,265,5415,1004,928,1976,1014,363,125,103,252,5762,954,787,2066,1043,417,134,113,314,5839,784,656,1922,1093,428,160,97,304,5444,593,537,1718,958,375,127,92,244,4643,412,408,1417,810,329,100,91,220,3787,228,239,919,648,309,110,97,194,2739,148,170,664,629,360,161,148,174,2452,102,135,437,427,290,133,183,144,1849,139,209,583,484,295,147,199,255,2314,20821,9036,18010,9519,4026,1517,1348,4328,68590
CED410,4209,9,4,0,0,0,0,374,4600,3920,133,36,6,4,0,3,360,4465,3467,586,225,47,10,0,0,255,4588,2081,1290,1067,240,44,6,15,212,4954,1040,985,1904,593,127,20,19,205,4883,810,846,2093,766,194,37,23,183,4956,823,869,2217,946,198,51,27,175,5303,780,746,1950,810,262,63,34,178,4819,768,683,1919,901,255,67,33,174,4807,601,582,1706,853,231,66,22,170,4241,531,483,1842,969,298,57,31,180,4396,379,310,1466,947,295,104,39,156,3696,239,225,1009,895,414,122,75,177,3148,172,179,728,638,403,136,96,178,2536,341,332,960,786,467,198,156,307,3550,20159,8269,19135,9404,3196,934,573,3279,64948
CED411,4593,96,19,3,3,0,3,588,5307,3989,761,366,79,23,4,3,460,5685,2463,1169,1186,444,140,38,18,388,5861,1278,1096,1649,807,295,108,83,342,5659,740,684,1514,991,406,156,136,293,4934,591,672,1748,1053,414,188,157,276,5093,626,714,1988,1154,498,144,163,316,5608,612,685,2042,1245,531,185,151,358,5794,543,545,1905,1194,475,180,121,333,5289,409,426,1630,1006,452,140,94,302,4458,269,317,1399,949,435,132,76,288,3857,215,211,994,801,368,150,96,247,3079,126,122,612,618,414,166,147,234,2433,69,96,410,413,294,157,132,241,1810,109,145,388,401,277,177,160,319,1975,16624,7741,17851,11156,5026,1929,1551,4981,66850
CED497,0,0,0,0,0,0,0,0,0,8,0,0,0,0,0,0,3,14,12,3,0,0,0,0,0,0,12,0,0,3,0,0,0,0,0,5,0,0,0,0,0,0,0,0,0,0,0,0,0,0,0,0,0,3,0,0,0,0,0,0,0,0,3,0,0,0,0,0,0,0,0,3,0,0,5,0,0,0,0,0,7,0,3,0,3,0,0,0,0,11,0,0,4,0,3,0,0,0,8,3,3,0,3,3,0,0,0,10,0,0,4,4,3,0,0,0,10,0,0,0,0,0,0,0,0,7,0,0,0,0,0,0,0,0,0,34,8,16,15,9,0,0,12,97
CED501,4475,77,5,0,0,0,0,536,5098,3896,667,289,70,13,3,3,532,5480,2786,1351,1097,368,101,22,11,528,6268,1595,1383,1928,808,284,77,46,469,6590,788,938,2003,1031,372,108,69,331,5639,684,755,2144,1178,431,139,99,362,5785,621,724,2088,1154,420,166,89,333,5599,495,558,1840,1135,498,147,85,332,5087,348,406,1540,1024,409,148,55,255,4172,272,367,1285,894,393,94,67,267,3639,159,206,1136,787,344,121,63,233,3055,125,157,835,673,292,97,57,185,2406,74,98,446,507,302,127,84,195,1829,60,69,266,322,210,122,72,158,1286,71,103,248,229,177,103,89,200,1218,16446,7847,17145,10179,4245,1469,885,4911,63140
CED502,4607,93,13,0,0,0,0,579,5293,4204,569,271,45,11,0,0,481,5582,3400,1373,955,290,93,24,8,412,6554,2006,1878,2056,715,194,80,39,377,7341,1036,1220,2338,1031,345,125,89,308,6488,770,853,2051,1085,382,154,117,267,5674,603,783,2076,1054,454,150,104,252,5486,500,561,1925,1136,454,132,106,240,5059,401,472,1658,1104,417,150,110,229,4536,315,405,1510,968,415,123,96,234,4066,232,300,1260,799,339,111,71,201,3319,126,176,735,604,267,95,82,154,2247,114,105,447,390,273,108,86,158,1688,52,67,231,253,203,99,114,152,1174,39,91,190,189,160,82,120,250,1128,18404,8965,17709,9666,4018,1447,1138,4299,65640
CED503,3875,59,9,0,0,0,0,433,4383,2868,532,229,33,8,0,3,311,3982,1891,844,807,243,58,21,12,267,4140,1018,935,1322,637,196,52,27,288,4466,625,617,1557,806,275,102,45,215,4237,549,588,1714,967,390,113,80,297,4706,545,597,1899,1069,348,125,80,305,4965,544,538,1748,1087,457,126,78,268,4851,429,460,1732,1132,480,139,72,274,4708,413,356,1638,1138,464,118,71,283,4477,302,298,1712,1127,444,120,62,298,4355,189,232,1167,906,408,119,71,263,3361,148,153,659,721,437,166,98,275,2653,102,89,346,467,335,143,104,226,1817,86,109,330,367,246,118,116,335,1708,13574,6405,16867,10706,4546,1451,922,4332,58811
CED504,4355,42,3,0,0,0,3,494,4902,3685,371,127,18,6,0,3,384,4595,2805,912,630,241,56,18,11,316,4973,1651,1381,1641,517,179,63,29,270,5730,878,909,2090,862,256,70,73,213,5351,598,754,2196,1007,345,104,99,220,5321,598,727,2126,1007,332,123,117,240,5270,490,557,1891,1069,353,139,109,233,4830,397,460,1638,1034,410,114,79,215,4339,259,374,1366,875,359,105,68,172,3576,179,305,1203,816,324,95,66,159,3142,143,153,742,569,284,88,77,135,2174,89,110,400,432,265,114,103,126,1634,40,66,246,272,182,101,96,96,1087,46,86,279,231,186,83,100,141,1143,16215,7194,16559,8936,3522,1196,1018,3416,58061
CED505,4163,4,0,3,0,0,0,385,4562,4365,60,13,3,0,0,0,401,4843,4454,364,115,26,4,3,0,530,5495,2812,1109,707,144,26,0,0,439,5248,1213,923,1615,594,79,7,13,302,4752,783,729,1957,958,199,31,15,282,4954,759,701,2116,1116,223,44,23,295,5266,778,568,1833,939,239,41,24,255,4680,639,498,1678,939,232,52,16,257,4310,586,425,1436,859,265,50,31,259,3919,420,372,1383,774,258,58,29,235,3533,338,215,986,771,276,67,32,211,2894,234,157,646,688,298,77,52,216,2378,205,99,414,519,312,110,67,210,1934,258,151,581,561,391,129,145,377,2583,22006,6373,15481,8898,2811,673,440,4645,61336
CED506,3350,127,19,9,0,0,3,859,4361,3347,704,325,76,17,6,5,830,5306,3929,1044,937,443,125,42,19,1184,7728,2628,1197,1704,889,326,90,75,1192,8101,1318,789,1889,1122,456,155,141,856,6730,985,707,1961,1157,475,197,177,801,6454,949,675,1909,1243,540,198,186,880,6584,845,602,1937,1461,592,245,193,989,6877,658,545,2010,1550,715,255,189,844,6771,496,444,2061,1640,631,233,146,777,6433,347,307,1907,1469,618,188,122,672,5617,209,184,1024,955,509,166,130,434,3600,94,83,411,551,385,158,141,276,2102,53,51,150,276,231,127,132,175,1192,57,46,161,187,162,96,123,156,985,19248,7516,18412,13026,5782,2163,1772,10921,78846
CED507,3683,61,4,3,0,0,0,582,4338,2413,378,177,43,5,0,3,320,3343,2015,798,646,207,55,17,5,357,4105,1275,955,1444,622,165,42,21,317,4842,684,696,1810,933,311,80,33,323,4873,597,624,2086,1091,366,97,64,330,5248,594,661,2051,1112,405,99,80,351,5341,571,491,1809,1125,434,114,78,341,4953,474,438,1796,1286,487,121,81,375,5056,385,323,1588,1233,440,133,75,317,4484,299,289,1490,1073,462,116,67,342,4135,200,159,920,778,367,147,60,253,2879,119,102,464,596,401,167,78,234,2158,72,50,253,374,315,164,122,198,1552,88,89,305,356,290,157,158,248,1688,13468,6106,16838,10838,4504,1449,922,4881,58998
CED508,3707,24,6,0,0,0,3,433,4184,3768,262,83,19,3,0,0,415,4552,3825,732,433,104,29,3,6,523,5657,2611,1410,1329,344,99,28,8,457,6286,1307,1088,2036,743,170,49,24,345,5762,939,857,2111,943,212,60,40,313,5471,855,860,2113,936,294,71,38,318,5494,750,652,1813,930,303,72,45,307,4866,601,574,1720,967,340,97,46,309,4645,423,429,1468,868,327,84,42,261,3904,304,349,1255,861,302,61,44,247,3425,181,170,796,622,246,69,57,195,2344,106,127,509,522,280,106,65,196,1899,80,93,321,390,242,84,76,196,1482,77,111,334,301,226,110,119,369,1641,19551,7733,16315,8551,3056,908,612,4895,61614
CED509,3852,41,7,0,0,0,0,502,4400,3210,400,141,32,4,0,0,376,4157,2437,839,576,178,43,13,12,322,4418,1456,1109,1279,465,146,32,16,294,4796,913,778,1601,741,239,74,42,256,4641,742,668,1739,948,334,126,62,254,4878,744,629,1820,992,364,92,93,260,5002,575,607,1753,1024,392,129,95,299,4881,516,449,1580,1034,416,125,72,245,4437,340,431,1485,959,418,109,73,243,4056,285,316,1427,958,375,130,63,265,3815,176,192,903,696,323,99,72,202,2669,110,115,524,553,321,123,89,164,2004,75,81,297,356,248,112,95,158,1416,64,83,287,284,208,110,106,284,1425,15492,6737,15418,9215,3839,1275,896,4122,56990
CED510,4440,12,0,0,0,0,0,373,4833,3854,167,51,10,0,0,0,248,4324,2518,512,260,73,15,3,0,177,3557,1440,957,1095,319,74,9,4,165,4055,686,773,1923,769,166,19,16,157,4509,530,645,2441,1036,279,54,35,179,5198,492,702,2664,1190,285,58,36,163,5591,495,610,2575,1249,356,61,26,165,5540,404,508,2292,1338,371,63,49,187,5214,312,433,1919,1156,321,66,40,153,4407,247,348,1550,961,322,76,21,154,3672,126,204,877,598,217,45,19,87,2179,91,112,470,410,207,75,41,85,1493,57,95,337,302,214,70,62,105,1235,61,115,326,281,187,87,67,145,1277,15756,6186,18782,9692,3018,696,406,2543,57077
CED511,3578,81,10,0,3,0,0,668,4338,2462,478,222,66,15,0,3,414,3667,2093,832,763,317,102,21,11,530,4664,1238,840,1308,712,247,58,44,493,4938,684,598,1440,934,359,120,78,396,4605,630,560,1671,1056,419,123,107,443,5005,655,547,1739,1186,487,174,102,502,5398,648,523,1753,1240,521,178,102,488,5448,551,431,1734,1286,619,205,106,557,5494,436,385,1572,1186,548,164,110,496,4908,316,274,1320,1112,516,151,88,461,4230,183,174,843,827,464,150,97,356,3089,115,91,469,589,413,164,144,251,2242,76,62,276,353,310,162,135,226,1599,76,75,263,339,282,141,151,327,1646,13734,5946,15370,11198,5305,1825,1291,6617,61277
CED512,5197,46,3,0,0,0,0,683,5938,4269,682,265,54,15,0,4,572,5864,3471,1538,1107,370,90,23,9,603,7205,1863,1634,2069,830,221,66,36,555,7276,974,1036,2265,1134,394,97,80,494,6484,789,892,2657,1292,478,150,120,501,6885,722,863,2606,1319,505,161,123,477,6774,545,633,2045,1306,499,160,119,377,5688,435,455,1718,1152,440,147,72,344,4769,321,375,1393,923,420,123,62,289,3892,207,289,1348,864,354,121,61,305,3552,121,190,764,681,313,112,53,220,2462,79,115,461,436,253,102,63,184,1697,44,56,231,252,185,85,61,163,1084,33,54,188,163,142,55,61,299,998,19073,8848,19126,10779,4321,1409,932,6067,70552
CED513,3057,23,3,0,0,3,0,425,3511,4713,176,32,15,3,0,0,773,5707,6287,632,262,62,16,9,4,1021,8282,4506,1440,877,193,53,19,8,873,7968,2082,1178,1573,486,95,25,17,525,5984,1353,885,1728,621,169,41,27,451,5281,1204,705,1598,694,187,35,32,432,4892,993,715,1544,724,193,40,33,385,4627,842,588,1522,742,265,57,35,385,4433,638,493,1394,756,257,50,42,310,3954,423,373,1203,702,241,65,41,317,3370,234,196,786,519,230,79,40,268,2357,146,146,501,509,275,91,90,259,2017,114,102,344,353,218,98,111,209,1551,130,143,420,411,253,156,134,497,2147,26721,7805,13794,6779,2451,775,617,7130,66083
CED514,3337,34,3,0,0,0,0,403,3782,3793,244,98,21,3,0,5,414,4581,4592,918,385,119,26,3,0,557,6593,3090,1575,1192,301,77,33,18,503,6780,1557,1076,1634,577,155,60,29,321,5405,1036,822,1822,748,179,74,52,322,5049,895,682,1773,706,188,62,58,258,4622,810,585,1611,720,221,75,62,224,4312,615,519,1531,864,261,84,69,220,4158,508,483,1420,886,282,74,44,244,3944,368,338,1375,855,332,100,60,245,3671,218,221,988,735,317,83,57,224,2837,164,160,677,661,350,131,94,205,2441,125,97,468,435,282,137,118,224,1888,115,134,404,429,269,121,128,339,1942,21229,7892,15374,8050,2940,1042,788,4684,62001
CED515,3590,27,3,0,0,0,0,502,4131,5976,295,89,9,10,0,4,863,7244,5914,1055,421,142,36,11,11,969,8549,3770,1636,1216,374,89,36,18,772,7911,1696,1167,1631,602,174,43,39,525,5885,1117,848,1645,657,205,58,55,390,4975,1019,801,1517,644,222,49,54,396,4706,839,638,1504,752,232,60,51,355,4429,763,593,1418,868,312,82,45,362,4437,632,499,1360,757,279,78,53,328,3997,405,314,1180,723,298,87,48,286,3346,280,205,710,560,265,90,59,274,2440,168,138,539,488,299,105,80,255,2071,115,108,347,366,248,140,105,241,1667,159,156,467,458,300,149,157,621,2459,26460,8485,14037,7403,2966,990,771,7125,68239
CED516,4239,15,0,0,0,0,0,483,4732,3890,92,22,5,0,0,0,305,4315,2719,409,162,54,9,0,3,239,3596,1574,884,907,225,52,4,6,189,3838,779,765,1781,655,132,21,10,174,4318,544,701,2227,875,204,52,21,175,4808,559,671,2283,978,261,50,25,144,4967,573,605,2042,1092,287,53,23,176,4851,501,503,1962,1101,339,55,26,173,4651,452,481,1855,1134,301,79,29,171,4494,371,379,1623,916,280,58,36,154,3831,234,237,993,685,257,67,36,150,2658,153,136,688,627,350,101,59,193,2310,125,109,449,484,286,103,71,230,1858,145,187,539,570,308,173,118,548,2586,16858,6172,17531,9404,3072,818,464,3494,57815
CED597,13,0,0,0,0,0,0,7,15,30,3,0,0,0,0,0,25,57,47,0,0,0,0,0,0,32,85,20,0,0,0,0,0,0,18,37,14,0,5,0,0,0,0,16,38,20,7,4,3,0,0,0,26,61,14,0,6,8,3,0,0,23,58,7,3,10,9,0,0,0,13,44,7,3,10,12,4,3,0,30,63,6,0,23,14,3,0,0,25,67,3,3,15,9,5,0,0,20,56,0,3,0,5,7,0,0,10,27,0,0,3,5,0,0,0,5,15,0,0,0,0,0,0,0,0,5,0,0,0,0,0,0,0,0,0,184,28,83,63,21,5,0,243,633
CED601,2785,52,4,0,0,0,0,345,3191,2507,365,143,26,7,0,3,278,3338,1593,538,416,144,36,15,9,227,2981,870,573,805,384,124,47,24,206,3034,555,450,1003,466,176,53,45,179,2927,528,439,1141,622,223,83,60,193,3282,482,476,1282,702,246,97,53,199,3534,468,401,1259,727,261,103,55,243,3519,440,364,1148,827,318,100,54,237,3490,364,324,1114,746,298,93,56,207,3207,283,238,997,712,258,95,53,240,2879,228,169,739,581,274,106,56,177,2334,153,111,393,452,282,112,86,155,1746,101,81,270,322,220,114,90,149,1345,135,130,342,383,220,121,106,201,1640,11495,4709,11057,7100,2959,1139,757,3239,42454
CED602,2523,66,8,0,0,0,0,305,2903,1713,370,190,42,8,0,0,182,2514,1132,519,488,206,67,25,9,177,2615,585,486,807,397,118,47,19,134,2594,381,376,934,513,206,78,48,126,2663,343,367,1083,610,216,95,64,157,2932,394,435,1215,757,303,94,60,149,3403,413,380,1233,830,295,118,74,196,3542,423,350,1240,823,369,109,69,209,3589,305,289,1085,807,360,101,50,205,3207,301,259,899,809,375,133,64,220,3057,183,153,629,639,360,139,84,190,2374,131,86,346,446,354,173,111,189,1839,85,66,262,296,240,146,126,167,1393,94,89,250,264,217,127,167,206,1420,9008,4282,10675,7441,3500,1382,945,2809,40050
CED603,2767,39,10,0,0,0,0,344,3155,3128,229,87,16,3,0,0,341,3801,2620,490,297,97,30,8,0,283,3816,1437,758,686,238,89,30,14,258,3511,833,590,993,400,139,44,28,193,3215,751,531,1135,541,191,70,48,230,3492,618,501,1218,606,208,63,39,204,3462,589,523,1236,615,206,69,57,235,3532,599,491,1245,684,243,82,51,242,3636,479,392,1121,637,225,71,42,183,3140,371,318,953,601,223,90,28,188,2767,227,208,697,527,226,63,49,180,2176,157,115,442,387,234,101,70,131,1630,111,74,292,340,230,111,78,147,1378,168,157,385,347,235,123,115,217,1749,14847,5419,10784,6031,2477,913,627,3372,44474
CED604,2569,33,6,0,0,0,0,280,2889,1916,258,91,26,4,0,3,152,2445,1571,480,370,136,33,4,0,136,2727,985,683,898,368,101,30,17,145,3216,580,522,1152,521,187,55,37,132,3180,526,497,1391,624,209,71,42,149,3507,591,515,1354,705,230,79,56,159,3696,562,450,1359,739,277,81,60,169,3693,564,440,1360,849,332,102,56,189,3895,467,410,1221,796,302,81,46,172,3494,369,305,1220,762,283,87,44,177,3247,243,196,798,596,275,93,63,152,2424,128,137,526,483,258,116,79,142,1866,83,79,283,307,217,109,78,105,1269,95,135,331,306,235,103,104,164,1465,11243,5146,12368,7212,2931,1006,679,2426,43013
CED605,2375,62,6,0,0,0,4,396,2844,1618,330,165,43,6,0,3,228,2404,1021,522,517,182,51,18,9,186,2515,596,515,770,435,170,37,26,171,2725,382,415,926,490,208,77,49,186,2725,413,407,1064,651,255,91,61,200,3145,523,461,1266,704,266,101,67,240,3637,566,431,1308,743,304,101,79,259,3783,549,426,1386,931,385,119,66,258,4115,458,356,1291,879,410,120,74,284,3863,376,327,1231,861,409,118,73,287,3697,230,188,722,635,317,126,84,221,2522,131,111,386,444,266,134,115,179,1766,66,70,209,243,158,101,105,123,1071,91,93,200,188,159,100,114,114,1055,9397,4712,11447,7436,3366,1248,927,3340,41876
CED697,0,0,0,0,0,0,0,0,0,14,3,0,0,0,0,0,0,15,11,3,4,0,0,0,0,0,13,15,5,3,0,0,0,0,7,24,3,0,0,0,0,0,0,3,13,5,0,7,0,0,0,0,0,15,3,0,3,4,0,0,0,3,15,4,0,3,3,0,0,0,0,10,8,0,12,3,3,0,0,0,28,0,3,3,11,3,0,0,0,25,3,3,5,8,0,0,0,4,20,3,0,3,9,4,0,0,0,21,0,0,0,0,0,0,0,0,3,0,0,0,0,0,0,0,0,0,0,0,0,0,0,0,0,0,0,61,14,49,33,14,3,0,20,204
CED701,2266,231,26,9,3,0,0,1089,3626,2000,734,387,84,15,4,4,876,4110,2040,789,728,349,105,24,18,962,5024,1397,781,971,573,262,106,57,827,4972,799,518,986,667,320,158,117,664,4239,724,437,1025,620,355,147,124,668,4094,688,489,1060,737,384,194,132,716,4399,627,387,1087,719,367,184,152,702,4226,485,384,1038,849,372,160,138,684,4109,378,317,995,763,343,154,130,605,3686,236,177,780,627,262,129,101,447,2759,128,98,378,349,173,78,103,272,1580,65,41,143,138,94,56,67,138,732,41,20,66,52,62,39,53,81,409,28,17,32,39,42,20,44,52,269,11898,5417,9715,6582,3159,1454,1234,8777,48237
CED702,2468,43,7,0,0,0,0,484,3004,2790,362,144,25,0,0,3,596,3929,3526,827,502,180,44,15,10,870,5977,2265,1204,1118,428,127,42,27,732,5938,1086,849,1398,660,229,74,36,498,4831,790,636,1305,689,275,79,65,462,4307,670,528,1224,670,277,93,73,441,3965,633,457,1036,699,277,95,59,429,3692,433,382,1039,665,318,86,56,429,3407,313,277,882,594,269,98,56,421,2912,208,216,694,493,220,67,59,298,2260,133,121,416,309,158,44,47,227,1457,72,62,201,231,122,58,68,144,953,35,29,79,84,80,40,69,73,484,20,37,59,71,42,27,64,65,384,15443,6049,10105,5782,2433,826,687,6176,47501
CED797,3,0,0,0,0,0,0,0,3,4,0,0,0,0,0,0,0,3,7,0,0,0,0,0,0,0,9,9,0,0,0,0,0,0,0,9,0,0,0,0,0,0,0,0,0,0,0,0,0,0,0,0,0,0,0,0,0,0,0,0,0,0,3,0,0,0,0,0,0,0,0,0,0,0,3,5,0,0,0,0,7,0,0,3,0,0,0,0,0,5,0,0,3,0,3,0,0,0,12,0,0,0,0,0,0,0,0,6,0,0,0,3,0,0,0,0,9,0,0,0,0,0,0,0,0,0,0,0,0,0,0,0,0,0,0,25,0,11,13,4,0,0,8,70
CED801,5906,28,9,0,0,0,0,571,6508,6195,299,101,22,3,0,0,539,7168,5265,903,495,147,43,9,3,635,7490,3147,1562,1457,483,105,40,24,560,7376,1618,1173,2313,869,226,74,40,423,6730,1242,968,2597,1114,322,99,50,402,6796,1155,927,2690,1223,374,96,61,387,6916,1098,891,2628,1432,452,129,56,422,7108,944,798,2401,1318,454,104,72,380,6468,690,599,1970,1224,460,128,46,354,5465,542,504,1765,1162,396,131,63,269,4831,339,319,1189,903,375,109,70,250,3551,199,188,712,645,380,140,95,229,2589,146,130,440,445,274,131,126,234,1923,135,194,476,462,290,144,125,541,2369,28612,9476,21236,11443,4157,1320,842,6206,83285
CED802,5191,25,8,3,0,0,0,552,5780,7197,337,114,31,0,0,0,726,8410,6306,1221,623,150,41,12,0,606,8975,4022,2355,2168,535,113,32,21,573,9827,2031,1655,2957,1099,237,76,35,398,8496,1370,1133,2960,1215,372,86,52,371,7563,1164,1002,2464,1108,354,71,53,317,6519,970,771,2075,1010,339,90,38,265,5557,780,710,1750,1079,368,106,55,293,5136,547,546,1621,993,367,111,41,224,4453,415,442,1506,936,390,100,57,188,4041,243,228,988,668,282,112,53,161,2732,142,167,532,513,243,108,83,137,1931,90,103,351,325,209,89,70,117,1365,82,127,321,306,191,99,110,234,1478,30559,10829,20453,9975,3520,1094,677,5161,82259
CED897,0,0,0,0,0,0,0,0,0,3,0,0,0,0,0,0,0,4,0,0,0,0,0,0,0,0,0,3,0,0,0,0,0,0,0,3,0,0,0,0,0,0,0,0,0,0,0,0,0,0,0,0,0,0,0,0,0,0,0,0,0,0,0,0,0,0,0,0,0,0,0,0,0,0,0,0,0,0,0,0,0,0,0,0,0,0,0,0,0,0,0,0,0,0,0,0,0,0,0,0,0,0,0,0,0,0,0,0,0,0,0,0,0,0,0,0,0,0,0,0,0,0,0,0,0,0,0,0,0,0,0,0,0,0,0,4,0,3,0,0,0,0,0,8
CED997,0,0,0,0,0,0,0,0,0,0,0,0,0,0,0,0,0,0,0,0,0,0,0,0,0,0,0,0,0,0,0,0,0,0,0,0,0,0,0,0,0,0,0,0,0,0,0,0,0,0,0,0,0,0,0,0,0,0,0,0,0,0,0,0,0,0,0,0,0,0,0,0,0,0,0,0,0,0,0,0,0,0,0,0,0,0,0,0,0,0,0,0,0,0,0,0,0,0,0,0,0,0,0,0,0,0,0,0,0,0,0,0,0,0,0,0,0,0,0,0,0,0,0,0,0,0,0,0,0,0,0,0,0,0,0,3,0,0,0,0,0,0,0,3
