CED_CODE_2016,Cntd_home_Cen_Nt_0_14_yr,Cntd_home_Cen_Nt_15_24_yr,Cntd_home_Cen_Nt_25_34_yr,Cntd_home_Cen_Nt_35_44_yr,Cntd_home_Cen_Nt_45_54_yr,Cntd_home_Cen_Nt_55_64_yr,Cntd_home_Cen_Nt_65_74_yr,Cntd_home_Cen_Nt_75_84_yr,Cntd_home_Cen_Nt_85_yr,Cntd_home_Cen_Night_Tot,Vis_from_Same_SA2_0_14,Vis_from_Same_SA2_15_24,Vis_from_Same_SA2_25_34,Vis_from_Same_SA2_35_44,Vis_from_Same_SA2_45_54,Vis_from_Same_SA2_55_64,Vis_from_Same_SA2_65_74,Vis_from_Same_SA2_75_84,Vis_from_Same_SA2_85,Vis_from_Same_SA2_Tot,Vis_fro_Diff_SA2_NSW_0_14,Vis_fr_Diff_SA2_NSW_15_24,Vis_fr_Diff_SA2_NSW_25_34,Vis_fr_Diff_SA2_NSW_35_44,Vis_fr_Diff_SA2_NSW_45_54,Vis_fr_Diff_SA2_NSW_55_64,Vis_fr_Diff_SA2_NSW_65_74,Vis_fr_Diff_SA2_NSW_75_84,Vis_fr_Diff_SA2_NSW_85,Vis_fr_Diff_SA2_NSW_Tot,Vis_fro_Diff_SA2_Vic_0_14,Vis_fr_Diff_SA2_Vic_15_24,Vis_fr_Diff_SA2_Vic_25_34,Vis_fr_Diff_SA2_Vic_35_44,Vis_fr_Diff_SA2_Vic_45_54,Vis_fr_Diff_SA2_Vic_55_64,Vis_fr_Diff_SA2_Vic_65_74,Vis_fr_Diff_SA2_Vic_75_84,Vis_fr_Diff_SA2_Vic_85,Vis_fr_Diff_SA2_Vic_Tot,Vis_fro_Diff_SA2_Qld_0_14,Vis_fr_Diff_SA2_Qld_15_24,Vis_fr_Diff_SA2_Qld_25_34,Vis_fr_Diff_SA2_Qld_35_44,Vis_fr_Diff_SA2_Qld_45_54,Vis_fr_Diff_SA2_Qld_55_64,Vis_fr_Diff_SA2_Qld_65_74,Vis_fr_Diff_SA2_Qld_75_84,Vis_fr_Diff_SA2_Qld_85,Vis_fr_Diff_SA2_Qld_Tot,Vis_fro_Diff_SA2_SA_0_14,Vis_fr_Diff_SA2_SA_15_24,Vis_fr_Diff_SA2_SA_25_34,Vis_fr_Diff_SA2_SA_35_44,Vis_fr_Diff_SA2_SA_45_54,Vis_fr_Diff_SA2_SA_55_64,Vis_fr_Diff_SA2_SA_65_74,Vis_fr_Diff_SA2_SA_75_84,Vis_fr_Diff_SA2_SA_85,Vis_fr_Diff_SA2_SA_Tot,Vis_fro_Diff_SA2_WA_0_14,Vis_fr_Diff_SA2_WA_15_24,Vis_fr_Diff_SA2_WA_25_34,Vis_fr_Diff_SA2_WA_35_44,Vis_fr_Diff_SA2_WA_45_54,Vis_fr_Diff_SA2_WA_55_64,Vis_fr_Diff_SA2_WA_65_74,Vis_fr_Diff_SA2_WA_75_84,Vis_fr_Diff_SA2_WA_85,Vis_fr_Diff_SA2_WA_Tot,Vis_fro_Diff_SA2_Tas_0_14,Vis_fr_Diff_SA2_Tas_15_24,Vis_fr_Diff_SA2_Tas_25_34,Vis_fr_Diff_SA2_Tas_35_44,Vis_fr_Diff_SA2_Tas_45_54,Vis_fr_Diff_SA2_Tas_55_64,Vis_fr_Diff_SA2_Tas_65_74,Vis_fr_Diff_SA2_Tas_75_84,Vis_fr_Diff_SA2_Tas_85,Vis_fr_Diff_SA2_Tas_Tot,Vis_fro_Diff_SA2_NT_0_14,Vis_fr_Diff_SA2_NT_15_24,Vis_fr_Diff_SA2_NT_25_34,Vis_fr_Diff_SA2_NT_35_44,Vis_fr_Diff_SA2_NT_45_54,Vis_fr_Diff_SA2_NT_55_64,Vis_fr_Diff_SA2_NT_65_74,Vis_fr_Diff_SA2_NT_75_84,Vis_fr_Diff_SA2_NT_85,Vis_fr_Diff_SA2_NT_Tot,Vis_fro_Diff_SA2_ACT_0_14,Vis_fr_Diff_SA2_ACT_15_24,Vis_fr_Diff_SA2_ACT_25_34,Vis_fr_Diff_SA2_ACT_35_44,Vis_fr_Diff_SA2_ACT_45_54,Vis_fr_Diff_SA2_ACT_55_64,Vis_fr_Diff_SA2_ACT_65_74,Vis_fr_Diff_SA2_ACT_75_84,Vis_fr_Diff_SA2_ACT_85,Vis_fr_Diff_SA2_ACT_Tot,Vis_fro_Diff_SA2_OT_0_14,Vis_fr_Diff_SA2_OT_15_24,Vis_fr_Diff_SA2_OT_25_34,Vis_fr_Diff_SA2_OT_35_44,Vis_fr_Diff_SA2_OT_45_54,Vis_fr_Diff_SA2_OT_55_64,Vis_fr_Diff_SA2_OT_65_74,Vis_fr_Diff_SA2_OT_75_84,Vis_fr_Diff_SA2_OT_85,Vis_fr_Diff_SA2_OT_Tot,Vis_fro_Diff_SA2_TOT_0_14,Vis_fr_Diff_SA2_TOT_15_24,Vis_fr_Diff_SA2_TOT_25_34,Vis_fr_Diff_SA2_TOT_35_44,Vis_fr_Diff_SA2_TOT_45_54,Vis_fr_Diff_SA2_TOT_55_64,Vis_fr_Diff_SA2_TOT_65_74,Vis_fr_Diff_SA2_TOT_75_84,Vis_fr_Diff_SA2_TOT_85,Vis_fr_Diff_SA2_TOT_TTOT,Vis_from_Tot_Viss_0_14_yr,Vis_from_Tot_Viss_15_24_yr,Vis_from_Tot_Viss_25_34_yr,Vis_from_Tot_Viss_35_44_yr,Vis_from_Tot_Viss_45_54_yr,Vis_from_Tot_Viss_55_64_yr,Vis_from_Tot_Viss_65_74_yr,Vis_from_Tot_Viss_75_84_yr,Vis_from_Tot_Viss_85_yr_over,Vis_from_Tot_Viss_Tot,OS_vis_0_14_yr,OS_vis_15_24_yr,OS_vis_25_34_yr,OS_vis_35_44_yr,OS_vis_45_54_yr,OS_vis_55_64_yr,OS_vis_65_74_yr,OS_vis_75_84_yr,OS_vis_85_yr_over,OS_vis_Tot,Tot_0_14_yr,Tot_15_24_yr,Tot_25_34_yr,Tot_35_44_yr,Tot_45_54_yr,Tot_55_64_yr,Tot_65_74_yr,Tot_75_84_yr,Tot_85_yr_over,Tot_Tot
CED101,27006,19627,22278,20182,20247,18068,12164,7809,4041,151416,10,13,11,11,12,18,19,19,16,118,336,402,579,353,316,300,212,160,73,2716,4,4,14,10,14,12,3,3,0,72,8,4,18,7,13,17,16,4,0,91,0,3,0,0,3,3,8,0,0,24,3,3,6,3,3,7,0,5,0,30,0,0,0,3,0,0,0,0,0,5,0,0,3,0,0,0,0,0,0,7,0,3,17,3,4,4,0,0,0,28,0,0,0,0,0,0,0,0,0,0,351,423,640,376,354,347,238,165,75,2974,358,432,649,391,363,365,258,189,90,3087,127,282,244,146,209,567,340,88,17,2013,27490,20335,23170,20716,20824,18997,12755,8086,4144,156513
CED102,27103,22024,33830,24001,20458,16719,11904,8090,3793,167919,19,36,51,19,31,20,23,15,7,223,428,496,883,524,485,455,450,332,227,4276,3,8,58,24,35,17,12,3,3,169,4,27,38,26,39,20,12,0,3,176,0,3,21,13,8,10,17,3,0,67,4,9,19,10,9,4,0,0,0,59,0,0,0,9,3,0,7,0,0,22,0,4,5,0,3,7,0,0,0,19,0,0,9,29,10,7,8,0,0,66,0,0,0,0,0,0,0,0,0,0,442,550,1032,638,594,526,504,337,227,4849,458,588,1088,650,623,545,528,356,240,5073,214,535,540,339,469,724,347,92,17,3274,27774,23145,35458,24992,21549,17989,12775,8536,4054,176269
CED103,28000,22473,27604,23747,20954,17954,11717,7455,3996,163893,13,26,18,19,20,16,13,14,15,144,265,538,768,417,390,408,334,201,135,3447,18,33,72,112,111,61,21,10,0,430,7,24,69,52,88,49,27,3,0,310,4,10,7,21,19,11,18,4,0,95,4,3,25,11,29,21,0,0,0,103,0,3,4,4,7,6,3,3,0,31,0,8,0,3,0,0,0,0,0,10,6,13,18,17,8,28,11,0,5,109,0,0,0,0,0,3,0,0,0,3,299,627,971,639,653,589,418,223,138,4552,309,648,987,658,668,605,435,232,156,4700,241,873,574,390,436,845,502,121,16,4009,28549,23994,29162,24797,22058,19402,12648,7808,4174,172601
CED104,27605,18865,12137,18609,21506,18277,13114,6870,3466,140446,6,15,12,5,10,7,20,7,9,100,258,405,405,278,274,261,231,154,101,2372,6,5,8,22,15,13,21,11,0,100,6,15,13,23,14,28,20,11,5,139,0,0,4,0,5,5,0,3,0,16,3,3,4,4,6,4,8,3,0,42,0,0,0,0,6,5,7,8,0,30,0,0,0,3,3,0,0,0,0,10,3,7,8,5,7,0,6,0,0,35,0,0,0,0,0,0,0,0,0,0,275,439,444,335,331,324,294,186,114,2745,282,456,461,339,334,334,317,196,123,2840,136,233,152,136,150,353,300,81,6,1548,28024,19556,12747,19092,21985,18963,13726,7140,3597,144834
CED105,36264,24769,29408,21812,20067,17160,10938,6253,3096,169769,50,35,62,39,36,22,26,10,10,286,516,553,914,546,401,394,309,173,164,3961,8,23,29,16,24,27,9,8,0,141,8,17,24,29,45,14,13,3,0,162,7,0,10,0,10,8,6,0,0,38,3,6,13,4,13,0,0,3,0,41,0,0,7,0,4,0,3,0,0,13,3,0,4,4,0,0,0,0,0,7,4,9,8,8,0,9,9,0,0,45,0,0,0,0,0,0,0,0,0,0,545,602,997,618,497,448,346,193,170,4415,595,634,1064,653,536,472,367,201,180,4702,142,339,400,164,260,371,189,54,10,1927,36996,25739,30875,22629,20862,18007,11500,6512,3277,176400
CED106,31399,19818,16241,21721,22947,16887,12694,8349,4823,154885,16,15,10,9,10,11,8,4,13,98,367,559,543,311,312,357,358,333,365,3506,14,21,13,32,24,10,17,14,8,145,4,28,17,21,30,26,38,15,4,173,3,0,0,7,6,12,13,0,0,46,0,6,7,5,3,10,4,4,3,47,0,3,0,0,3,8,3,3,0,24,3,8,0,0,5,0,0,0,0,20,4,10,14,3,8,3,6,0,3,45,0,0,0,0,0,0,0,0,0,0,400,631,594,378,389,424,441,377,387,4006,412,642,606,391,397,435,453,384,401,4108,357,456,414,304,351,759,425,132,23,3220,32172,20918,17257,22413,23697,18083,13567,8861,5242,162213
CED107,31181,18170,17691,18014,20146,19225,15749,8545,3434,152154,50,46,39,31,41,40,18,24,4,292,665,1677,1024,765,875,844,597,325,144,6912,16,36,32,26,28,49,32,9,5,241,19,48,48,42,53,66,54,9,3,334,0,0,8,9,4,7,15,0,0,37,3,5,16,20,3,12,18,3,0,78,3,0,8,3,6,11,17,0,0,50,3,11,3,0,3,3,0,0,0,27,4,43,21,11,10,12,16,0,0,118,0,0,0,0,0,0,0,0,0,0,714,1815,1152,871,985,1012,741,350,155,7795,765,1864,1190,901,1024,1049,764,378,163,8086,52,94,72,41,39,65,39,9,3,415,31994,20124,18950,18956,21205,20344,16542,8939,3600,160652
CED108,38498,24284,25217,22904,20614,17057,11075,5029,1900,166571,73,54,40,45,32,25,26,11,3,298,603,670,741,451,390,281,209,113,47,3509,3,9,19,22,50,22,13,0,0,140,16,19,40,45,19,22,9,3,0,175,4,3,3,7,14,7,3,0,0,42,7,10,14,8,6,4,5,0,0,55,0,0,4,0,5,0,4,0,0,23,0,0,0,0,0,0,0,0,0,3,3,7,9,10,3,3,0,0,0,30,0,0,0,0,0,0,0,0,0,0,634,714,837,540,495,337,250,116,47,3968,703,771,875,581,530,362,273,126,51,4269,117,167,189,133,208,531,329,72,11,1760,39317,25219,26280,23619,21358,17951,11670,5227,1962,172604
CED109,24348,15005,16243,18210,18603,16306,12563,8003,4375,133650,15,14,16,21,23,13,22,17,10,158,377,408,551,371,378,330,327,302,220,3263,5,3,20,13,20,24,9,7,3,114,17,5,13,33,28,29,23,8,4,168,0,0,4,4,3,4,4,3,0,28,0,4,11,8,8,5,12,3,0,51,0,3,0,0,4,3,6,3,0,21,0,0,3,0,4,0,0,0,0,12,0,4,3,0,7,3,3,0,0,23,0,0,0,0,0,0,0,0,0,0,399,427,612,432,458,406,383,331,220,3671,417,440,628,452,482,414,410,350,230,3829,81,155,139,78,137,146,99,56,5,891,24840,15606,17009,18744,19217,16866,13073,8408,4615,138370
CED110,26668,15190,13883,15895,19457,22251,19857,11765,5365,150318,53,41,34,28,34,40,25,30,13,294,658,937,953,722,949,1293,1391,627,238,7769,52,44,74,62,84,281,588,232,36,1458,93,128,149,123,162,249,201,50,18,1169,4,3,7,8,12,27,103,33,0,199,3,4,24,18,21,34,11,10,0,123,8,6,9,8,19,26,91,10,3,176,0,12,9,6,5,8,3,0,0,40,12,3,17,11,18,41,84,28,3,216,0,0,0,0,0,0,0,0,0,0,833,1136,1239,957,1268,1961,2473,992,294,11156,888,1180,1273,986,1301,1996,2497,1020,307,11454,71,179,152,71,89,124,102,30,3,836,27621,16552,15308,16950,20847,24370,22458,12821,5679,162609
CED111,26462,21452,19070,19027,19339,17402,12937,8439,3976,148103,19,28,21,20,20,20,22,13,17,173,489,1101,939,568,551,468,438,334,238,5116,11,22,56,17,20,31,27,7,3,203,6,28,42,20,29,36,20,7,0,194,0,3,5,10,9,9,8,0,0,50,3,4,8,17,11,11,11,0,0,60,0,0,5,3,5,13,8,8,0,39,0,7,3,4,0,3,0,0,0,17,3,29,29,17,19,9,6,5,0,111,0,0,0,0,0,0,0,0,0,0,513,1192,1093,653,647,576,513,363,243,5793,532,1223,1112,668,664,598,528,378,257,5965,128,642,229,129,140,167,90,36,7,1560,27119,23316,20415,19821,20145,18162,13557,8854,4236,155617
CED112,29248,17653,16224,18008,19263,18088,14882,9136,4602,147098,34,26,22,18,28,24,24,9,7,203,544,759,733,500,483,471,413,250,164,4314,14,6,15,14,21,26,24,9,0,128,30,15,35,30,44,43,21,9,3,231,0,7,0,0,3,8,14,0,0,36,3,3,11,7,4,10,5,0,0,45,0,0,4,0,4,3,0,0,3,18,0,0,0,3,0,0,3,0,0,6,13,6,16,6,6,15,7,0,0,66,0,0,0,0,0,0,0,0,0,0,608,797,805,568,564,573,493,276,171,4843,645,823,832,581,592,594,512,287,178,5051,35,81,62,43,48,69,62,26,7,423,29931,18554,17116,18635,19901,18752,15451,9440,4785,152569
CED113,25925,14474,14708,16964,20692,20145,14927,7314,3026,138185,42,34,27,22,22,32,25,15,9,222,1983,1753,2091,2034,1893,2132,1398,381,130,13799,112,145,208,164,203,308,372,260,52,1829,503,357,347,466,433,323,196,31,0,2654,28,61,70,37,48,49,48,14,0,352,25,35,57,41,40,53,31,6,0,278,13,30,17,16,24,33,47,5,0,177,7,14,11,3,9,7,8,0,0,51,214,262,292,242,197,277,215,74,17,1779,0,0,0,0,0,0,0,0,0,0,2887,2650,3095,2995,2845,3181,2308,765,205,20929,2930,2685,3123,3015,2864,3210,2336,781,210,21153,93,399,405,104,101,108,40,15,7,1275,28943,17561,18242,20077,23660,23474,17302,8110,3248,160619
CED114,30452,17485,17086,17572,19976,20765,16163,9705,4159,153365,36,51,51,33,40,41,35,47,12,352,616,923,816,501,614,714,494,279,144,5092,187,450,487,359,543,613,599,222,53,3508,29,29,55,45,65,100,69,11,0,407,17,25,48,38,45,109,130,37,3,446,9,15,40,16,24,26,30,3,0,168,7,10,5,3,12,19,27,8,0,98,9,6,6,10,3,3,0,0,0,33,7,20,19,15,24,20,16,3,0,119,0,0,0,0,0,0,0,0,0,0,871,1473,1478,982,1325,1597,1368,563,198,9868,908,1525,1529,1019,1363,1639,1410,611,213,10214,58,358,301,68,93,133,56,21,4,1086,31416,19368,18914,18658,21431,22539,17634,10330,4375,164667
CED115,30694,23196,22840,20434,21429,19652,11973,6476,2820,159502,59,54,50,33,34,27,21,6,7,289,565,568,862,581,517,463,295,274,157,4290,9,7,20,20,8,14,7,0,0,96,7,17,19,13,15,18,12,0,3,105,5,3,3,0,0,0,3,0,0,16,0,6,5,5,0,4,3,0,0,29,0,6,0,0,3,0,0,0,0,7,0,0,0,0,0,0,0,0,0,6,5,8,4,9,3,3,0,0,0,39,0,0,0,0,0,0,0,0,0,0,593,609,917,630,557,503,328,286,167,4586,652,663,964,666,595,528,345,288,170,4870,116,167,191,132,183,269,149,52,14,1268,31462,24024,23995,21233,22199,20444,12464,6815,3002,165647
CED116,23499,13654,12197,14265,17603,21886,20815,11520,4612,140049,32,34,24,21,32,35,38,23,22,256,601,852,789,644,764,983,807,354,190,5983,26,23,46,56,66,104,139,71,6,546,30,30,37,27,38,60,47,9,3,288,3,4,8,7,6,14,23,3,3,77,0,4,25,18,13,13,0,5,0,84,0,0,0,3,7,29,27,10,0,75,7,4,6,0,0,4,0,0,0,29,42,39,37,51,88,147,125,48,8,579,0,0,0,0,0,0,0,0,0,0,712,959,955,807,995,1361,1176,499,204,7658,746,998,981,826,1027,1393,1211,522,222,7914,77,139,84,69,73,62,52,18,4,583,24316,14791,13258,15159,18699,23342,22080,12059,4846,148548
CED117,22824,14749,28850,25584,20028,14401,9552,5082,2262,143335,6,12,16,19,15,12,12,11,7,110,271,509,780,511,409,357,286,154,108,3391,6,12,41,34,47,25,22,6,0,202,5,14,31,36,28,31,32,5,4,191,0,4,8,4,9,12,13,5,0,50,3,10,5,14,9,8,12,10,0,70,0,3,3,3,0,13,9,4,0,33,0,3,0,4,0,0,0,0,0,10,3,10,9,5,11,9,16,7,0,69,0,0,0,0,0,0,0,0,0,3,287,576,881,604,513,450,390,190,114,4007,296,588,896,628,528,462,399,205,118,4118,104,405,411,165,181,228,152,25,12,1678,23224,15745,30159,26378,20742,15096,10099,5311,2392,149135
CED118,38110,20567,26135,28361,20672,15933,10013,4540,1627,165949,20,21,32,26,14,21,12,15,3,159,317,403,559,365,264,258,237,159,81,2653,6,0,21,10,9,8,10,6,0,68,3,4,15,12,21,15,22,4,0,102,3,3,3,7,3,4,3,5,0,30,0,0,3,9,3,0,0,0,0,16,0,0,0,3,0,5,3,0,0,12,0,3,0,0,0,0,3,0,0,7,3,0,3,0,5,3,3,0,0,21,0,0,0,0,0,0,0,0,0,0,335,420,604,406,306,296,285,170,84,2908,353,438,642,432,315,315,294,188,83,3067,105,172,179,91,253,689,513,104,13,2108,38569,21178,26950,28879,21239,16934,10814,4829,1720,171120
CED119,29428,17557,16516,20199,19595,16525,11546,5429,2702,139492,9,19,19,8,9,8,6,11,9,100,337,422,509,269,250,233,212,153,88,2475,7,14,39,18,13,11,11,3,7,127,3,43,54,14,11,20,29,9,0,179,0,13,12,0,3,4,5,0,0,36,16,7,30,10,9,9,7,0,0,89,0,3,0,0,7,6,4,3,0,22,0,16,13,4,0,0,0,0,0,35,3,10,12,6,7,0,3,0,0,39,0,0,0,0,0,0,0,0,0,0,369,527,675,323,297,285,271,165,96,3008,375,547,695,336,308,294,280,179,100,3111,73,129,107,60,65,156,106,35,7,733,29881,18222,17322,20593,19969,16965,11930,5648,2808,143336
CED120,30787,17521,17209,19028,19933,17562,13281,6410,2565,144293,39,30,19,12,17,19,17,15,3,178,486,709,762,578,495,471,390,201,103,4193,7,5,25,24,20,27,46,15,3,166,12,24,18,13,30,34,10,10,0,152,0,0,5,0,10,3,8,0,0,39,0,3,5,3,10,5,3,0,0,32,3,0,4,5,9,6,5,3,0,30,0,3,3,0,0,3,0,0,0,15,11,30,27,9,19,18,6,0,3,135,0,0,0,0,0,0,0,0,0,0,528,778,858,633,588,573,479,226,106,4767,565,803,873,646,605,591,498,246,115,4945,45,121,80,47,56,67,56,18,6,488,31400,18444,18168,19725,20589,18217,13835,6670,2680,149728
CED121,29804,17853,17878,18320,19394,18713,14922,8103,3661,148644,41,45,28,26,22,29,18,12,11,234,626,1044,977,642,666,690,482,227,134,5474,19,44,30,15,31,26,32,17,0,214,29,123,92,64,99,77,62,18,0,550,3,18,9,4,8,17,14,0,0,77,7,23,22,5,6,8,10,3,0,96,0,13,3,0,3,12,8,0,0,39,0,4,11,3,0,4,0,0,0,28,0,11,8,0,3,3,0,0,0,27,0,0,0,0,0,0,0,0,0,0,678,1281,1140,739,821,833,608,265,134,6502,724,1322,1168,764,843,860,625,279,146,6735,44,117,113,53,57,66,53,17,6,515,30569,19292,19164,19132,20289,19639,15602,8405,3806,155897
CED122,26100,27563,32074,25284,20661,15849,11802,7298,3329,169959,30,46,40,27,17,18,19,10,11,213,477,931,1075,727,618,629,450,247,186,5337,9,44,102,72,137,84,33,19,0,496,3,70,68,90,91,83,53,10,3,467,4,23,18,23,47,25,12,0,0,150,0,15,34,51,45,35,17,5,0,200,4,11,8,17,14,13,10,0,0,84,0,4,10,7,6,6,7,0,0,38,6,51,27,29,26,33,19,5,0,198,0,0,0,0,0,0,0,0,0,0,505,1152,1345,1013,980,905,605,284,195,6973,534,1195,1380,1038,1001,921,619,292,201,7181,185,1948,838,499,436,570,285,69,16,4846,26818,30706,34292,26821,22099,17342,12701,7657,3546,181982
CED123,34590,21748,25035,22910,19934,17436,11970,5262,2011,160893,32,31,24,20,20,7,9,8,3,157,634,855,825,543,423,378,346,228,111,4340,6,6,21,19,15,20,5,8,0,112,19,33,42,9,40,37,20,15,9,219,0,10,5,0,7,6,0,0,0,25,3,4,10,6,7,7,3,4,0,40,0,0,3,0,0,3,4,0,0,15,0,3,0,3,0,0,0,0,0,7,0,15,9,4,11,4,0,0,0,42,0,0,0,0,0,0,0,0,0,0,666,916,915,594,493,454,390,251,119,4801,702,949,932,615,511,467,396,264,121,4954,89,112,121,96,97,192,139,22,6,873,35382,22801,26089,23617,20540,18095,12513,5549,2142,166723
CED124,23307,12841,10385,13426,18122,21349,21062,11603,4580,136675,34,47,29,19,33,31,44,23,7,266,534,825,680,541,644,939,1017,432,206,5829,21,15,32,26,37,148,213,74,4,583,31,55,52,38,62,100,67,25,3,425,0,0,0,3,9,21,31,16,4,93,3,4,9,3,10,11,8,3,0,54,0,0,0,0,0,24,23,8,0,63,0,3,4,3,4,10,0,0,0,23,5,7,7,3,9,16,16,22,0,91,0,0,0,0,0,0,0,0,0,0,602,903,787,630,783,1270,1383,581,223,7156,633,955,811,647,810,1294,1433,599,235,7425,45,95,54,38,49,42,37,33,9,414,23984,13891,11252,14112,18990,22691,22528,12238,4823,144506
CED125,35230,21793,23828,21595,19385,17789,11324,4469,1368,156780,42,47,19,24,13,17,11,7,3,195,561,795,833,527,440,434,327,194,101,4211,10,8,23,19,23,9,10,5,0,107,5,16,21,18,33,33,12,5,0,146,0,3,10,5,7,10,3,3,0,40,4,7,3,9,11,10,4,0,0,50,0,0,0,0,0,0,3,0,0,7,0,3,7,0,0,0,0,0,0,8,0,9,4,8,7,3,0,0,0,28,0,0,0,0,0,0,0,0,0,0,584,836,902,585,519,498,363,208,99,4601,631,889,916,614,530,517,372,219,108,4800,59,118,126,101,118,279,177,47,8,1025,35912,22797,24874,22315,20031,18582,11876,4731,1477,162603
CED126,28225,15759,14044,19987,21076,16803,13757,8221,4397,142265,9,10,15,15,22,21,12,11,11,129,345,399,521,338,333,347,288,172,142,2888,16,15,28,19,24,27,24,15,3,161,3,5,16,27,48,29,36,14,5,174,0,13,4,5,9,8,6,0,0,53,6,8,9,11,4,7,9,5,0,60,3,0,3,3,0,3,4,0,0,25,0,0,0,0,3,0,0,0,0,4,0,3,4,3,0,5,4,0,4,32,0,0,0,0,0,0,0,0,0,0,379,447,589,403,425,429,370,202,153,3393,392,456,603,416,445,451,379,213,167,3522,141,283,211,123,150,162,114,52,15,1245,28754,16499,14858,20521,21670,17415,14249,8491,4572,147037
CED127,26343,16488,14203,17139,19709,18589,13904,6406,2471,135258,16,27,17,8,28,18,18,13,10,152,399,677,675,454,481,541,497,234,118,4072,11,10,22,17,43,35,23,6,0,177,29,36,51,47,42,58,52,5,0,312,0,3,13,19,13,19,3,0,0,61,0,0,31,12,13,13,3,3,0,74,0,0,0,0,0,13,11,0,0,28,0,3,8,7,0,0,0,0,0,19,0,10,7,7,9,14,8,0,0,51,0,0,0,0,0,0,0,0,0,0,448,743,798,559,602,684,594,245,124,4804,460,770,819,575,627,700,609,256,136,4952,146,268,173,157,154,143,68,25,11,1133,26951,17528,15191,17861,20489,19433,14580,6689,2612,141347
CED128,33857,22284,24109,21816,20543,18016,11919,6202,2348,161086,41,27,35,25,26,16,13,14,8,206,448,518,696,455,360,337,222,156,65,3272,9,15,18,29,18,11,7,8,0,103,15,12,26,33,21,24,17,9,0,164,0,3,11,5,0,3,3,0,0,26,0,0,9,3,12,6,10,0,0,39,0,0,3,3,0,0,3,0,0,15,0,0,0,0,0,0,0,0,0,0,0,0,4,0,0,9,0,0,0,17,0,0,0,0,0,0,0,0,0,0,483,547,765,528,415,387,271,169,72,3632,522,575,805,553,439,408,283,183,74,3837,114,119,158,126,151,255,138,37,15,1102,34490,22977,25068,22497,21128,18676,12344,6414,2436,166035
CED129,33069,18824,16253,23611,20985,16477,12376,5559,2108,149264,10,7,3,5,7,8,3,13,0,63,266,368,507,269,285,238,305,174,96,2504,4,6,51,27,38,34,15,8,4,191,9,12,22,34,31,40,36,7,0,188,3,3,10,4,6,10,4,0,0,42,3,3,6,10,3,3,6,0,0,39,0,3,0,0,4,0,5,3,0,17,4,0,0,3,0,0,0,0,0,5,0,3,8,3,10,0,0,0,0,25,0,0,0,0,0,0,0,0,0,0,284,405,595,354,379,330,378,189,101,3007,298,415,602,363,385,334,381,200,101,3069,167,199,167,173,236,614,421,88,7,2073,33531,19444,17019,24145,21605,17432,13176,5843,2214,154404
CED130,28684,17223,15766,16294,18600,19377,15824,9090,3584,144449,70,75,50,31,35,32,32,21,12,356,805,1671,986,663,697,889,755,386,135,6994,8,42,50,27,38,103,121,27,0,418,90,152,140,95,165,178,163,30,5,1025,4,13,23,3,18,38,34,20,0,151,0,5,7,13,7,19,11,3,4,70,0,3,3,10,9,19,22,7,0,76,5,4,7,6,3,0,0,0,0,30,6,10,16,14,3,7,8,9,0,78,0,0,0,0,0,0,0,0,0,0,924,1902,1242,822,941,1257,1124,476,146,8833,992,1980,1287,855,976,1292,1154,497,156,9191,72,285,234,86,66,71,54,21,0,882,29748,19484,17292,17236,19644,20737,17028,9604,3743,154523
CED131,25294,20973,21808,18912,18504,16924,11803,6838,3777,144840,23,41,23,24,14,19,18,17,8,185,554,1180,1082,761,728,724,535,346,200,6117,0,21,28,46,57,42,23,3,0,227,17,40,50,50,64,56,41,8,3,327,3,3,8,10,15,16,13,3,0,78,3,8,13,19,11,19,11,3,0,96,0,3,0,3,4,12,12,6,0,35,0,3,9,0,4,3,0,0,0,23,0,8,5,3,9,20,11,0,0,52,0,0,0,0,0,0,0,0,0,0,579,1261,1208,897,895,889,651,367,200,6951,602,1304,1235,918,905,903,666,390,209,7131,66,547,197,85,89,139,58,18,6,1203,25964,22828,23234,19916,19504,17965,12530,7240,3994,153178
CED132,26870,15825,27987,26167,20281,15995,12161,6281,3543,155105,15,19,14,10,16,18,14,13,5,110,430,567,914,623,594,603,574,341,253,4887,16,23,73,86,83,82,43,5,5,411,20,30,66,94,92,79,68,10,0,456,4,5,9,28,28,14,8,7,0,103,3,7,37,33,20,40,17,3,3,166,0,3,4,4,7,11,6,4,0,43,0,3,0,7,4,4,0,0,0,14,0,16,8,21,15,19,20,3,0,107,0,0,0,0,0,0,0,0,0,0,468,649,1119,883,843,856,726,373,259,6185,485,671,1135,889,858,871,737,390,261,6302,312,591,693,508,437,569,334,73,15,3522,27660,17088,29811,27571,21579,17436,13230,6735,3817,164923
CED133,27353,15852,13416,16583,20615,23797,18488,10079,4274,150473,62,55,39,37,38,39,37,30,7,347,652,928,816,587,733,1107,1111,493,176,6613,30,29,50,40,53,255,634,247,29,1366,151,197,294,190,227,351,236,71,14,1739,7,9,12,3,19,51,77,16,4,205,8,6,18,9,12,23,24,3,0,98,3,3,0,0,15,28,43,12,0,108,0,5,3,3,0,3,0,0,0,18,3,4,3,3,5,33,61,18,0,134,0,0,0,0,0,8,0,0,0,10,853,1184,1199,843,1069,1859,2192,859,230,10284,917,1237,1239,886,1104,1897,2230,889,236,10632,84,231,252,70,74,81,60,27,3,882,28354,17325,14913,17536,21795,25774,20775,10996,4518,161982
CED134,30210,15400,17333,16289,18849,18953,14430,8517,3293,143271,97,68,58,48,51,58,41,38,10,487,814,1366,1379,987,1289,1418,1202,521,160,9136,36,47,102,79,129,349,564,172,7,1493,104,106,162,142,185,243,221,31,9,1203,14,32,55,49,78,132,233,49,8,648,8,8,9,32,24,43,84,8,0,220,0,5,3,5,20,28,68,17,0,141,0,5,5,4,4,9,0,0,0,29,4,18,14,14,23,30,16,7,0,122,0,0,0,0,0,0,0,0,0,0,982,1579,1727,1320,1755,2245,2403,799,186,12994,1079,1652,1788,1370,1811,2306,2446,842,198,13479,46,133,129,42,64,90,53,12,6,572,31329,17178,19250,17694,20727,21358,16923,9366,3498,157320
CED135,35516,21416,39916,28607,20142,16655,10513,6084,2599,181451,57,44,46,34,14,18,15,4,0,228,700,702,1158,847,653,559,390,296,191,5492,11,45,112,148,165,69,17,8,3,574,8,21,64,75,110,47,12,9,0,348,3,10,24,18,40,33,8,3,0,142,4,13,44,23,42,20,9,0,0,157,0,0,0,8,9,6,3,0,0,32,4,3,6,7,0,4,0,0,0,24,3,12,17,26,14,6,5,3,0,92,0,0,0,0,0,0,0,0,0,0,732,816,1432,1149,1035,745,443,326,196,6874,791,854,1472,1185,1048,770,458,328,197,7095,220,432,595,377,570,1314,588,116,11,4231,36532,22709,41984,30168,21753,18735,11559,6537,2803,192784
CED136,30138,17343,17739,18038,18896,18295,15762,8149,3035,147384,31,34,21,25,17,25,14,26,6,202,636,926,836,551,594,668,570,337,125,5246,10,10,35,27,28,66,114,38,7,339,27,44,72,50,80,72,41,4,3,389,0,7,9,3,8,26,23,6,0,84,3,5,10,11,12,12,20,4,0,71,4,0,7,6,6,23,8,3,0,45,0,6,3,3,0,0,0,0,0,20,7,6,13,19,12,18,12,9,0,104,0,0,0,0,0,0,0,0,0,0,692,1005,975,670,741,877,799,405,133,6299,725,1038,1002,692,760,902,808,429,142,6501,48,84,91,32,53,78,62,15,8,470,30910,18464,18825,18753,19709,19276,16639,8596,3180,154358
CED137,26879,24012,38718,25647,21147,17367,11373,6803,3444,175388,16,5,36,21,17,13,11,11,6,132,336,650,895,556,506,450,362,301,197,4245,3,49,49,70,58,31,26,5,3,294,3,52,40,44,41,41,20,4,0,247,0,12,14,19,32,15,9,0,0,95,4,16,27,29,25,19,12,3,0,131,0,3,8,0,0,8,7,3,0,27,0,0,3,0,0,0,0,0,0,5,3,62,32,14,13,16,11,0,0,147,0,0,0,0,0,0,0,0,0,0,344,839,1070,723,672,586,437,316,201,5194,357,852,1111,747,689,594,449,323,212,5329,245,661,700,301,456,889,358,107,15,3730,27480,25525,40525,26689,22291,18849,12184,7236,3671,184442
CED138,24766,13657,13233,17083,19810,22083,18070,10551,5294,144564,37,26,31,16,29,41,36,26,16,255,458,615,708,593,692,961,1045,470,197,5741,102,62,117,144,151,384,811,330,60,2154,219,353,364,324,367,489,426,117,28,2689,27,7,14,14,40,67,157,78,12,422,13,16,19,14,16,36,30,9,3,156,3,5,9,10,28,57,105,54,16,277,6,7,8,6,3,3,8,0,0,43,3,8,8,10,14,35,47,17,5,141,0,0,0,0,0,0,0,0,0,0,835,1080,1251,1116,1307,2032,2618,1075,318,11624,874,1106,1285,1126,1339,2076,2650,1100,329,11879,109,433,355,126,128,152,137,82,15,1542,25753,15201,14870,18344,21278,24315,20865,11734,5630,157981
CED139,29835,17795,16461,16632,18667,18755,15068,9104,3986,146295,47,70,36,23,35,38,35,20,15,317,611,1733,989,674,635,738,533,297,184,6397,24,286,137,85,99,117,187,41,8,994,33,231,126,82,60,79,65,16,0,704,12,59,38,28,19,33,46,9,0,238,6,36,24,15,16,18,15,3,0,135,5,30,10,9,10,17,9,8,0,103,3,24,10,3,8,0,0,4,0,45,16,80,44,32,36,33,22,8,0,274,0,0,0,0,0,0,0,0,0,0,715,2476,1387,921,881,1041,888,380,197,8881,762,2542,1420,947,912,1076,918,403,208,9198,48,110,127,47,30,69,36,14,6,491,30647,20441,18013,17620,19608,19908,16028,9516,4202,155982
CED140,24470,15031,14169,16697,18697,18111,15431,9086,4497,136189,16,24,9,18,28,18,17,20,13,162,504,690,709,497,495,611,477,291,203,4475,15,23,29,29,27,25,43,4,0,194,21,20,30,35,34,33,36,10,0,220,14,0,7,20,8,8,8,3,0,71,3,6,13,17,23,26,5,0,0,95,5,5,0,3,4,12,4,0,0,32,0,0,0,0,5,0,4,0,0,18,12,9,7,11,8,6,4,3,0,68,0,0,0,0,0,0,4,0,0,4,581,752,805,608,609,718,584,323,207,5186,597,776,812,628,633,739,606,339,212,5344,87,120,87,76,84,108,77,35,11,693,25154,15928,15072,17401,19419,18960,16106,9454,4722,142227
CED141,25561,15953,14522,16166,18429,17877,15489,9334,3662,136992,27,37,20,17,23,23,22,21,10,193,537,686,682,489,479,456,398,237,135,4091,8,5,15,11,13,20,14,4,0,90,6,18,14,22,29,52,23,19,0,187,3,0,3,0,0,8,7,0,0,25,0,3,3,5,12,8,3,3,3,37,0,0,0,0,0,0,13,4,0,16,3,0,0,0,0,0,0,0,0,12,9,4,8,3,0,8,5,3,0,37,0,0,0,0,0,0,0,0,0,0,564,723,719,530,543,553,468,259,144,4501,592,752,737,553,565,576,491,284,147,4691,47,71,66,34,56,53,36,20,11,393,26190,16784,15328,16755,19048,18508,16017,9636,3817,142081
CED142,13378,35085,63416,31012,19405,14382,9083,4165,1352,191270,7,144,79,26,30,16,15,9,5,324,387,2525,3206,1913,2021,1619,1051,485,219,13425,51,311,982,1333,1400,708,230,42,5,5059,104,374,713,707,884,554,263,66,4,3674,16,82,191,193,228,185,132,35,0,1058,123,166,293,305,351,203,82,29,0,1563,0,12,45,50,66,85,42,9,0,317,3,34,35,20,35,22,5,0,0,154,13,96,185,170,180,99,62,22,3,826,0,3,0,0,4,0,0,0,0,3,706,3616,5653,4689,5164,3475,1860,691,229,26078,708,3758,5730,4715,5193,3489,1874,697,231,26401,1454,6644,5432,3076,3469,2119,926,217,36,23377,15546,45482,74572,38801,28067,19994,11880,5083,1623,241046
CED143,27395,13828,20299,23291,20606,14703,11306,6165,3355,140941,5,14,20,9,10,13,5,9,5,93,405,411,620,454,390,355,325,181,94,3230,0,18,19,47,27,33,20,5,0,175,13,35,41,44,57,43,43,24,3,304,0,3,9,3,14,3,6,6,0,61,3,14,19,11,17,16,10,4,0,100,0,0,5,3,3,9,11,0,0,38,3,0,5,7,0,3,3,0,0,21,0,4,7,14,6,17,8,3,3,65,0,0,0,0,0,0,0,0,0,0,429,490,730,593,510,483,427,222,105,3992,437,504,754,603,519,489,436,229,108,4083,236,516,411,233,224,264,173,56,8,2117,28064,14854,21460,24129,21349,15457,11911,6447,3471,147141
CED144,34676,23357,28577,23344,21401,17152,11247,7218,3259,170233,54,34,43,25,22,25,23,16,5,244,416,461,774,454,391,358,213,172,79,3315,11,8,9,10,6,4,7,3,3,59,0,8,20,8,18,12,12,8,0,84,4,3,9,6,0,4,3,0,3,37,0,0,0,4,0,0,0,0,0,13,0,0,0,5,6,4,0,0,0,16,0,3,0,0,0,3,0,0,0,11,0,10,6,4,4,6,0,0,0,30,0,0,0,0,0,0,0,0,0,0,427,491,820,498,433,395,229,177,85,3565,479,519,865,528,456,420,250,192,84,3812,167,387,349,204,260,450,217,62,4,2091,35327,24265,29799,24079,22112,18017,11717,7475,3347,176135
CED145,21793,12881,29289,23173,17662,13384,11197,6281,3729,139393,15,18,21,9,13,11,11,10,4,110,414,611,903,509,490,457,357,224,128,4098,10,36,92,81,62,30,53,20,3,394,13,37,66,59,63,51,45,17,7,353,9,7,16,17,15,16,23,8,0,104,3,10,41,22,22,30,25,5,3,169,0,8,3,0,3,12,21,3,3,48,0,4,3,8,0,0,0,0,0,19,12,17,20,21,17,20,25,12,0,145,0,0,0,0,0,0,0,0,0,0,461,729,1147,721,679,618,543,292,141,5329,478,752,1173,727,692,630,551,295,145,5443,209,924,948,384,378,297,208,72,9,3429,22486,14553,31411,24281,18733,14308,11951,6649,3889,148258
CED146,38498,24948,22621,23586,22698,17621,9987,4950,1725,166635,48,35,23,19,25,13,17,8,7,189,545,547,709,487,404,295,202,146,51,3389,6,4,30,14,16,11,9,3,0,107,10,21,14,13,18,22,9,9,3,106,0,6,0,9,3,7,0,0,0,24,0,0,0,7,7,4,0,0,0,18,0,0,0,0,0,0,3,0,0,8,3,0,0,0,0,0,0,0,0,4,0,0,7,0,4,3,3,0,0,16,0,0,0,0,0,0,0,4,0,4,560,586,759,535,451,347,226,162,57,3681,608,615,786,548,469,363,240,171,57,3869,79,110,135,131,186,302,184,54,14,1186,39178,25671,23540,24268,23354,18280,10413,5171,1797,171685
CED147,28362,17622,15749,17586,19354,18213,15745,9310,3479,145408,30,35,26,19,10,26,31,27,8,214,550,751,681,477,444,492,369,244,139,4142,8,17,38,13,20,24,41,8,3,170,12,9,24,26,29,27,26,12,0,165,4,3,0,3,0,5,0,4,0,21,4,3,8,10,6,10,11,6,0,54,0,0,0,0,3,8,9,3,0,23,0,0,3,0,0,0,0,0,0,10,4,5,6,5,11,12,3,3,0,48,0,0,0,0,0,0,0,0,0,0,582,793,763,528,515,575,456,277,140,4622,613,827,781,551,522,601,484,297,151,4834,62,81,68,44,52,73,50,15,4,451,29033,18533,16598,18177,19932,18883,16278,9622,3639,150693
CED197,37,25,32,32,49,73,108,39,10,409,0,0,0,0,0,0,0,0,0,0,209,126,125,165,232,377,429,194,39,1894,42,25,27,45,76,109,118,41,4,474,3,5,8,8,5,18,17,7,3,82,28,7,14,18,18,34,40,17,3,180,4,6,9,8,6,21,8,5,0,72,12,8,4,14,8,23,20,17,0,94,0,3,8,0,3,3,0,3,0,17,11,3,11,6,5,3,9,9,0,62,0,0,0,0,0,0,0,0,0,0,304,187,208,265,353,575,642,294,46,2869,304,187,208,265,353,575,642,294,46,2869,12,30,32,19,48,82,77,34,3,333,350,243,274,309,450,731,826,371,65,3613
CED201,23411,17588,17298,17745,19011,16918,11082,5695,2478,131214,12,16,12,9,11,6,12,8,3,81,19,13,26,16,12,24,24,18,3,149,344,458,520,304,253,211,235,245,164,2732,15,7,25,16,8,16,18,0,0,108,0,3,0,13,3,0,8,9,0,44,3,3,9,7,6,4,6,0,3,41,0,0,3,3,0,0,5,7,0,25,0,0,0,0,0,0,0,0,0,3,3,3,4,3,0,0,0,0,0,18,0,0,0,0,0,0,0,0,0,0,381,486,587,368,289,266,292,276,166,3107,386,499,592,378,300,274,302,283,167,3191,155,164,114,117,174,408,222,41,9,1405,23950,18250,18010,18240,19481,17595,11600,6019,2651,135805
CED202,28657,18676,17198,18369,19905,18424,14241,7205,3166,145843,14,40,20,22,22,15,21,13,11,181,7,31,23,26,25,39,37,14,0,222,639,1223,873,579,544,611,481,298,170,5425,6,12,16,20,26,36,31,3,0,155,3,11,11,4,13,17,14,8,3,88,4,4,4,8,13,7,11,4,0,54,7,0,3,9,19,17,15,4,0,66,9,7,8,8,4,8,3,0,0,50,0,0,3,0,9,3,3,3,0,15,0,0,0,0,0,0,0,0,0,0,683,1296,946,652,655,743,591,334,179,6079,694,1335,969,677,679,766,613,351,194,6264,64,156,84,47,65,67,37,15,6,541,29416,20167,18248,19090,20651,19254,14897,7568,3367,152646
CED203,25046,19309,30017,24181,20310,14827,10314,7996,3704,155700,7,46,22,11,20,27,17,14,10,175,7,60,36,26,17,28,30,10,3,209,338,829,870,514,451,369,287,223,121,4010,9,16,24,14,18,17,17,0,3,120,0,9,12,0,10,3,6,8,0,51,3,11,11,8,3,17,9,3,0,64,0,22,5,3,10,3,4,0,0,48,0,8,0,4,0,0,0,0,0,12,0,5,7,3,0,0,6,0,0,26,0,0,0,0,0,0,0,0,0,0,356,960,975,568,504,451,365,244,125,4546,369,1004,999,582,517,476,384,260,136,4722,94,609,340,150,196,304,125,20,6,1853,25506,20918,31355,24908,21026,15605,10826,8277,3840,162275
CED204,27280,17251,15917,17248,19273,19053,14696,7861,3529,142107,30,20,18,14,21,19,17,8,8,161,16,54,48,31,45,63,54,26,9,325,524,1167,798,529,496,561,478,260,178,4996,13,15,13,11,23,27,34,7,3,149,7,18,16,13,11,34,18,8,3,131,0,5,9,6,21,25,9,11,0,94,3,4,9,5,7,11,16,7,0,60,3,4,3,0,3,7,7,0,0,28,0,3,8,3,6,0,0,0,0,27,0,0,0,0,0,0,0,0,0,0,567,1264,904,601,618,718,618,314,200,5809,593,1288,925,619,638,738,636,324,210,5967,48,156,98,48,52,67,42,25,8,540,27926,18693,16942,17908,19968,19853,15377,8204,3744,148616
CED205,26064,21053,23360,20158,19013,16541,13405,8690,3621,151911,9,27,25,25,21,13,17,13,9,149,8,30,51,35,51,38,12,3,0,236,382,589,775,470,418,329,280,263,194,3700,14,16,28,32,43,26,14,0,0,181,4,6,6,6,16,9,3,0,0,61,8,21,23,18,16,11,11,0,0,110,0,4,0,3,3,8,3,3,0,24,3,9,0,0,5,0,0,0,0,12,0,11,4,3,0,0,0,0,0,19,0,0,0,0,0,0,0,0,0,0,419,689,893,574,552,424,327,278,199,4351,431,715,919,600,573,431,341,292,206,4506,243,425,318,283,371,730,420,113,16,2918,26739,22190,24596,21039,19958,17706,14173,9097,3834,159331
CED206,32887,24509,22677,20651,22927,18023,11602,5485,1801,160561,43,40,47,36,29,23,22,6,0,262,10,25,70,57,59,64,33,16,0,336,520,469,747,468,393,351,321,235,114,3620,11,21,40,35,48,49,21,0,0,221,0,4,19,9,22,31,8,0,0,97,0,5,13,16,24,18,9,0,0,89,3,11,11,20,17,9,20,5,0,93,0,0,3,8,6,0,3,0,0,18,3,0,4,0,5,3,9,0,0,28,0,0,0,0,0,0,0,0,0,0,551,538,903,617,570,525,421,264,110,4502,597,581,950,656,595,553,448,271,115,4763,98,121,163,91,143,262,147,41,3,1070,33579,25211,23793,21399,23665,18834,12197,5800,1916,166393
CED207,26667,16954,17268,17954,19430,17069,12534,5808,2365,136044,14,16,21,14,13,15,21,15,9,144,6,14,22,15,25,29,17,13,0,135,452,669,587,362,323,293,261,135,64,3151,7,9,19,18,23,27,24,5,0,135,0,10,0,6,7,13,10,4,0,48,7,9,9,10,15,8,3,0,0,63,3,6,9,3,6,9,11,0,0,45,0,0,4,0,0,4,0,0,0,7,0,0,3,0,3,3,5,0,0,13,0,0,0,0,0,0,0,0,0,0,477,707,653,420,401,386,330,159,68,3603,489,727,674,437,420,396,345,173,78,3745,76,87,92,80,61,86,66,18,4,571,27236,17770,18028,18470,19908,17556,12948,6005,2444,140359
CED208,24627,29049,25518,19823,19618,15304,11314,8901,4489,158637,14,39,23,14,16,10,9,17,7,140,17,57,33,32,43,41,15,7,0,251,453,927,791,484,399,402,377,365,276,4475,5,28,21,15,24,22,19,5,3,147,3,15,9,5,13,15,16,7,0,79,4,17,13,4,3,9,12,3,0,64,3,39,10,9,6,8,7,4,0,83,0,12,0,0,3,3,3,0,0,32,0,9,13,4,0,3,0,0,0,31,0,0,0,0,0,0,0,0,0,6,481,1106,884,552,496,504,451,396,279,5152,487,1146,904,574,510,509,455,410,288,5293,341,1392,576,342,498,809,414,76,6,4458,25458,31584,26996,20734,20630,16622,12182,9399,4782,168385
CED209,28954,16976,16247,18900,18930,18018,13912,7383,3713,143032,25,28,14,11,10,17,16,13,9,138,17,50,42,20,27,33,33,10,0,241,508,954,720,508,488,596,486,220,136,4617,25,30,31,35,23,49,42,6,0,244,11,17,26,12,18,22,34,17,0,156,8,17,14,12,15,16,18,4,0,91,5,16,3,5,10,9,18,3,0,70,0,0,3,0,3,0,0,0,0,12,3,0,6,0,0,7,3,0,0,21,0,0,0,0,0,0,0,0,0,0,580,1084,849,594,583,737,624,264,137,5448,602,1117,865,606,585,757,640,275,151,5592,107,187,152,132,145,119,79,28,15,957,29661,18276,17262,19636,19660,18888,14629,7689,3873,149578
CED210,25509,17913,18294,17618,18939,17916,14036,8227,3738,142198,25,36,22,15,17,13,20,9,16,168,13,29,17,20,26,18,19,4,0,160,547,890,785,512,505,503,418,272,189,4615,4,12,16,25,28,34,25,5,3,153,3,4,8,6,19,13,11,0,0,66,3,3,7,5,8,18,11,0,0,61,0,0,3,8,5,12,4,0,0,42,3,3,0,5,3,3,0,0,0,13,0,0,9,4,5,7,0,0,0,28,0,0,0,0,0,0,0,0,0,0,578,951,841,582,600,602,499,285,189,5126,600,984,864,595,614,619,524,289,205,5292,70,127,110,85,87,118,60,8,11,676,26174,19021,19275,18301,19642,18649,14617,8527,3950,148166
CED211,26232,16306,19346,20805,18754,15217,12436,7993,4126,141216,15,13,16,8,13,15,5,8,13,107,3,9,18,9,20,26,22,4,3,120,343,446,557,372,301,281,250,185,135,2873,7,9,9,8,21,22,7,3,0,85,6,3,7,4,10,6,13,8,0,48,4,6,0,3,0,7,6,0,0,30,0,0,5,3,0,7,7,0,0,29,0,0,0,0,3,3,3,0,0,12,0,3,6,0,0,3,0,0,0,15,0,0,0,0,0,0,0,0,0,0,363,471,604,401,357,354,315,206,141,3209,375,483,622,413,374,369,319,212,155,3314,162,209,197,133,236,517,281,60,5,1794,26768,16999,20165,21352,19355,16100,13043,8269,4283,146325
CED212,25763,16273,16439,18396,19680,17248,14011,8060,3468,139334,21,17,13,21,19,19,13,13,6,147,7,12,18,17,20,40,29,4,3,143,472,638,692,465,414,428,406,318,235,4069,3,5,13,23,16,24,23,3,0,109,0,4,7,7,7,7,9,0,0,46,5,6,10,4,13,8,8,0,4,59,3,9,4,5,10,6,8,4,0,40,6,3,0,3,0,0,0,0,0,8,0,3,0,0,0,0,0,0,0,3,0,0,0,0,0,0,0,0,0,0,502,680,747,521,478,516,475,332,245,4489,521,696,762,537,496,536,495,347,250,4633,74,164,110,73,68,97,79,25,11,697,26354,17132,17309,19011,20243,17875,14582,8430,3726,144661
CED213,25919,15154,13716,16821,19931,19777,17834,9764,4217,143134,17,30,17,21,26,31,31,18,10,206,11,44,67,35,29,30,63,14,0,292,620,739,724,551,582,768,775,341,149,5249,16,53,49,30,46,46,46,11,3,295,10,9,3,10,8,12,18,3,0,84,4,25,18,10,13,14,9,7,0,102,4,8,6,5,11,8,14,5,3,68,0,4,11,0,3,3,0,0,0,20,0,10,15,0,0,3,3,0,3,38,0,0,0,0,0,0,0,0,0,3,675,893,887,637,700,882,929,383,157,6141,691,921,910,662,725,917,963,396,171,6347,75,97,91,58,52,60,39,29,7,512,26688,16169,14720,17544,20705,20751,18832,10188,4399,149993
CED214,28128,18625,29176,25551,20827,16194,10786,7089,3372,159744,21,36,29,18,35,18,19,11,12,197,12,24,36,35,38,37,37,7,3,239,433,568,715,560,401,429,352,230,156,3850,7,13,25,18,37,28,40,9,0,175,7,6,20,20,17,22,14,3,0,110,4,3,18,15,6,14,9,0,0,74,0,7,7,0,5,15,10,0,0,41,0,3,0,4,3,3,0,0,0,16,0,5,4,0,3,8,10,0,0,29,0,0,0,0,0,0,0,0,0,0,467,624,825,653,520,561,469,256,162,4535,491,658,847,672,549,577,492,271,176,4732,88,395,298,144,160,286,141,19,9,1533,28704,19675,30328,26364,21533,17061,11419,7380,3553,166013
CED215,24343,14464,14633,14734,17634,19443,15898,8494,3407,133043,31,33,16,16,32,32,27,24,7,211,7,23,65,27,47,70,50,20,4,313,534,924,855,609,632,819,615,352,173,5518,14,26,75,22,36,46,19,3,0,237,3,6,10,8,9,25,14,4,0,83,7,15,25,12,17,22,19,3,0,118,7,5,0,6,15,18,26,6,0,74,0,0,5,3,0,3,3,0,0,16,0,3,11,8,7,0,6,3,0,36,0,0,0,0,0,0,0,0,0,0,576,1010,1043,693,758,996,754,389,185,6400,602,1041,1056,707,791,1027,783,408,192,6609,42,134,104,45,46,45,36,14,13,481,24989,15640,15792,15492,18477,20512,16717,8914,3608,140135
CED216,27087,16716,14301,18716,22393,17417,12648,6960,4778,141014,5,12,7,4,15,7,10,19,12,92,16,14,29,29,24,40,37,11,8,194,304,407,489,304,297,362,272,206,176,2829,12,13,22,11,18,18,17,8,3,124,0,10,5,3,8,13,11,3,0,65,4,5,9,8,10,11,17,3,3,65,0,3,3,0,12,4,3,7,0,29,0,0,4,0,3,3,0,0,0,16,0,0,3,0,0,9,3,0,0,24,0,0,0,0,0,0,0,0,0,0,338,457,559,361,372,453,355,250,192,3338,344,472,563,367,384,458,365,266,211,3429,211,350,184,184,185,225,154,49,5,1533,27641,17533,15050,19260,22958,18106,13168,7273,4985,145977
CED217,45291,24746,29411,30983,23750,18354,11291,4103,1262,189184,24,48,23,28,19,16,6,8,7,181,7,15,23,29,22,16,4,3,0,124,620,588,775,539,352,343,248,148,58,3677,7,11,20,16,19,21,7,3,0,106,4,7,5,5,3,10,7,5,0,48,3,7,14,12,10,11,4,0,0,54,7,5,10,3,0,7,0,0,0,32,0,0,4,0,3,0,0,0,0,11,0,0,4,0,0,0,0,0,0,6,0,0,0,0,0,0,0,0,0,0,646,632,849,599,422,403,268,165,66,4055,671,684,871,626,439,422,276,168,68,4237,79,180,176,114,184,394,281,50,3,1463,46040,25600,30460,31728,24380,19170,11854,4324,1336,194887
CED218,21308,20183,31235,20424,18203,14515,10962,6625,3319,146774,3,15,14,10,3,16,8,4,5,86,18,40,129,96,104,83,53,10,3,543,328,596,917,519,425,443,391,288,187,4092,7,25,50,31,38,42,20,3,0,213,8,12,39,16,22,29,15,9,0,145,3,9,35,19,28,30,27,3,0,150,0,6,8,4,8,12,13,3,0,56,4,7,4,0,4,8,0,0,0,25,0,5,13,4,3,11,3,3,0,39,0,0,0,0,0,0,0,0,0,0,360,700,1186,692,633,653,531,317,190,5265,367,710,1204,702,638,668,540,322,198,5350,174,603,574,250,333,379,228,56,9,2597,21849,21498,33011,21378,19177,15557,11730,7005,3524,154724
CED219,45033,26654,31571,29298,24297,19009,11064,5261,2006,194195,28,29,38,26,15,23,12,14,6,196,10,17,21,24,31,36,16,5,0,151,536,662,738,443,342,286,221,136,80,3442,20,16,17,22,33,27,10,10,0,145,12,14,4,12,15,13,7,0,0,68,3,5,10,8,5,6,3,3,0,44,0,0,3,3,3,4,8,0,0,26,0,0,4,4,0,0,0,0,0,12,0,0,14,0,0,0,0,0,0,19,0,0,0,0,0,0,0,0,0,0,581,714,809,507,417,373,265,160,80,3909,608,747,848,534,435,394,278,174,84,4100,99,137,168,119,243,706,422,66,14,1978,45743,27532,32587,29956,24974,20107,11770,5502,2110,200281
CED220,26442,18640,21110,20747,19634,16040,11905,7867,3907,146299,30,13,19,27,25,14,22,17,3,164,7,11,27,14,23,26,12,4,3,131,336,416,553,408,371,279,269,214,161,3011,5,11,12,17,18,21,8,5,4,106,3,3,9,3,0,5,3,0,0,33,0,8,13,9,3,3,9,3,0,56,0,3,8,7,3,16,0,3,0,39,0,0,0,0,0,0,0,0,0,3,3,0,3,0,3,8,5,0,0,15,0,0,0,0,0,0,0,0,0,0,354,450,624,459,428,357,316,233,174,3392,390,466,640,482,452,371,332,246,181,3564,131,324,266,130,236,408,184,47,7,1737,26955,19425,22017,21364,20320,16819,12427,8168,4095,151594
CED221,24429,13912,12987,15198,18192,19169,15062,7742,3492,130173,21,35,22,21,17,31,30,25,12,218,295,335,290,258,271,259,138,47,28,1916,1893,1689,1453,1472,1367,1206,931,282,164,10460,283,234,246,232,197,139,70,8,0,1419,132,203,188,143,111,107,62,17,0,963,37,85,80,53,69,62,18,3,0,409,33,14,44,21,33,34,30,10,0,218,28,35,33,9,5,4,4,0,0,115,8,22,30,16,19,11,3,0,0,108,0,0,0,0,0,0,0,0,0,0,2705,2623,2366,2199,2068,1824,1252,376,197,15605,2727,2660,2387,2218,2085,1855,1282,397,210,15826,78,321,308,115,76,81,62,20,6,1077,27229,16897,15683,17538,20355,21105,16407,8159,3704,147073
CED222,29718,18494,21273,23110,21585,16885,11885,6528,3227,152706,22,12,16,31,16,16,17,11,8,149,10,16,18,16,26,23,20,3,4,138,409,492,620,378,345,267,235,147,101,2995,6,13,13,7,12,26,25,3,3,111,3,6,3,3,4,9,8,0,0,33,7,6,5,6,9,5,5,3,0,51,0,4,5,8,0,4,6,3,0,30,0,3,3,0,0,0,0,0,0,7,8,3,3,5,3,3,0,0,0,30,0,0,0,0,0,0,0,0,0,0,441,545,671,430,400,336,299,159,108,3383,463,559,687,456,410,353,310,175,113,3534,94,214,149,107,147,275,219,35,14,1255,30276,19265,22109,23673,22142,17519,12415,6737,3362,157494
CED223,25591,16334,16587,19178,19025,17008,12115,6417,3168,135430,11,16,8,10,13,12,11,14,8,103,0,10,39,8,18,31,24,7,3,138,360,496,568,376,391,406,341,337,211,3491,10,28,38,16,22,19,26,9,4,175,3,4,8,5,9,4,13,0,0,44,7,4,8,7,5,13,8,0,0,52,0,0,3,4,14,6,13,9,0,46,3,6,12,0,7,3,0,0,0,29,0,4,4,0,3,4,0,5,0,18,0,0,0,0,0,0,0,0,0,0,389,554,671,418,469,491,417,366,217,3988,400,572,681,426,487,505,425,378,226,4095,124,228,172,101,102,240,120,31,4,1127,26115,17137,17440,19712,19608,17750,12665,6826,3400,140648
CED224,23612,21529,19340,16993,19792,15589,11393,6712,4097,139050,7,17,4,12,15,10,8,6,10,88,11,33,51,40,38,33,29,17,0,250,333,554,611,335,294,331,271,224,125,3079,6,26,35,29,38,26,26,0,5,188,3,11,10,9,14,16,13,3,0,78,0,12,14,15,15,6,15,7,0,90,3,5,7,3,4,14,9,0,0,49,5,7,0,0,0,0,3,0,0,14,0,10,6,4,3,5,5,3,0,34,0,3,0,0,0,0,0,0,0,3,365,665,726,430,410,443,362,256,132,3789,375,674,733,443,419,448,367,266,149,3875,296,729,343,265,376,416,252,89,11,2770,24283,22932,20416,17695,20589,16459,12007,7062,4250,145693
CED225,32656,20622,17612,22682,23043,17158,10500,4955,1971,151202,20,18,16,5,18,13,7,5,10,105,14,10,12,17,11,23,21,3,3,105,394,598,578,353,276,279,227,174,127,3003,3,3,11,3,19,18,10,4,0,79,3,0,3,4,5,6,7,0,0,34,3,5,5,4,6,15,3,3,0,45,3,3,3,0,0,8,4,0,0,20,0,3,0,0,0,0,0,0,0,9,3,0,3,0,0,3,0,0,0,9,0,0,0,0,0,0,0,0,0,0,417,621,617,386,319,345,265,186,133,3300,435,641,631,396,334,358,275,197,137,3408,85,147,93,104,111,275,187,48,7,1058,33178,21409,18334,23176,23497,17790,10970,5193,2120,155671
CED226,55643,27097,42465,37784,26528,18846,10890,4596,1511,225359,44,42,19,28,19,17,14,9,0,194,33,15,48,35,29,38,25,5,0,223,674,663,915,542,432,349,254,180,80,4081,7,19,33,16,26,32,25,0,0,158,6,14,11,17,7,7,11,0,0,79,13,3,10,16,9,4,0,3,0,63,3,6,13,4,10,13,13,0,0,59,5,3,3,4,0,4,0,0,0,19,0,3,3,9,8,5,0,0,0,30,0,0,0,0,0,0,0,0,0,0,736,736,1049,639,520,441,328,188,84,4715,776,774,1063,671,541,466,338,197,85,4912,186,293,376,205,468,1347,699,100,11,3684,56607,28163,43902,38667,27532,20651,11930,4884,1609,233953
CED227,24133,14553,14105,14114,17476,18257,14206,8830,4251,129933,41,34,28,27,21,27,28,23,6,232,30,88,73,54,97,112,76,27,15,561,476,850,805,509,574,694,556,286,151,4896,14,17,39,11,29,51,53,8,0,225,35,69,88,81,118,165,151,60,9,776,6,3,10,11,8,35,14,6,0,97,3,9,4,11,12,18,27,9,0,89,0,5,3,0,4,5,4,0,0,27,0,0,4,0,5,9,5,0,0,22,0,0,0,0,0,0,0,0,0,0,571,1036,1021,674,848,1081,889,395,172,6695,616,1071,1048,701,869,1112,916,418,181,6926,40,462,428,115,89,90,62,13,6,1310,24788,16092,15583,14924,18434,19456,15188,9262,4440,138171
CED228,27221,21766,26567,21745,20958,17590,12799,8271,3623,160532,20,34,32,26,26,10,17,13,11,193,13,13,33,28,27,23,19,3,0,164,494,614,903,543,478,378,300,271,151,4134,16,24,30,23,49,23,25,6,0,198,22,11,21,17,13,15,6,6,3,106,6,19,22,25,7,13,16,3,0,104,0,3,3,6,8,16,15,4,3,57,0,0,5,0,3,0,0,0,0,9,0,3,4,0,7,3,0,0,0,16,0,0,0,0,0,0,0,0,0,0,546,687,1012,644,584,469,381,291,161,4781,567,727,1049,669,614,477,399,307,169,4978,131,259,238,157,193,315,157,43,4,1503,27918,22743,27846,22572,21762,18384,13358,8622,3801,167004
CED229,48171,25260,30326,30740,27095,20477,13249,5494,2020,202842,31,24,23,8,15,15,9,12,5,140,22,52,42,35,25,46,38,9,3,277,556,777,781,485,409,406,331,185,105,4033,10,69,79,24,28,38,20,3,0,275,3,11,16,8,14,10,19,3,0,93,9,9,6,13,22,24,8,3,3,98,3,4,5,0,9,16,9,5,0,51,4,12,10,0,5,0,3,0,0,33,3,3,3,4,4,3,3,0,0,22,0,0,0,0,0,0,0,0,0,0,605,940,952,579,520,540,425,212,117,4880,632,967,966,591,532,549,441,217,119,5017,87,191,133,94,148,389,270,44,10,1366,48894,26416,31427,31426,27777,21420,13968,5752,2146,209227
CED230,32891,17962,19407,19044,20527,19699,16275,8610,3604,158018,19,43,28,17,22,21,32,25,13,213,10,12,18,7,21,15,30,8,0,131,593,905,843,440,529,540,477,234,152,4711,21,17,24,23,33,33,23,6,3,176,10,3,8,14,9,7,11,8,0,60,17,3,11,9,9,12,8,0,0,78,0,3,3,3,11,9,3,0,0,32,0,7,4,4,0,7,0,0,0,15,0,0,3,0,0,7,7,0,0,16,0,0,0,0,0,0,0,0,0,0,653,949,917,502,609,625,553,258,159,5226,672,992,945,517,629,651,586,282,164,5437,79,162,139,66,74,147,79,19,3,774,33647,19117,20486,19625,21229,20497,16943,8914,3774,164229
CED231,18800,45466,61362,26804,17805,13728,8909,4516,2106,199501,29,84,71,22,17,14,9,8,4,248,105,405,964,1125,1309,983,397,81,13,5390,866,2262,2852,1695,1458,1370,1008,543,217,12270,104,253,464,456,685,513,235,45,4,2757,63,173,227,276,353,302,143,35,7,1577,49,174,268,303,363,307,177,36,4,1680,53,187,83,147,182,253,139,30,3,1066,27,35,30,29,23,29,11,0,0,174,9,45,98,88,103,73,35,0,0,460,0,6,0,0,0,0,0,0,0,11,1271,3545,4989,4114,4480,3824,2136,771,253,25387,1297,3627,5058,4138,4497,3832,2146,776,259,25634,704,4757,3838,1813,1979,1443,508,145,28,15231,20804,53844,70263,32759,24285,19009,11563,5444,2390,240358
CED232,18705,17978,39707,24924,18587,14876,10445,4902,2748,152883,6,19,28,11,5,14,13,3,4,106,68,135,429,552,635,393,149,37,6,2411,470,813,1320,903,833,763,537,314,249,6200,34,90,183,211,310,230,98,25,3,1184,17,23,80,87,121,130,59,8,0,531,23,67,83,131,200,159,72,32,0,756,5,26,29,42,56,67,36,10,0,277,4,13,8,7,7,10,13,0,0,57,3,6,35,28,35,19,14,0,0,138,0,0,0,0,0,0,0,0,0,0,620,1183,2164,1956,2203,1762,973,433,262,11555,633,1203,2191,1970,2206,1779,989,435,261,11663,416,1433,1458,750,804,687,209,64,12,5841,19753,20610,43359,27645,21604,17337,11641,5400,3029,170383
CED233,22408,17440,14377,16115,19623,16650,13104,8832,3804,132352,4,11,10,6,4,9,10,12,5,71,7,9,15,16,16,24,15,7,3,102,274,350,495,253,236,256,229,208,123,2421,9,17,17,8,8,19,15,3,3,105,0,5,3,5,3,0,6,0,0,29,6,0,6,11,3,8,3,3,0,44,0,0,3,0,3,3,3,0,0,16,0,0,4,0,4,0,0,0,0,5,0,4,3,0,3,4,3,0,0,17,0,0,0,0,0,0,0,0,0,0,299,389,544,289,273,315,272,224,137,2746,306,398,549,299,273,320,283,242,141,2818,239,227,219,235,328,501,262,71,11,2093,22955,18069,15149,16644,20229,17472,13648,9147,3956,137267
CED234,26041,15162,14227,15327,18470,18723,15106,9036,3952,136058,42,35,37,36,28,28,20,26,14,267,33,74,48,55,62,95,65,25,7,478,554,819,756,526,573,661,599,360,145,4998,16,13,18,16,31,48,51,13,0,198,8,13,17,34,26,21,17,11,0,149,4,8,14,3,16,24,14,6,0,94,0,0,3,8,3,24,5,6,0,53,4,6,3,0,10,3,0,0,0,30,0,3,6,3,0,4,11,3,0,25,0,0,0,0,0,0,0,0,0,0,620,941,858,660,725,875,773,418,153,6028,662,975,901,692,752,901,787,446,168,6297,42,153,179,55,68,104,52,6,0,663,26748,16291,15298,16078,19290,19739,15947,9492,4124,143016
CED235,32085,21826,25553,22573,21550,18040,12324,6715,2291,162956,23,32,24,9,17,13,18,9,0,152,12,16,13,25,16,10,5,5,5,103,473,541,737,480,364,345,294,236,99,3575,4,14,19,12,3,16,5,3,0,77,0,7,0,3,3,6,7,0,0,20,3,6,3,6,8,5,0,0,0,28,0,3,0,0,8,3,3,0,0,15,0,0,3,0,3,0,0,0,0,5,0,0,4,3,0,0,0,0,0,7,0,0,0,0,0,0,0,0,0,0,496,588,784,524,400,386,315,250,99,3832,514,615,803,531,414,403,331,256,102,3990,110,179,204,104,189,487,265,46,3,1588,32712,22623,26563,23216,22152,18932,12926,7017,2399,168528
CED236,22679,13635,12073,14017,17700,18368,14659,8239,3660,125026,41,30,18,19,23,30,20,20,12,215,14,13,31,21,39,50,39,7,5,227,424,783,735,481,556,604,458,215,156,4411,11,20,24,19,32,34,13,4,3,155,31,45,50,40,63,70,46,11,3,359,7,9,17,16,7,16,8,3,0,91,0,3,9,3,5,18,13,6,0,62,0,7,13,4,7,5,0,0,0,36,0,0,3,3,0,3,0,0,0,11,0,0,0,0,0,0,0,0,0,0,486,877,877,585,710,805,592,252,162,5353,530,913,895,605,735,834,607,268,180,5575,75,245,221,117,103,60,50,12,7,878,23280,14790,13192,14737,18531,19266,15315,8518,3839,131476
CED237,26729,20067,35058,25788,19470,14055,9588,8393,4190,163342,19,19,33,19,20,12,25,18,5,163,10,27,34,30,27,46,26,7,5,212,372,558,798,428,439,375,264,251,143,3626,4,21,21,15,15,27,15,7,0,134,5,13,22,9,7,13,11,0,0,91,8,13,18,0,11,22,20,5,0,96,0,11,5,0,10,18,9,3,0,53,0,3,6,5,0,0,3,0,0,20,5,3,11,0,3,0,11,0,0,34,0,0,0,0,0,0,0,0,0,0,406,639,913,491,513,499,367,274,145,4257,428,659,944,505,531,512,393,289,156,4422,109,343,359,140,169,265,152,33,11,1577,27269,21073,36361,26438,20168,14828,10132,8716,4351,169341
CED297,0,0,4,3,6,8,0,0,0,26,0,0,0,0,0,0,0,0,0,0,0,3,3,3,5,3,4,0,0,18,0,9,53,74,74,49,5,3,0,274,0,0,0,3,3,3,0,0,0,18,0,0,5,0,0,0,0,0,0,4,0,0,0,0,0,0,0,0,0,3,0,0,0,5,3,0,0,0,0,6,0,0,0,0,0,0,0,0,0,4,0,0,0,0,0,0,0,0,0,3,0,0,0,0,0,0,0,0,0,0,0,16,62,85,87,58,14,3,0,328,0,16,62,85,87,58,14,3,0,328,0,13,14,3,6,0,0,0,0,34,0,29,73,92,94,68,14,3,3,380
CED301,34308,19865,21174,19013,19023,16411,11486,5891,2110,149290,44,35,30,23,15,26,20,13,4,220,9,44,48,26,57,64,72,34,11,363,5,13,19,16,27,45,71,21,3,212,642,901,834,532,496,485,379,205,113,4583,0,5,6,5,13,12,11,3,0,57,0,3,3,0,7,6,12,4,0,36,0,4,0,0,0,17,9,0,0,33,10,9,15,11,4,5,0,0,0,50,0,0,0,10,5,7,8,0,0,32,0,0,0,0,0,0,0,0,0,0,673,978,929,598,607,644,564,261,122,5370,715,1011,956,620,624,672,582,270,131,5587,104,132,72,61,61,96,59,20,4,616,35123,21010,22205,19694,19708,17180,12129,6183,2238,155489
CED302,28168,18810,18450,20831,20162,15616,11338,6594,3037,142994,18,18,15,18,9,13,12,8,11,128,19,32,43,43,55,86,105,47,18,449,10,22,38,18,35,53,78,32,4,295,446,615,593,392,382,381,309,141,67,3332,4,5,10,3,6,8,21,3,0,54,5,10,3,6,8,13,12,0,0,50,3,12,3,3,10,5,22,9,0,64,0,3,8,0,0,0,5,0,0,23,3,0,3,3,5,13,8,5,0,42,0,0,0,0,0,0,0,0,0,0,494,693,709,473,500,564,546,234,94,4306,518,710,729,490,511,573,563,244,106,4435,285,456,283,219,237,383,237,76,10,2182,28968,19976,19464,21535,20906,16571,12133,6910,3147,149615
CED303,26890,17149,14890,17659,20158,18661,14388,7183,3139,140128,22,15,17,8,22,9,17,20,8,131,17,32,35,17,44,92,109,39,17,392,14,11,16,17,19,44,73,34,9,226,522,613,607,431,410,403,334,159,93,3577,8,3,4,4,7,13,23,4,0,68,6,9,3,7,3,10,10,3,0,52,3,0,0,3,3,7,12,11,0,41,5,3,6,3,8,3,0,0,0,33,0,4,0,3,0,6,7,0,0,26,0,0,0,0,0,0,0,0,0,0,575,677,663,481,500,575,560,246,122,4406,600,694,677,492,521,585,576,268,128,4541,90,198,119,79,89,156,105,48,7,902,27582,18047,15685,18230,20772,19402,15070,7501,3276,145570
CED304,21503,25207,36267,23307,19558,14028,8598,4062,2153,154689,6,23,42,15,22,12,9,4,0,135,64,172,411,337,411,342,229,78,17,2067,25,96,271,283,260,193,195,56,8,1392,738,1600,1643,1135,1092,1130,935,361,153,8786,11,28,55,68,74,98,68,21,9,430,14,32,102,93,105,110,52,20,3,530,8,10,19,21,30,30,30,3,0,153,3,12,34,13,15,17,4,0,0,100,10,4,41,42,46,29,10,0,0,183,0,0,0,3,0,0,3,0,0,6,862,1963,2583,1992,2036,1943,1527,553,192,13651,869,1988,2625,2006,2059,1954,1533,555,195,13786,430,2111,1953,822,910,709,379,127,16,7454,22800,29303,40850,26130,22524,16689,10514,4748,2364,175925
CED305,30365,17451,18469,17998,18987,16792,11326,6118,2364,139863,25,34,37,34,20,30,17,16,6,223,27,49,156,122,165,355,449,130,20,1482,36,34,61,65,78,286,545,203,31,1351,682,1488,3146,2945,3181,2363,975,337,126,15241,3,3,22,20,33,66,151,42,3,346,8,4,18,21,34,45,48,8,0,191,0,0,7,12,22,49,83,27,0,201,3,5,0,7,3,8,3,4,0,37,0,0,3,6,9,18,30,13,0,78,0,0,0,0,0,0,0,0,0,0,765,1596,3419,3194,3524,3184,2290,770,184,18919,788,1626,3456,3228,3542,3214,2312,788,187,19137,107,182,171,89,140,138,101,32,6,969,31259,19254,22097,21316,22671,20145,13733,6939,2560,159974
CED306,29772,17916,19121,18905,20365,17952,12179,6263,2380,144848,28,32,29,23,35,22,17,15,3,208,153,120,238,237,276,523,827,256,41,2667,199,121,221,207,303,607,947,287,39,2931,715,1223,1236,906,1037,1337,1181,410,116,8164,17,35,54,36,48,141,234,52,5,620,19,8,40,35,50,86,89,15,3,338,14,3,8,21,40,123,128,27,7,372,3,5,13,3,8,10,3,0,0,50,22,18,27,22,34,29,51,14,0,213,0,0,0,0,0,0,0,0,0,3,1136,1524,1832,1472,1791,2853,3460,1057,214,15353,1167,1558,1860,1490,1829,2878,3481,1074,218,15559,255,1295,1221,294,481,382,204,85,20,4241,31197,20763,22203,20689,22675,21208,15871,7421,2619,164654
CED307,31000,17887,16836,20616,20315,15855,11456,4388,1689,140042,22,24,6,11,16,11,4,6,0,98,5,18,21,19,16,52,66,21,4,231,7,15,16,10,6,25,44,22,6,159,494,666,469,334,271,288,282,113,54,2972,0,4,5,0,0,14,13,0,5,49,11,4,13,10,4,9,12,3,3,59,0,0,0,6,3,10,16,13,0,43,3,13,5,7,5,6,0,0,0,28,3,0,3,0,4,3,9,0,0,22,0,0,0,0,0,0,0,0,0,3,520,718,531,385,316,401,434,180,79,3558,541,737,536,400,329,411,443,184,76,3655,93,178,81,78,55,115,102,24,9,746,31627,18798,17457,21089,20702,16385,12001,4594,1779,144443
CED308,31644,21105,20777,22086,22284,18452,15671,7677,2904,162602,15,39,16,22,24,18,11,15,7,171,95,92,83,87,91,181,272,112,33,1045,94,48,71,49,70,147,282,157,27,943,551,685,663,487,392,459,374,149,65,3831,27,4,21,22,15,48,74,32,8,260,18,13,24,13,18,20,17,3,0,128,20,8,6,19,11,19,48,32,3,177,5,6,3,3,6,6,0,0,0,27,0,0,3,0,3,15,19,10,0,53,0,0,0,0,0,0,0,0,0,5,818,858,877,690,612,898,1087,486,144,6469,831,896,898,711,630,913,1104,501,155,6636,263,364,217,207,274,381,290,123,18,2142,32736,22369,21892,23004,23188,19737,17059,8301,3080,171385
CED309,27856,15819,15476,18664,20701,18973,15614,8423,3592,145122,29,13,24,18,22,24,16,24,4,167,70,43,77,78,81,189,404,176,33,1142,58,28,71,62,92,358,1003,576,106,2363,596,838,809,597,562,715,643,357,148,5273,15,21,3,11,19,60,179,78,7,400,10,0,9,10,13,29,31,9,0,116,6,8,3,10,25,81,183,78,11,396,4,3,11,3,5,9,4,0,0,45,0,3,0,4,3,21,57,9,0,104,0,0,0,0,0,3,0,0,0,3,751,942,996,783,802,1463,2507,1293,308,9830,784,956,1019,798,819,1486,2522,1312,311,9996,195,352,192,107,148,233,393,217,37,1884,28838,17130,16683,19570,21675,20692,18528,9952,3941,157001
CED310,24231,15166,13636,16355,17957,16952,15647,8938,3772,132655,21,27,17,16,13,21,26,18,12,180,68,38,80,69,119,204,377,188,18,1164,87,24,93,97,114,390,914,633,132,2486,618,895,821,651,649,855,683,300,142,5614,33,9,23,30,27,75,143,91,18,454,9,4,14,10,15,34,19,7,0,111,3,3,3,8,18,79,188,114,11,430,5,8,4,3,6,4,11,0,0,48,10,8,8,6,11,28,44,19,3,140,0,0,0,0,0,0,0,0,0,3,834,994,1052,881,971,1676,2377,1349,324,10451,859,1021,1073,894,985,1696,2404,1367,334,10628,229,698,369,168,281,421,742,325,51,3277,25322,16882,15080,17412,19223,19066,18788,10629,4156,146557
CED311,33251,16335,18951,19132,20736,17707,11924,5287,1600,144916,52,41,44,35,23,28,26,24,4,284,60,62,164,129,205,522,754,218,22,2135,23,26,59,54,104,364,734,247,15,1628,721,1338,2078,1869,2179,2166,1305,379,78,12121,8,7,22,21,26,113,220,45,4,462,15,10,31,23,32,60,68,5,0,240,7,6,8,6,26,75,114,21,0,275,0,4,12,3,7,10,3,0,0,38,0,0,3,0,10,12,30,3,3,66,0,0,0,0,0,0,0,0,0,0,827,1466,2377,2112,2590,3318,3231,916,123,16952,879,1509,2416,2141,2622,3351,3257,938,125,17236,86,345,585,204,123,98,98,43,10,1599,34215,18189,21950,21478,23475,21154,15276,6276,1731,163747
CED312,36296,21446,22223,22106,20104,16618,12458,5539,2043,158831,42,29,24,15,16,24,20,15,7,175,18,28,29,43,45,60,76,35,16,362,7,6,19,16,23,44,47,31,8,209,621,777,723,455,357,348,236,117,53,3689,0,3,0,5,7,13,13,3,4,43,3,3,8,12,10,0,4,0,0,38,4,3,0,3,3,4,20,10,0,48,0,8,4,3,0,3,0,0,0,20,0,3,5,0,3,6,0,3,0,21,0,0,0,0,0,0,0,0,0,5,655,827,792,540,446,491,395,197,80,4426,703,854,815,551,464,511,412,213,80,4604,133,204,105,76,106,177,131,48,7,990,37121,22508,23144,22734,20682,17302,12993,5800,2131,164421
CED313,24472,22002,31661,23793,19079,13587,8168,4412,2393,149564,18,28,23,14,18,14,9,11,4,131,29,59,138,113,99,115,89,38,12,687,15,34,78,75,86,60,62,16,3,431,759,953,1200,711,667,677,655,397,255,6282,5,0,16,21,21,23,25,14,0,119,4,12,30,33,26,26,9,3,0,146,3,3,13,3,14,22,15,18,4,84,7,4,6,11,8,6,4,0,0,48,3,7,7,3,11,15,10,4,0,61,0,0,0,0,0,0,0,0,0,0,829,1076,1490,966,930,936,871,489,272,7870,849,1101,1514,975,949,953,874,497,280,7995,169,1256,739,268,322,346,191,44,12,3346,25494,24360,33909,25040,20347,14887,9234,4957,2684,160912
CED314,29800,18436,17648,17010,17825,16462,12858,7630,3369,141046,32,42,28,18,23,18,20,13,11,209,50,92,63,52,49,81,89,34,17,532,7,9,29,21,20,37,70,20,3,223,738,1299,872,545,598,653,461,244,129,5530,3,7,7,5,7,16,21,13,5,83,0,4,9,5,8,11,24,4,0,72,0,0,0,0,0,24,10,4,0,45,10,12,9,5,6,0,3,0,0,50,0,7,3,3,3,4,8,3,0,34,0,0,0,0,0,0,0,0,0,0,809,1427,999,639,698,833,684,326,152,6560,846,1470,1023,663,718,847,701,338,160,6775,86,232,133,65,66,98,61,31,4,779,30735,20139,18808,17744,18612,17412,13623,7996,3531,148598
CED315,31976,23613,22586,19730,19047,15860,10670,5132,1904,150514,62,45,49,36,22,31,11,8,4,260,58,115,105,84,148,270,329,125,30,1265,72,83,103,90,125,306,424,242,48,1497,871,1600,1173,822,1011,1157,1009,412,144,8197,5,25,25,22,32,58,80,33,11,297,28,17,27,27,39,54,44,24,0,252,7,8,13,19,20,63,72,22,11,221,17,34,23,19,11,10,10,0,0,117,7,9,14,7,32,49,25,16,0,156,0,0,0,0,0,0,0,0,0,0,1059,1889,1478,1089,1416,1965,1984,878,245,12005,1123,1930,1525,1127,1433,1995,1994,886,246,12265,123,528,341,130,158,207,161,68,14,1728,33222,26067,24454,20990,20638,18053,12819,6085,2165,164503
CED316,23892,13755,12501,13942,16687,18740,19327,10704,3647,133203,22,24,16,25,11,16,23,32,8,179,60,44,87,68,94,402,770,324,37,1880,44,28,60,55,110,427,1157,527,78,2488,575,901,750,660,807,1141,1061,421,134,6456,11,9,7,14,12,75,246,124,10,504,7,5,10,8,17,38,39,10,0,127,3,4,5,12,22,84,201,62,0,396,3,5,3,3,3,5,3,0,0,24,3,0,6,10,3,35,35,21,0,102,0,0,0,0,0,0,0,0,0,0,708,991,933,828,1072,2196,3503,1483,260,11972,732,1012,948,853,1081,2214,3533,1514,265,12159,156,684,539,137,177,179,176,69,12,2128,24777,15449,13992,14936,17943,21136,23033,12295,3930,147487
CED317,30723,16542,16994,17348,19980,19437,14878,7568,2569,146039,97,58,76,47,53,56,32,30,15,464,117,87,143,118,193,703,1378,337,36,3103,63,43,103,88,173,710,1377,355,31,2937,930,1442,1572,1321,1566,2103,2074,575,129,11712,9,19,22,23,54,228,405,112,7,883,21,19,39,48,70,157,190,40,5,588,8,11,15,7,21,105,185,48,0,394,46,40,23,19,18,21,15,3,0,187,12,0,10,13,11,31,50,6,0,141,0,0,0,0,0,0,0,0,0,0,1205,1658,1925,1636,2105,4056,5662,1474,210,19936,1307,1719,1998,1686,2158,4105,5695,1504,225,20397,188,869,824,184,233,219,173,46,4,2741,32210,19130,19819,19219,22371,23765,20753,9114,2801,169183
CED318,35284,19651,22636,23635,23682,19968,12919,5289,1919,164965,154,91,71,65,63,39,20,18,3,522,281,227,516,486,574,1000,1263,442,75,4875,560,233,654,713,679,1560,2097,912,146,7540,1093,1486,1988,1490,1811,1879,1429,455,118,11745,109,61,148,132,235,419,560,235,25,1919,65,66,118,88,153,242,227,68,17,1042,25,12,52,52,87,242,233,69,7,782,19,42,64,54,25,26,25,4,0,252,31,21,72,46,46,96,110,47,10,471,0,0,0,0,0,0,0,0,0,3,2183,2148,3608,3056,3610,5452,5943,2228,403,28624,2334,2240,3677,3123,3672,5492,5963,2248,405,29150,1343,3033,2386,1356,1918,1478,997,393,55,12967,38959,24925,28700,28108,29272,26933,19877,7926,2378,207081
CED319,26876,18337,23738,21916,19598,15741,11328,7286,3777,148585,22,25,22,11,10,14,5,11,7,116,17,34,36,32,44,62,65,22,11,331,12,18,30,18,24,29,50,18,6,201,491,647,733,420,436,488,450,341,247,4255,0,4,3,11,3,9,18,11,0,61,3,3,27,23,9,6,12,5,0,100,3,3,3,3,11,6,11,6,3,45,0,4,3,0,7,5,3,0,0,27,5,0,9,7,3,11,6,3,0,50,0,0,0,0,0,0,0,0,0,0,540,724,841,512,535,617,631,410,271,5071,561,744,869,521,542,632,637,420,271,5190,129,313,234,120,151,286,173,30,11,1449,27570,19398,24834,22558,20286,16656,12135,7738,4056,155231
CED320,32104,19531,18478,19078,20018,18244,15883,7308,2680,153323,29,29,37,21,13,27,20,18,3,194,27,33,40,23,51,91,173,62,14,507,25,14,30,28,15,81,148,80,14,425,683,793,747,462,454,537,462,198,112,4434,6,0,5,3,3,10,56,10,3,92,3,3,8,9,13,18,6,0,0,59,0,0,7,6,6,18,38,13,3,83,0,3,8,3,0,0,4,0,0,17,0,0,0,3,0,7,21,3,0,37,0,0,0,0,0,0,0,0,0,0,740,853,829,533,539,753,898,364,133,5656,766,885,864,558,551,778,917,384,138,5846,66,322,509,76,61,103,100,48,3,1289,32938,20736,19851,19716,20631,19124,16902,7740,2822,160463
CED321,28872,14717,15125,16036,18636,18907,15710,8187,2955,139137,64,60,43,28,50,27,38,38,16,361,84,84,156,128,204,473,793,210,24,2153,35,26,57,46,121,377,704,226,17,1615,679,1307,1789,1535,1798,1877,1281,351,102,10723,8,9,38,37,67,117,262,61,3,603,10,5,29,15,38,58,92,25,0,258,4,3,13,9,21,55,86,8,0,192,7,3,9,4,6,18,8,0,0,54,3,0,7,7,12,14,32,12,0,86,0,0,0,0,0,0,0,0,0,0,823,1446,2102,1774,2273,2990,3251,889,157,15691,890,1507,2145,1802,2324,3015,3283,925,167,16056,58,271,192,62,47,76,68,17,6,806,29819,16493,17458,17905,21014,22000,19060,9124,3125,156007
CED322,26853,17492,17871,19952,19496,17409,13921,7817,3813,144632,19,24,23,11,12,17,22,12,14,154,126,151,192,164,192,344,540,301,116,2122,105,54,101,130,132,344,867,762,212,2710,416,666,662,485,477,581,514,277,153,4225,4,21,11,10,16,59,113,106,24,362,3,17,19,4,15,28,24,13,5,121,12,12,7,18,20,79,147,105,11,411,3,3,11,3,6,6,9,0,0,37,10,0,0,8,3,46,48,27,5,145,0,0,0,0,0,0,0,0,0,0,683,929,999,817,864,1485,2258,1582,525,10134,698,950,1023,832,877,1504,2285,1588,531,10290,251,563,274,217,212,335,439,207,56,2543,27804,19008,19170,21007,20585,19246,16639,9609,4397,157466
CED323,22324,20405,24390,20102,20015,17958,15776,8535,3791,153293,12,45,41,23,21,28,29,26,13,226,470,316,611,595,545,724,742,319,61,4374,842,224,578,749,576,745,1339,1098,224,6373,874,1056,1285,948,940,919,799,368,212,7398,243,74,139,155,154,151,165,91,26,1198,84,59,87,100,77,113,94,24,6,649,76,41,67,54,69,143,268,137,30,883,14,10,20,7,5,10,8,0,0,77,29,15,32,17,37,58,54,41,13,292,0,0,0,0,0,0,0,0,0,3,2633,1791,2832,2624,2402,2863,3459,2077,567,21248,2644,1834,2869,2645,2418,2884,3490,2103,577,21469,1749,2293,1566,1567,1507,1231,1217,469,85,11691,26719,24530,28826,24316,23942,22071,20481,11110,4453,186454
CED324,27232,23448,27374,21365,18193,14835,10476,5660,2909,151492,11,41,29,10,10,3,14,12,8,140,29,62,58,28,41,61,52,18,4,346,9,7,26,32,22,34,18,17,4,180,429,738,837,416,362,349,257,197,104,3690,5,0,8,4,5,11,26,0,0,55,0,8,11,13,9,6,4,0,0,41,0,0,3,0,0,18,7,6,0,34,5,9,4,10,4,0,0,0,0,29,3,3,0,4,0,3,4,0,0,28,0,0,0,0,0,0,0,0,0,0,485,820,955,500,439,477,370,241,116,4406,497,861,983,515,452,482,379,250,123,4545,247,837,603,246,371,627,285,68,16,3303,27974,25143,28958,22130,19019,15942,11140,5978,3046,159343
CED325,36143,22079,23652,23194,20943,15441,9738,4470,1678,157351,42,41,27,20,16,18,12,7,0,184,40,24,52,41,36,44,32,11,4,289,7,13,19,16,9,18,30,14,9,127,672,698,688,444,333,266,198,91,40,3419,4,0,4,5,7,9,7,5,0,46,6,3,8,0,10,11,3,0,0,34,3,0,3,0,9,5,12,4,3,42,0,0,6,3,3,0,0,0,0,21,0,3,0,0,0,5,0,0,0,19,0,0,0,0,0,0,0,0,0,0,735,748,771,505,414,363,287,124,47,3993,777,794,797,523,430,380,299,128,55,4179,151,280,144,96,177,350,239,60,11,1507,37070,23157,24597,23812,21549,16167,10276,4658,1744,163031
CED326,32198,18453,20344,21850,20384,16931,14408,8143,3758,156463,23,30,11,23,12,22,6,15,3,148,13,26,33,27,68,100,95,43,9,415,14,12,23,34,24,52,97,34,11,298,532,675,616,440,426,409,332,168,105,3710,0,3,4,0,13,11,17,10,9,68,3,4,3,8,12,13,10,0,0,59,3,3,0,3,9,15,26,11,0,66,0,10,3,3,3,3,3,0,0,24,10,0,8,4,3,13,11,7,0,50,0,3,0,0,3,0,0,0,0,7,577,734,693,523,553,626,595,274,133,4693,601,759,709,541,565,647,601,283,142,4842,126,176,112,112,138,266,245,67,18,1261,32923,19395,21163,22496,21092,17836,15258,8492,3912,162571
CED327,40567,24298,27327,24418,21005,17579,11615,4441,1669,172922,29,26,31,17,24,19,10,9,3,172,37,33,52,36,44,46,37,22,7,298,17,22,33,24,38,23,30,11,4,196,700,820,792,453,384,319,186,95,37,3795,3,0,7,3,3,4,7,4,0,31,5,3,10,11,10,5,6,0,0,48,3,0,3,3,3,6,13,0,0,36,3,3,5,3,3,3,0,0,0,13,3,3,0,3,4,3,7,0,0,22,0,0,0,0,0,0,0,0,0,0,772,885,899,534,479,403,287,136,52,4442,794,915,926,552,501,428,302,147,52,4615,191,280,289,153,260,580,259,74,13,2092,41556,25491,28545,25120,21770,18592,12170,4660,1738,179628
CED328,27510,27600,19381,20294,19102,14707,11233,5568,2732,148118,12,47,8,14,5,4,3,8,5,106,31,125,51,57,52,82,66,32,9,501,15,30,30,27,17,26,38,21,4,217,433,1306,651,335,310,356,334,211,103,4032,0,3,5,3,5,9,22,16,0,73,3,8,19,5,10,17,15,0,0,74,6,9,3,3,5,14,14,7,0,57,3,11,4,3,7,5,0,0,0,34,12,3,13,6,10,0,14,5,3,71,0,0,0,0,0,0,0,3,0,3,494,1496,773,442,410,515,512,290,126,5060,510,1547,783,449,416,518,520,298,128,5168,233,1177,377,222,245,289,207,50,14,2809,28246,30318,20540,20972,19763,15516,11954,5909,2870,156097
CED329,24411,13246,11264,15077,19237,20986,19052,8955,3228,135464,34,33,12,18,14,48,43,16,11,229,123,64,153,136,180,382,558,230,37,1859,295,60,210,260,254,657,1243,730,167,3867,669,890,880,791,862,1105,987,379,131,6699,33,7,24,17,49,129,221,83,9,567,18,9,24,19,12,40,43,14,0,186,12,8,15,12,27,72,172,86,15,417,9,3,8,4,3,8,6,0,0,44,5,4,9,10,14,56,100,60,14,276,0,0,0,0,0,0,0,0,0,0,1160,1043,1333,1247,1405,2448,3339,1576,371,13918,1194,1078,1346,1263,1419,2497,3377,1596,382,14148,268,794,355,192,318,334,422,196,31,2908,25864,15121,12961,16531,20978,23820,22848,10750,3636,152513
CED330,32211,18680,15973,20210,22569,18462,13794,5764,1929,149588,40,40,28,25,20,30,35,13,3,235,31,58,89,52,75,96,147,53,11,613,20,25,39,31,31,55,116,62,14,387,572,1010,764,488,449,476,392,190,64,4405,11,7,18,8,8,12,31,10,0,96,12,3,23,18,14,19,16,8,0,107,3,4,3,0,12,5,21,14,0,65,0,15,25,5,7,15,0,0,0,66,0,0,11,11,12,11,8,0,0,59,0,0,0,0,0,0,0,0,0,3,643,1122,974,616,599,691,726,339,97,5805,678,1164,1001,646,621,723,764,350,99,6044,143,391,296,60,79,106,96,31,12,1217,33035,20232,17272,20916,23265,19288,14653,6139,2040,156840
CED397,5,16,11,14,19,22,26,12,4,135,0,0,0,0,0,0,0,0,0,0,14,12,8,13,33,44,83,47,4,257,8,7,24,16,36,40,18,9,3,154,76,108,143,161,204,194,210,57,10,1170,6,8,0,6,12,18,13,6,0,68,7,5,4,10,7,24,27,12,0,92,8,4,8,7,10,9,0,3,0,55,3,9,17,9,0,3,0,0,0,40,0,0,0,6,0,0,10,0,0,11,0,0,0,0,0,0,0,0,0,0,120,151,209,217,298,333,355,140,18,1842,120,151,209,217,298,333,355,140,18,1842,15,94,76,23,44,80,45,16,0,388,146,258,289,262,360,432,426,165,24,2370
CED401,23482,23829,27208,20645,19271,17715,12534,6951,4074,155698,36,46,61,47,38,43,32,28,20,354,40,106,237,265,282,244,144,28,6,1349,22,130,281,276,325,187,96,34,5,1359,38,59,122,146,183,144,67,10,3,778,612,1031,1087,764,867,796,830,471,337,6796,10,32,89,101,125,76,46,5,4,488,0,7,10,15,13,26,15,0,0,80,18,55,45,51,55,50,25,0,3,299,4,17,26,34,32,30,24,3,3,164,0,0,0,0,0,0,0,0,0,0,739,1433,1896,1654,1886,1547,1236,558,361,11319,782,1481,1961,1695,1926,1591,1265,584,378,11665,298,1150,762,423,449,577,323,64,11,4047,24560,26460,29931,22762,21647,19882,14116,7600,4460,171418
CED402,26074,15273,14931,16296,19744,19471,15658,8642,3884,139968,77,64,50,49,47,50,71,34,10,455,13,26,24,27,22,65,56,16,3,254,46,90,85,72,116,176,165,40,8,791,6,15,23,13,41,59,46,19,0,213,457,890,812,544,673,742,609,260,137,5115,11,11,15,5,20,40,28,13,9,145,0,0,7,5,3,11,27,3,3,65,11,6,12,4,13,9,8,0,0,65,0,8,3,3,0,3,7,0,0,32,0,0,0,0,0,0,0,0,0,0,535,1044,978,680,892,1099,943,345,162,6686,612,1105,1026,730,937,1152,1015,380,171,7143,66,399,479,84,61,69,46,16,0,1222,26752,16774,16436,17107,20748,20702,16724,9044,4055,148340
CED403,23867,17910,16035,17781,18830,17993,13959,7929,4632,138939,18,27,18,16,17,26,36,30,33,224,8,16,18,13,15,24,36,9,3,142,9,30,25,15,13,26,19,13,0,146,5,3,12,5,9,22,16,3,0,79,365,621,571,360,354,392,400,319,298,3676,11,3,10,9,11,8,6,0,0,64,3,3,0,9,9,3,9,3,0,32,10,17,7,9,3,15,9,3,0,83,0,0,0,0,0,0,4,0,0,7,0,0,0,0,0,0,0,0,0,0,409,704,642,415,421,495,502,353,302,4238,429,726,665,431,440,523,534,382,335,4462,121,338,198,102,123,240,126,34,8,1293,24421,18978,16895,18311,19390,18756,14620,8349,4972,144689
CED404,24827,13730,14802,14662,18485,19047,15328,8312,3378,132576,88,70,55,45,69,68,65,45,26,542,41,36,74,103,115,258,292,34,5,965,27,37,108,80,158,343,353,53,3,1166,38,35,92,109,121,179,156,38,3,770,789,1201,1747,1486,1803,1852,1212,427,156,10669,22,22,80,68,89,157,158,18,3,609,5,7,17,12,25,41,52,8,0,169,5,17,12,13,25,28,11,0,0,109,0,0,9,4,3,19,24,0,0,63,0,0,0,0,0,0,0,0,0,0,926,1366,2134,1878,2334,2871,2261,576,174,14513,1011,1432,2197,1922,2407,2942,2329,616,197,15059,38,146,169,79,78,81,42,22,3,656,25879,15309,17171,16658,20970,22073,17699,8949,3583,148288
CED405,21629,17905,20771,18317,18994,17649,14058,9455,5408,144186,28,38,32,26,31,40,34,40,27,297,13,10,38,34,44,71,41,14,4,268,21,36,50,54,75,72,67,11,10,395,6,19,27,30,44,41,24,9,0,209,355,610,620,385,395,421,305,173,117,3384,14,3,23,25,29,23,14,5,0,138,0,3,0,0,14,8,6,0,0,40,8,10,17,6,16,17,8,0,0,73,8,3,8,8,12,3,10,0,0,46,0,0,0,0,0,0,0,0,0,4,429,699,779,541,622,659,473,210,134,4541,451,737,810,575,652,700,506,254,158,4836,116,257,215,104,157,281,135,31,11,1305,22203,18896,21804,18995,19796,18626,14701,9736,5578,150330
CED406,27445,17135,18595,18492,18789,17638,13649,6422,2777,140942,34,28,30,28,30,41,30,34,7,268,6,9,12,12,7,10,27,12,3,95,24,15,16,17,17,15,20,7,3,135,11,9,14,6,16,22,15,6,3,98,491,690,630,407,354,276,226,99,52,3232,0,3,7,4,11,20,17,0,0,57,0,0,0,0,0,3,0,0,0,11,8,0,0,10,8,3,0,0,0,29,0,0,0,3,4,3,0,5,0,15,0,0,0,0,0,0,0,0,0,0,535,725,685,459,419,346,305,132,59,3674,568,759,719,489,444,381,337,167,65,3935,87,190,67,54,51,75,61,18,5,615,28099,18084,19388,19037,19284,18093,14045,6615,2853,145495
CED407,26185,18122,19274,19471,19326,16967,13840,7195,2849,143227,38,28,36,29,33,22,49,35,24,305,4,13,11,17,21,34,12,7,3,123,3,6,22,25,28,28,13,12,3,143,4,9,19,9,23,23,18,8,0,111,426,591,594,372,319,252,166,117,88,2926,0,9,17,10,16,15,11,3,0,77,0,0,0,0,4,5,3,0,0,20,5,3,3,6,7,6,3,0,0,29,0,0,0,0,4,5,4,0,0,18,0,0,0,0,0,0,0,0,0,0,442,637,671,443,426,362,233,143,92,3449,485,668,711,473,466,387,280,183,117,3755,83,252,159,72,114,258,139,24,0,1094,26749,19030,20135,20012,19901,17612,14261,7402,2971,148074
CED408,23933,14141,11146,15445,18944,19603,17049,8238,3390,131884,39,31,18,15,38,51,45,24,20,278,7,20,14,19,36,39,66,11,0,210,15,14,67,30,50,57,42,25,9,308,11,22,17,10,29,30,43,8,0,182,383,604,494,340,404,596,465,193,119,3604,11,3,17,10,20,42,25,11,8,143,9,0,4,7,6,8,16,0,0,55,11,10,11,3,7,16,9,0,0,66,3,0,3,3,3,3,6,0,0,26,0,0,0,0,0,0,0,0,0,0,452,677,622,421,562,794,680,249,135,4597,490,711,642,441,600,844,720,274,152,4875,71,210,147,92,107,74,52,20,3,776,24491,15062,11942,15971,19645,20528,17816,8532,3549,137537
CED409,29478,20517,23251,20941,22143,19134,12224,7254,3451,158391,60,57,49,28,63,57,31,26,17,393,7,9,26,20,19,18,9,10,0,118,13,24,21,20,27,32,16,7,0,157,3,17,9,9,12,25,12,3,0,102,528,764,843,515,487,438,260,198,138,4172,3,5,15,13,9,14,13,0,0,79,5,4,3,3,0,5,3,0,0,21,0,3,7,0,5,3,4,0,0,29,0,6,3,0,0,0,3,0,0,13,0,0,0,0,0,0,0,0,0,0,555,826,925,580,569,530,327,219,140,4675,620,889,976,611,632,592,352,246,157,5070,112,237,157,74,115,253,130,18,7,1101,30209,21637,24384,21625,22890,19974,12706,7522,3613,164563
CED410,24027,17758,17955,18501,19206,16345,14189,9843,5277,143098,31,24,28,27,29,27,49,44,31,291,5,5,26,19,19,25,26,21,3,146,16,18,42,30,26,31,27,3,0,187,3,8,14,11,14,26,11,3,6,90,380,492,552,370,358,324,251,186,105,3012,6,4,14,13,7,14,9,0,0,59,0,0,3,0,3,8,4,3,3,30,4,6,12,5,5,6,0,0,0,43,8,4,0,7,0,3,3,0,0,21,0,0,0,0,0,0,0,0,0,0,420,542,659,445,432,433,326,218,120,3591,450,566,687,471,465,454,383,263,151,3882,183,364,157,124,191,413,248,54,16,1747,24659,18689,18792,19099,19860,17216,14816,10160,5442,148725
CED411,34501,21272,21289,19164,21788,18893,12998,7475,3034,160409,66,68,38,40,63,55,38,29,21,424,9,16,28,26,21,29,26,7,0,160,19,19,41,21,22,48,55,8,9,244,19,16,25,16,36,30,21,3,0,175,699,989,954,579,462,493,398,267,161,5001,9,11,11,12,10,33,4,0,0,95,5,3,4,4,4,3,12,0,0,40,4,13,7,4,9,8,0,0,0,45,3,3,0,3,4,4,3,0,0,22,0,0,0,0,0,0,0,0,0,0,769,1068,1081,669,563,646,524,292,175,5783,834,1131,1121,708,632,703,564,320,196,6206,46,117,100,32,60,59,45,18,4,483,35381,22515,22509,19905,22478,19657,13606,7812,3234,167092
CED497,0,0,0,0,0,3,0,0,0,3,0,0,0,0,0,0,0,0,0,0,0,0,4,0,5,13,13,14,3,62,0,5,7,0,0,3,10,10,0,32,0,0,0,0,0,3,10,4,0,19,0,11,20,3,7,7,3,4,0,56,0,0,0,0,4,3,3,0,0,7,0,0,0,0,0,0,0,3,0,7,5,4,3,3,0,6,0,0,0,25,0,0,0,0,0,0,0,0,0,0,0,0,0,0,0,0,0,0,0,0,8,21,37,9,23,33,44,36,3,211,8,21,37,9,23,33,44,36,3,211,0,0,0,4,6,9,0,0,0,18,8,21,35,17,27,42,44,36,0,235
CED501,35843,20631,23671,21569,20306,14654,10210,5626,1936,154433,33,63,56,32,19,15,18,23,8,269,24,74,127,74,35,52,29,14,3,433,0,8,24,16,17,25,29,6,4,120,6,25,22,13,15,29,24,3,4,132,0,5,12,7,8,23,12,7,0,80,557,855,985,536,437,328,251,149,67,4162,0,0,7,3,4,12,4,4,0,44,9,0,3,6,6,13,0,0,0,37,0,0,6,10,10,6,3,0,0,33,0,0,0,0,0,0,0,0,0,0,598,969,1182,663,529,484,358,190,79,5042,627,1033,1233,694,550,500,375,214,84,5313,73,143,132,82,100,271,151,56,4,1015,36539,21811,25035,22348,20952,15426,10736,5891,2027,160762
CED502,36218,21681,26635,23817,20302,16060,10587,5101,1748,162145,31,27,15,26,13,27,19,16,4,175,11,18,16,4,10,9,15,0,0,84,8,10,13,7,10,17,13,5,0,89,3,12,5,6,9,12,11,4,0,69,0,3,3,7,3,8,11,0,0,31,479,749,709,380,348,293,208,123,98,3387,0,3,0,0,4,9,7,0,0,17,3,0,0,4,5,3,0,0,0,18,0,0,0,3,0,0,0,0,0,4,0,0,3,0,3,8,3,0,0,19,500,795,743,413,392,359,265,136,106,3711,532,817,756,438,407,385,290,154,103,3890,115,188,266,122,244,650,324,75,7,1992,36868,22687,27662,24375,20957,17088,11197,5325,1861,168029
CED503,27491,15922,15478,16359,18297,16739,14705,8371,2830,136194,23,20,19,18,12,20,41,23,11,189,17,7,12,12,10,24,25,10,3,110,7,11,14,8,14,27,40,15,7,142,12,13,8,9,20,26,36,5,0,141,0,9,3,0,8,19,35,16,3,97,589,828,841,579,547,555,372,201,90,4598,4,0,5,5,7,16,10,5,0,54,3,4,8,0,8,4,0,0,0,18,0,0,0,0,6,3,4,0,0,15,0,0,0,0,0,0,0,0,0,0,632,876,886,609,624,677,520,257,98,5181,652,893,905,626,638,702,561,275,113,5372,67,116,80,69,85,192,108,23,8,747,28209,16934,16463,17052,19015,17633,15377,8676,2952,142311
CED504,30795,19273,20260,20472,19426,15060,10051,4771,1761,141871,23,15,20,14,17,7,18,10,5,130,6,3,14,11,12,11,17,9,0,79,3,6,5,4,0,27,10,6,3,66,7,0,5,9,4,23,10,3,0,53,0,0,0,0,0,0,4,4,0,11,414,509,544,350,233,226,166,93,35,2573,4,0,0,3,0,5,12,3,0,29,0,0,4,0,0,6,7,0,0,17,0,0,0,0,0,0,0,0,0,0,0,0,0,0,0,0,0,0,0,0,429,523,575,373,256,288,224,120,41,2837,452,543,600,390,273,300,236,131,47,2961,50,202,170,63,113,257,144,46,4,1052,31296,20019,21023,20926,19817,15612,10433,4955,1809,145882
CED505,24632,18151,19832,17793,18118,15153,11461,7131,3637,135917,12,28,15,15,12,23,24,17,15,158,14,19,35,31,24,41,41,22,5,230,9,17,39,26,29,34,29,20,0,196,10,17,21,7,12,23,21,7,0,118,3,3,9,10,6,5,9,3,0,50,523,815,764,488,565,498,585,421,296,4945,0,0,0,0,5,3,9,0,0,20,0,3,4,0,8,3,3,0,0,17,0,0,5,0,8,3,6,3,0,24,0,0,0,0,0,0,0,0,0,3,555,867,878,563,645,615,701,472,300,5606,569,901,895,581,657,635,719,493,315,5765,216,896,380,203,203,305,190,48,15,2450,25414,19947,21110,18581,18978,16091,12372,7676,3962,144135
CED506,36236,17911,28713,25819,24289,19186,10481,4635,1520,168797,105,101,161,104,86,71,38,24,6,691,155,137,534,517,692,1067,1156,203,9,4472,359,148,561,654,754,1475,1712,288,18,5973,95,163,858,911,1066,1123,886,113,7,5226,45,46,217,240,366,544,694,118,15,2278,1482,2420,8452,7196,7623,6998,5136,1664,249,41226,26,14,89,87,122,208,189,20,0,757,25,28,60,64,60,61,32,7,0,342,10,7,7,19,30,92,86,8,0,252,0,0,0,0,0,0,3,0,0,7,2194,2963,10776,9691,10715,11572,9889,2423,295,60526,2301,3063,10937,9788,10808,11639,9930,2451,303,61219,166,754,1195,417,584,475,261,67,3,3917,38702,21728,40848,36023,35683,31297,20672,7146,1822,233926
CED507,29580,14786,15734,18417,18901,17113,12928,6499,2595,136565,24,19,19,19,17,33,35,14,10,193,20,12,24,33,38,81,85,13,7,319,11,17,40,25,42,71,64,7,5,278,8,14,34,26,47,72,47,7,3,251,7,3,3,7,27,25,24,7,0,108,697,896,1009,679,721,873,705,285,102,5960,0,3,0,3,9,22,4,4,0,52,0,0,4,0,0,0,3,0,0,10,6,0,0,8,0,6,4,0,0,21,0,0,0,0,0,0,0,0,0,0,742,939,1116,775,880,1146,950,329,119,6995,768,957,1138,797,901,1178,985,346,125,7186,159,338,418,144,162,156,113,49,6,1551,30509,16085,17292,19358,19966,18442,14027,6893,2727,145296
CED508,27265,16772,21752,21389,19614,15718,10587,5956,2404,141451,12,19,25,20,16,20,22,12,3,142,13,12,64,44,62,60,31,13,0,311,8,18,55,42,37,68,59,20,0,309,13,20,36,33,48,52,30,3,0,231,0,3,14,12,11,23,20,5,0,86,408,573,756,484,414,395,288,172,105,3590,5,5,6,12,8,12,10,5,0,49,0,7,14,7,13,3,5,0,0,48,0,3,7,9,7,4,3,0,0,35,0,0,0,0,3,0,0,0,0,3,451,635,942,643,599,623,442,219,108,4658,461,648,971,659,613,645,462,234,113,4804,139,355,416,136,148,293,201,34,7,1732,27868,17781,23139,22185,20380,16647,11248,6218,2525,147991
CED509,26425,17464,18169,18451,19100,16206,12292,6173,2191,136469,27,26,14,12,17,20,21,18,3,173,10,7,11,13,12,16,20,3,0,101,9,11,21,13,10,43,40,15,0,161,11,0,16,10,7,31,34,4,0,117,0,3,3,8,9,30,19,0,0,66,476,642,618,456,393,353,278,186,126,3527,4,0,3,3,8,10,10,5,0,49,0,0,0,0,0,0,4,0,0,14,0,0,3,0,3,4,0,0,0,12,4,0,0,0,0,0,0,0,0,6,518,669,676,504,443,491,415,216,131,4056,541,693,695,522,458,511,439,242,131,4236,74,149,153,77,126,241,157,48,8,1026,27046,18302,19012,19048,19683,16962,12885,6457,2332,141731
CED510,26506,18483,14453,17928,20776,18142,11347,4629,1868,134117,5,12,16,3,10,11,29,12,13,103,18,15,19,16,18,27,26,8,0,141,3,20,15,14,12,29,16,16,0,118,0,3,5,12,12,8,10,3,3,61,3,0,7,4,8,6,8,7,6,46,453,532,582,310,245,244,233,214,127,2935,0,0,0,0,0,3,8,0,0,15,0,0,4,3,3,4,0,0,0,15,0,0,0,0,0,0,0,3,0,8,0,0,0,0,0,0,0,0,0,5,477,570,635,358,297,324,309,244,134,3342,479,580,653,363,304,341,335,257,141,3444,105,272,148,101,94,169,137,53,10,1103,27086,19335,15254,18396,21168,18648,11817,4935,2019,138666
CED511,30073,15658,17677,18093,20658,19356,13655,6984,2604,144758,41,39,33,34,44,38,48,22,13,324,6,33,82,68,79,174,197,26,5,666,33,36,102,79,115,196,281,32,3,873,11,28,72,68,90,124,154,27,0,570,16,10,58,42,72,136,139,18,3,487,665,1456,2465,1852,2004,1732,884,270,133,11471,0,3,18,23,36,53,76,3,0,212,0,4,24,10,6,5,3,0,0,60,0,0,3,0,3,3,9,0,0,24,0,0,0,0,0,0,0,0,0,0,741,1571,2822,2143,2405,2422,1745,373,142,14365,784,1612,2852,2178,2449,2464,1798,395,158,14692,61,252,309,129,104,178,95,17,4,1150,30923,17520,20838,20399,23221,21997,15539,7392,2765,160596
CED512,40903,22864,26484,24829,23389,15969,11285,5277,1584,172582,16,21,21,6,14,25,36,17,14,176,5,8,22,24,7,34,34,8,0,145,5,3,16,10,14,24,34,15,0,124,3,14,18,10,17,33,32,0,0,129,3,6,7,10,8,17,16,5,3,71,584,893,762,493,441,484,363,163,70,4256,0,0,0,0,3,15,7,0,0,41,0,0,0,5,10,3,0,0,0,17,0,0,0,0,0,3,3,0,3,10,0,0,0,0,0,0,0,0,0,0,599,930,823,552,502,617,488,198,72,4786,623,950,843,563,518,642,523,215,91,4957,86,283,300,92,165,330,186,66,9,1515,41601,24097,27621,25479,24072,16945,11999,5560,1684,179055
CED513,21076,16980,30839,21418,18056,15481,10632,6070,3135,143682,8,27,35,23,27,14,19,20,13,188,14,43,197,274,291,240,98,23,9,1190,27,49,185,211,294,199,96,35,0,1101,9,43,96,132,220,165,70,19,3,762,8,18,65,75,97,68,25,10,3,380,410,729,1160,874,799,616,414,252,134,5386,3,0,4,14,38,33,11,7,0,115,0,7,17,16,16,13,11,0,0,73,4,8,14,12,12,3,6,3,3,64,3,0,0,0,0,3,0,0,0,9,480,904,1743,1604,1780,1346,730,343,154,9081,484,930,1775,1631,1807,1363,744,365,170,9266,267,1097,1328,609,585,574,286,67,10,4832,21827,19010,33941,23653,20442,17420,11659,6503,3312,157779
CED514,24852,16128,26039,20214,17301,14890,11627,7488,2999,141543,18,8,26,20,18,14,18,23,11,157,8,13,27,22,22,36,39,10,6,186,14,12,31,32,23,48,49,9,4,214,3,8,21,11,14,24,12,5,0,97,0,5,7,11,13,12,15,7,0,71,378,466,724,397,339,306,219,175,89,3101,0,0,3,0,3,4,13,0,0,24,0,0,7,0,0,0,0,0,0,12,0,3,0,0,6,0,3,0,0,15,5,0,8,0,0,3,3,0,0,18,418,521,818,476,422,428,348,205,99,3734,437,531,844,500,438,447,368,227,110,3892,134,311,326,166,206,349,159,34,12,1699,25424,16972,27212,20882,17948,15682,12158,7751,3118,147136
CED515,24576,23048,32474,21576,17639,15406,10654,6320,3566,155262,7,36,22,15,14,28,21,19,9,168,8,19,46,90,83,71,41,12,3,378,0,11,91,90,82,72,36,18,0,403,4,13,75,44,67,69,34,10,0,314,8,12,35,31,54,32,18,0,0,184,366,930,920,564,535,507,328,165,84,4401,0,3,0,3,5,12,8,3,0,35,6,7,3,7,0,7,4,0,0,36,0,3,0,0,0,6,3,0,0,15,0,0,3,0,3,3,4,0,0,13,399,1010,1186,826,829,774,479,202,82,5787,403,1043,1206,844,835,802,498,223,93,5950,187,816,557,277,318,539,279,55,7,3056,25166,24912,34240,22701,18800,16754,11432,6598,3665,164272
CED516,23670,18273,14231,16613,17944,16776,12208,6977,3787,130480,13,9,13,15,4,10,18,21,7,102,7,3,16,4,4,23,16,7,3,89,3,9,25,7,14,11,18,13,8,114,5,3,3,8,6,12,10,3,0,57,0,8,0,3,3,9,5,0,0,38,312,523,569,339,324,368,366,299,177,3274,0,0,0,0,0,3,9,5,0,20,0,0,3,3,0,3,0,0,0,14,0,3,5,3,0,0,4,0,0,20,5,0,0,0,0,5,0,0,0,13,334,555,626,371,363,444,429,329,184,3624,345,563,637,379,368,448,446,347,188,3728,156,461,284,175,198,351,233,67,14,1941,24170,19301,15152,17166,18507,17578,12892,7389,3989,136150
CED597,0,18,123,119,96,47,8,3,3,418,0,0,0,4,0,0,0,0,0,7,0,9,55,86,110,57,40,9,4,370,5,13,69,62,50,52,29,22,0,308,14,24,70,116,99,113,29,10,0,473,0,0,19,22,15,19,15,5,0,97,40,105,526,458,427,240,57,0,0,1864,0,3,3,17,24,18,3,0,0,70,0,15,10,12,5,11,5,0,0,53,0,0,0,0,0,0,0,5,0,5,0,0,0,0,0,0,0,0,0,0,60,173,755,774,737,512,176,48,7,3245,60,173,755,781,734,512,176,48,7,3245,21,34,107,99,120,53,17,0,0,465,81,229,988,996,952,619,205,55,11,4131
CED601,17600,12681,11080,11312,12945,12269,9578,5318,2392,95186,31,38,27,27,26,46,34,27,21,281,4,22,37,29,53,55,21,7,0,238,9,47,83,66,82,88,47,7,0,429,43,58,45,33,63,50,24,5,3,323,7,9,9,6,17,13,11,9,0,89,10,15,29,15,23,30,18,7,0,150,342,766,472,304,383,382,292,152,105,3189,0,4,0,0,0,8,0,0,0,15,0,3,0,3,8,7,0,0,0,21,0,0,0,0,0,0,0,0,0,0,422,919,685,462,629,632,410,188,110,4453,453,958,718,489,650,686,441,212,134,4733,33,145,145,73,63,57,43,15,4,575,18092,13784,11943,11872,13655,13011,10064,5545,2529,100491
CED602,16940,10329,9386,10244,12778,12710,10194,5773,2167,90520,36,41,29,20,31,54,41,33,24,298,8,19,29,20,34,39,20,8,0,178,38,43,64,43,68,56,39,10,0,364,22,21,36,22,20,41,23,3,0,193,6,3,15,8,5,15,6,0,0,55,9,8,8,6,21,29,7,8,0,86,349,596,535,384,456,434,227,125,66,3175,0,0,0,0,3,0,0,0,0,12,3,0,3,3,8,0,0,0,0,18,0,0,0,0,0,0,0,0,0,0,434,693,686,481,630,613,331,150,72,4088,465,734,715,507,656,665,374,181,90,4388,12,61,105,35,22,27,18,10,6,292,17413,11120,10205,10787,13453,13408,10583,5965,2266,95201
CED603,16307,13098,13651,12065,12828,12232,8761,5096,2553,96601,28,41,26,14,26,30,31,29,21,238,30,33,110,90,102,99,66,19,3,544,28,82,154,136,175,104,60,21,3,775,21,40,82,67,104,117,42,7,3,477,6,6,29,27,17,25,26,0,0,146,3,3,19,17,38,14,23,0,0,120,389,684,600,428,416,462,321,195,114,3601,0,0,3,0,3,3,3,0,0,18,0,8,17,19,14,14,14,0,0,87,0,0,0,0,0,0,0,0,0,0,478,866,1015,788,866,835,546,248,123,5770,509,905,1042,799,892,868,579,276,141,6003,65,394,252,151,148,159,72,19,8,1264,16889,14399,14943,13011,13873,13263,9409,5381,2707,103874
CED604,18895,10527,10812,12376,13582,13708,10559,5633,2271,98354,11,26,24,20,27,32,37,25,10,216,24,7,31,32,48,50,50,14,3,265,14,19,66,28,33,36,29,5,0,249,21,15,36,23,44,53,34,7,0,247,0,0,6,3,10,16,16,0,0,51,7,6,6,6,10,22,10,0,0,71,362,526,455,267,274,254,196,77,53,2467,0,0,0,0,0,0,0,0,0,13,0,3,6,0,3,12,4,0,0,23,0,0,0,0,0,0,0,0,0,0,429,588,612,370,421,436,347,109,59,3376,442,613,636,390,449,472,385,141,74,3591,50,85,65,41,33,54,25,7,3,364,19387,11218,11507,12805,14062,14227,10969,5774,2346,102313
CED605,17795,9963,9253,10760,13951,15307,12235,5466,1706,96430,43,49,37,19,40,48,44,32,11,327,22,18,36,49,45,58,53,16,4,294,29,20,59,40,44,83,57,5,3,336,35,32,70,47,61,81,52,13,0,386,3,3,6,11,16,23,15,0,0,73,4,10,23,3,15,18,16,5,0,93,435,648,488,298,348,436,312,132,57,3164,0,0,3,0,0,0,3,0,0,8,0,0,8,0,3,3,0,0,0,16,0,0,0,0,0,0,0,0,0,0,518,730,696,447,531,698,515,170,67,4376,565,782,737,470,574,745,555,200,79,4702,23,105,107,48,62,50,21,8,3,422,18388,10845,10090,11275,14586,16101,12816,5678,1786,101560
CED697,0,10,23,7,12,9,7,0,0,65,0,0,0,0,0,0,0,0,0,3,3,4,22,3,12,19,14,4,0,77,5,13,24,30,32,36,20,0,0,158,0,0,10,0,8,4,3,0,0,28,0,3,3,3,5,3,0,0,0,18,0,0,3,3,3,3,0,0,0,11,24,17,31,53,56,68,52,6,0,314,0,0,3,0,0,0,4,0,0,8,0,0,3,0,0,0,0,0,0,13,0,0,0,0,0,0,0,0,0,0,38,42,106,99,109,131,90,15,0,624,38,42,106,96,112,131,90,15,0,626,0,12,3,3,13,3,0,0,0,43,38,56,137,108,138,152,95,15,0,731
CED701,25233,15021,18243,15541,15196,11026,5167,1579,359,107365,140,114,100,70,60,44,25,3,3,551,161,163,378,359,527,970,1030,147,20,3760,305,131,351,314,454,1036,1070,253,25,3937,136,247,568,551,709,921,725,154,13,4037,108,98,234,203,287,601,641,142,14,2326,71,95,300,291,325,495,458,57,6,2092,28,13,30,25,67,177,130,30,5,499,756,771,1159,886,970,939,371,73,9,5926,11,22,50,22,33,69,48,8,0,266,0,0,14,12,17,9,0,0,0,53,1585,1536,3088,2659,3385,5223,4472,866,93,22908,1724,1653,3187,2730,3448,5262,4498,873,93,23459,314,936,1161,426,695,469,228,58,12,4294,27263,17605,22591,18695,19338,16762,9898,2511,465,135115
CED702,22772,13514,21935,17032,13972,10387,5598,2036,546,107794,33,31,38,19,24,20,14,3,0,175,46,120,346,241,293,464,477,162,25,2182,115,85,227,225,292,571,551,221,40,2315,75,116,340,285,377,382,306,93,15,1994,59,71,175,156,188,265,296,115,24,1362,37,74,216,238,289,340,295,115,8,1620,11,9,18,18,31,86,63,15,4,252,416,503,799,628,600,409,241,55,17,3667,5,27,51,61,62,53,25,14,0,287,0,0,0,0,0,0,0,3,0,3,762,999,2179,1847,2140,2569,2257,795,141,13686,791,1025,2209,1866,2162,2591,2270,798,141,13860,162,1599,1223,413,406,472,300,70,7,4654,23733,16137,25371,19318,16532,13448,8169,2898,691,126301
CED797,3,5,30,19,9,3,0,3,0,70,0,0,0,0,0,0,0,0,0,0,0,3,3,3,3,6,15,8,0,44,0,0,3,3,4,4,3,3,0,24,0,0,5,8,7,7,13,0,0,35,0,0,0,0,0,3,0,0,0,5,0,3,13,7,12,10,0,0,0,43,0,0,0,0,0,0,4,0,0,7,0,3,3,7,10,6,3,0,0,34,0,0,0,0,0,0,0,0,0,0,0,0,0,0,0,0,0,0,0,0,0,11,27,23,31,46,38,13,0,185,0,11,27,23,31,46,38,13,0,185,0,9,20,22,12,4,0,4,0,75,3,28,72,68,51,51,38,19,0,328
CED801,33273,26285,27514,25041,25677,21669,14941,7625,3536,185569,23,60,41,43,33,66,73,33,14,385,160,583,620,650,758,805,479,204,56,4313,43,145,279,278,306,241,123,25,13,1457,85,136,176,167,256,187,121,23,6,1166,7,34,62,71,94,84,43,3,3,403,44,40,61,55,73,58,37,15,0,376,5,11,10,32,21,32,32,3,0,140,0,11,14,17,11,14,0,0,0,72,515,704,792,507,341,282,209,165,121,3638,3,3,0,9,0,8,4,5,4,34,865,1662,2019,1777,1860,1711,1060,447,204,11597,892,1721,2059,1820,1893,1774,1130,478,219,11980,206,687,362,258,313,321,206,55,9,2419,34372,28694,29934,27122,27891,23765,16281,8163,3764,199972
CED802,39877,26995,35191,31099,23203,17220,12074,5695,2274,193632,48,35,49,42,28,45,49,30,16,341,105,432,383,279,349,388,234,77,24,2274,21,84,113,77,96,123,78,12,7,609,26,64,86,73,80,93,45,12,4,495,7,22,33,18,39,38,25,8,3,201,25,21,29,48,29,31,14,3,3,215,0,10,12,11,12,14,16,3,0,72,4,6,9,3,8,3,0,0,0,33,361,599,737,341,263,222,145,148,85,2898,0,3,0,0,3,6,0,0,0,9,561,1238,1403,862,884,914,558,269,117,6807,610,1282,1453,897,913,957,613,293,128,7151,138,772,364,192,233,484,311,38,8,2531,40620,29045,37000,32193,24352,18661,12996,6027,2414,203304
CED897,0,0,0,0,0,0,0,0,0,0,0,0,0,0,0,0,0,0,0,0,0,3,0,0,0,0,0,0,0,6,0,3,3,0,0,0,0,0,0,8,0,0,0,0,0,0,0,0,0,0,0,0,0,0,0,0,0,0,0,0,0,0,0,0,0,0,0,0,0,0,0,0,0,0,0,0,0,0,0,0,0,0,0,0,0,0,0,0,0,0,0,0,3,0,0,0,0,0,0,3,0,0,0,0,0,0,0,0,0,0,0,9,3,0,3,0,0,0,0,12,0,9,3,0,3,0,0,0,0,12,0,0,0,0,0,0,0,0,0,0,0,9,3,0,3,0,0,0,0,15
CED997,0,0,3,0,0,0,0,0,0,6,0,0,0,0,0,0,0,0,0,0,0,0,0,3,0,0,0,0,0,3,0,0,0,0,0,0,0,0,0,0,0,0,0,0,3,0,0,0,0,3,0,0,0,0,3,0,0,0,0,3,0,0,4,0,0,0,0,0,0,3,0,0,0,0,0,0,0,0,0,0,0,0,0,0,0,0,0,0,0,0,0,0,0,0,0,0,0,0,0,0,0,0,0,0,0,0,0,0,0,0,0,0,3,3,6,0,0,0,0,14,0,0,3,3,6,0,0,0,0,14,0,0,0,0,0,0,0,0,0,0,0,0,9,5,3,0,0,0,0,24
