CED_CODE_2016,Buddhism_M,Buddhism_F,Buddhism_P,Christianity_Anglican_M,Christianity_Anglican_F,Christianity_Anglican_P,Christian_Assyrian_Apostol_M,Christian_Assyrian_Apostol_F,Christian_Assyrian_Apostol_P,Christianity_Baptist_M,Christianity_Baptist_F,Christianity_Baptist_P,Christianity_Brethren_M,Christianity_Brethren_F,Christianity_Brethren_P,Christianity_Catholic_M,Christianity_Catholic_F,Christianity_Catholic_P,Christian_Churches_Christ_M,Christian_Churches_Christ_F,Christian_Churches_Christ_P,Christian_Eastern_Orthodox_M,Christian_Eastern_Orthodox_F,Christian_Eastern_Orthodox_P,Christian_Jehovah_Witnesses_M,Christian_Jehovah_Witnesses_F,Christian_Jehovah_Witnesses_P,Christian_Latter_Day_Saints_M,Christian_Latter_Day_Saints_F,Christian_Latter_Day_Saints_P,Christianity_Lutheran_M,Christianity_Lutheran_F,Christianity_Lutheran_P,Christian_Oriental_Orthodox_M,Christian_Oriental_Orthodox_F,Christian_Oriental_Orthodox_P,Christian_Other_Protestant_M,Christian_Other_Protestant_F,Christian_Other_Protestant_P,Christianity_Pentecostal_M,Christianity_Pentecostal_F,Christianity_Pentecostal_P,Christian_Presbyt_Reformed_M,Christian_Presbyt_Reformed_F,Christian_Presbyt_Reformed_P,Christianity_Salvation_Army_M,Christianity_Salvation_Army_F,Christianity_Salvation_Army_P,Christian_Sevnth_day_Advent_M,Christian_Sevnth_day_Advent_F,Christian_Sevnth_day_Advent_P,Christianity_Uniting_Church_M,Christianity_Uniting_Church_F,Christianity_Uniting_Church_P,Christianity_Christian_nfd_M,Christianity_Christian_nfd_F,Christianity_Christian_nfd_P,Christianity_Othr_Christian_M,Christianity_Othr_Christian_F,Christianity_Othr_Christian_P,Christianity_Tot_M,Christianity_Tot_F,Christianity_Tot_P,Hinduism_M,Hinduism_F,Hinduism_P,Islam_M,Islam_F,Islam_P,Judaism_M,Judaism_F,Judaism_P,Oth_Rel_Aus_Abor_Trad_Rel_M,Oth_Rel_Aus_Abor_Trad_Rel_F,Oth_Rel_Aus_Abor_Trad_Rel_P,Othr_Rel_Sikhism_M,Othr_Rel_Sikhism_F,Othr_Rel_Sikhism_P,Oth_Relig_Oth_Rel_Groups_M,Oth_Relig_Oth_Rel_Groups_F,Oth_Relig_Oth_Rel_Groups_P,Other_Religions_Tot_M,Other_Religions_Tot_F,Other_Religions_Tot_P,SB_OSB_NRA_No_Religion_M,SB_OSB_NRA_No_Religion_F,SB_OSB_NRA_No_Religion_P,SB_OSB_NRA_Sec_Beliefs_M,SB_OSB_NRA_Sec_Beliefs_F,SB_OSB_NRA_Sec_Beliefs_P,SB_OSB_NRA_Oth_Sp_Beliefs_M,SB_OSB_NRA_Oth_Sp_Beliefs_F,SB_OSB_NRA_Oth_Sp_Beliefs_P,SB_OSB_NRA_Tot_M,SB_OSB_NRA_Tot_F,SB_OSB_NRA_Tot_P,Religious_affiliation_ns_M,Religious_affiliation_ns_F,Religious_affiliation_ns_P,OS_visitors_M,OS_visitors_F,OS_visitors_P,Tot_M,Tot_F,Tot_P
CED101,2772,3932,6703,7948,9321,17268,13,13,25,1464,1848,3310,11,8,19,17571,19700,37268,61,76,140,6226,6416,12644,147,207,355,147,149,298,94,131,224,926,909,1840,325,476,802,547,720,1264,1287,1496,2785,113,181,292,72,104,180,1298,1694,2993,1774,2075,3842,145,163,304,40178,45680,85856,2617,2296,4914,3892,3698,7595,94,91,190,4,3,8,248,213,461,200,230,426,451,448,898,19518,17544,37065,158,138,293,81,108,194,19762,17791,37552,5335,5461,10792,807,1199,2013,75906,80608,156513
CED102,3786,5064,8848,3834,4374,8205,22,20,46,604,686,1293,7,6,16,17085,18523,35607,78,91,173,11227,11719,22939,181,208,395,95,119,217,89,105,190,757,789,1545,336,386,723,505,622,1128,938,1028,1963,117,166,283,92,120,213,744,980,1722,2098,2277,4377,46,56,99,38872,42267,81133,4853,3887,8748,7036,6141,13180,132,125,265,9,4,14,142,141,284,255,283,539,403,427,837,22397,21124,43520,214,174,384,110,133,249,22721,21435,44153,7928,7914,15841,1340,1938,3274,87068,89198,176269
CED103,3113,4174,7290,6964,8089,15052,15,12,28,1633,1983,3619,147,193,337,18450,20813,39266,86,101,184,1718,1779,3501,94,155,249,125,100,226,157,185,345,969,1021,1990,470,540,1012,881,993,1869,3172,3631,6800,64,88,158,121,137,261,1770,2212,3981,1949,2215,4164,48,56,105,38842,44308,83144,3631,3295,6922,2069,1862,3931,207,216,424,3,0,3,347,320,666,317,332,653,668,653,1320,26936,25323,52263,243,167,403,90,132,217,27269,25623,52889,6347,6322,12675,1757,2248,4009,83889,88708,172601
CED104,1706,2221,3921,11317,12986,24305,0,8,8,1647,1839,3492,110,128,232,16386,17763,34147,98,89,183,823,857,1683,106,123,232,132,135,267,214,257,468,172,188,360,383,427,812,982,1068,2053,1890,2042,3929,65,79,146,376,479,854,2667,3297,5965,1563,1778,3344,83,93,182,39011,43647,82654,2314,2314,4632,885,853,1740,121,155,275,5,3,10,295,267,556,262,320,581,553,586,1141,20566,18096,38667,256,208,467,82,126,206,20907,18431,39340,4663,4919,9581,634,909,1548,70791,74044,144834
CED105,6476,7800,14275,3603,4033,7634,42,37,80,881,1011,1888,10,17,25,16251,17263,33514,36,38,70,3903,3873,7776,139,214,361,226,222,448,87,109,203,384,384,771,311,348,661,658,709,1367,1000,1107,2104,69,113,182,126,130,254,925,1006,1933,1843,1877,3720,87,74,166,30573,32579,63153,2894,2273,5173,27220,23745,50965,18,22,34,0,3,5,366,267,632,248,260,511,614,530,1153,12762,10599,23359,74,58,134,55,51,106,12890,10713,23606,8356,7758,16116,914,1016,1927,89963,86437,176400
CED106,2037,3004,5041,11909,14290,26194,6,3,10,842,1017,1859,11,12,20,13980,16336,30314,73,69,139,780,861,1644,58,83,142,59,72,128,194,272,459,295,296,593,335,365,699,636,790,1427,2133,2472,4611,50,47,100,260,355,611,2754,3785,6539,1454,1735,3193,72,90,164,35901,42953,78849,2481,2467,4948,863,867,1730,1686,1703,3391,0,0,3,334,309,636,342,394,738,676,699,1377,26297,24679,50974,255,199,454,86,121,208,26635,24997,51635,5784,6227,12013,1376,1845,3220,77436,84773,162213
CED107,412,569,986,16655,18514,35162,0,0,4,1049,1134,2184,326,317,642,21739,23461,45200,52,62,112,288,246,535,216,262,481,87,97,189,141,190,331,30,28,61,411,417,828,599,723,1322,2636,2879,5519,205,228,432,144,191,334,3832,4459,8292,1431,1572,3006,38,35,73,49889,54828,104710,316,280,594,241,190,429,31,35,64,30,29,58,88,90,176,156,233,393,274,352,626,18677,15805,34486,166,130,299,76,96,173,18917,16039,34953,10114,7771,17890,183,225,415,80371,80289,160652
CED108,1085,1216,2308,8217,9363,17578,73,63,136,931,1011,1943,3,9,15,25230,27345,52579,258,289,552,1338,1391,2721,289,376,662,760,828,1584,105,102,212,1110,1122,2229,1048,1051,2092,1548,1786,3334,1426,1679,3106,94,125,224,480,549,1028,1420,1576,2995,3008,3375,6385,105,106,215,47439,52157,99594,6074,5879,11957,7233,6944,14175,19,24,46,3,14,16,2153,1761,3913,261,325,587,2427,2098,4519,13212,11489,24710,134,85,219,54,56,114,13402,11637,25041,6673,6534,13210,718,1036,1760,85078,87526,172604
CED109,770,1225,1992,11144,13295,24435,8,8,15,788,886,1679,3,0,3,18452,20784,39239,46,62,109,6364,6610,12975,100,153,258,77,77,155,123,165,283,671,663,1336,251,274,527,508,598,1104,1280,1484,2768,91,133,226,44,41,84,1527,2089,3620,1299,1477,2782,51,53,102,42832,48861,91693,468,453,916,1013,971,1988,101,136,239,10,8,12,84,71,154,108,106,217,198,191,389,16152,13761,29915,161,130,292,49,98,150,16359,13994,30355,4884,5027,9909,383,507,891,67001,71369,138370
CED110,618,886,1510,15690,18464,34149,4,0,7,895,1000,1888,0,4,11,16101,18368,34468,62,68,128,200,230,428,388,521,917,108,135,242,160,231,389,23,22,45,257,318,569,949,1197,2149,2690,3183,5869,332,445,781,543,688,1235,3120,3974,7095,1780,2190,3968,79,93,172,43379,51128,94508,234,206,445,251,271,522,71,76,156,40,54,92,204,180,385,183,331,510,427,564,989,24347,21917,46267,236,200,432,139,249,387,24724,22363,47083,8520,8031,16554,369,466,836,78608,83997,162609
CED111,930,1239,2170,10645,12623,23262,9,11,19,693,758,1453,146,134,280,18345,20533,38878,84,93,168,3467,3493,6956,237,357,588,103,111,218,225,306,530,96,97,196,208,266,478,717,934,1652,1673,1988,3659,183,222,405,93,111,206,2291,2889,5176,2199,2309,4511,49,71,118,41448,47303,88755,664,484,1148,1820,1601,3421,54,45,108,20,14,36,52,35,88,185,278,458,263,326,582,24184,20555,44748,303,242,545,123,186,305,24615,20985,45601,6324,5961,12280,716,839,1560,76840,78785,155617
CED112,510,782,1299,16093,18995,35090,9,7,12,1222,1463,2686,64,76,141,17993,20600,38591,59,90,147,523,498,1013,292,374,674,216,216,438,125,175,303,48,44,92,650,719,1364,772,898,1671,1788,2098,3889,203,257,457,308,359,668,2014,2637,4647,1497,1755,3252,71,82,153,43959,51335,95292,244,249,496,265,218,484,58,68,123,28,22,51,64,53,116,177,260,437,269,340,604,21847,19145,40989,228,155,389,104,155,261,22177,19460,41632,5955,6256,12203,172,254,423,73603,78968,152569
CED113,553,811,1363,14983,16481,31470,0,0,0,864,846,1714,87,82,168,18078,18814,36892,29,35,63,989,916,1898,239,349,586,99,82,183,406,473,877,21,14,42,212,224,434,419,487,903,1925,2058,3983,151,172,322,167,186,354,2269,2789,5061,1510,1664,3175,52,66,120,42497,45737,88235,440,387,833,438,392,832,81,95,179,24,33,58,256,213,469,191,295,486,475,541,1012,25347,21780,47127,286,223,504,118,169,281,25748,22168,47916,10405,8569,18977,653,624,1275,81298,79324,160619
CED114,416,578,990,13477,15393,28863,0,0,0,713,752,1463,159,171,328,22408,23714,46120,44,67,111,258,276,531,200,271,470,136,177,315,1167,1355,2525,29,23,56,206,213,420,685,818,1499,3385,3511,6895,162,218,373,291,294,581,4236,5223,9457,1351,1470,2818,33,39,71,48932,53979,102913,809,730,1544,570,368,936,29,23,53,70,66,139,625,547,1171,139,176,317,833,789,1620,20758,17326,38082,167,137,300,59,90,151,20978,17546,38528,8842,8152,16991,547,543,1086,81957,82706,164667
CED115,14934,17541,32477,3158,3439,6598,1934,2000,3932,1030,1114,2144,3,0,3,21221,22623,43841,18,30,49,4055,4166,8223,207,279,483,321,348,670,102,98,200,482,479,964,294,380,677,683,807,1493,542,595,1134,52,70,124,227,269,496,540,582,1125,2636,2837,5476,61,58,120,37570,40182,77755,1709,1702,3408,5502,4906,10412,14,6,20,5,4,13,272,204,483,1680,1720,3399,1957,1937,3889,11871,9760,21630,70,59,131,46,48,95,11985,9877,21862,7285,7264,14546,579,687,1268,81540,84102,165647
CED116,515,777,1291,16139,18562,34704,0,3,3,959,1102,2058,4,4,7,15103,16567,31669,75,87,162,486,446,931,368,456,822,77,107,180,245,256,504,17,17,40,177,222,400,529,631,1159,2313,2594,4914,212,216,421,68,95,163,2482,3184,5668,1469,1639,3113,42,51,91,40768,46243,87010,159,144,300,146,113,256,59,67,127,26,18,46,30,37,65,173,294,467,231,351,578,23139,20353,43493,215,179,398,153,187,340,23508,20725,44229,7528,6641,14176,245,339,583,73153,75398,148548
CED117,2045,2767,4812,4999,5915,10914,8,7,21,354,400,749,0,0,0,15644,17932,33581,12,16,32,2739,3074,5810,102,143,249,43,43,89,125,189,313,111,113,220,168,213,385,236,361,598,844,998,1848,62,75,135,40,74,111,838,1014,1857,860,1054,1915,49,47,96,27231,31674,58905,1860,1506,3374,936,782,1717,293,354,648,8,19,32,46,56,106,264,286,551,321,365,689,30498,29753,60247,459,421,880,146,223,369,31106,30395,61500,8041,7777,15817,737,940,1678,72571,76564,149135
CED118,1606,1930,3536,8482,9461,17940,19,23,42,1267,1332,2592,37,51,89,21733,23540,45267,168,168,337,1634,1666,3305,244,273,517,326,358,683,108,140,250,694,673,1365,485,500,984,1994,2241,4233,1312,1509,2826,120,152,276,379,436,814,1558,1739,3294,2072,2186,4262,85,83,165,42716,46514,89233,10667,9908,20573,4191,4120,8315,55,50,108,4,7,8,4080,3542,7620,406,428,835,4488,3982,8469,14140,11885,26028,161,129,291,59,83,140,14362,12097,26458,6687,5638,12325,791,1314,2108,85566,85559,171120
CED119,824,1150,1971,13009,14901,27914,8,5,16,1418,1556,2974,80,83,166,19936,21834,41766,154,145,302,2862,2887,5753,72,107,177,122,142,264,183,191,371,565,590,1161,291,329,625,684,774,1458,1489,1626,3118,193,217,411,52,77,130,1944,2348,4293,1469,1607,3075,108,127,237,44663,49542,94208,1164,1184,2350,1185,1108,2289,58,68,122,4,3,9,109,96,199,152,190,341,263,288,552,17710,14972,32681,196,152,351,58,106,159,17960,15228,33188,4053,3859,7915,306,424,733,70470,72865,143336
CED120,451,615,1067,18379,20566,38941,10,5,16,853,938,1793,195,196,391,21955,23123,45081,30,38,64,806,749,1553,198,283,485,143,154,301,225,278,505,81,76,151,198,213,414,532,596,1133,1561,1705,3266,136,174,305,155,178,339,2354,2703,5052,1438,1492,2925,112,128,235,49363,53598,102958,233,245,480,473,463,935,57,45,102,11,3,14,75,65,146,147,191,331,226,264,495,17083,14420,31507,170,161,330,75,110,179,17329,14687,32015,5967,5227,11189,221,268,488,74320,75403,149728
CED121,412,664,1080,18484,20513,38998,0,0,0,1223,1410,2633,100,95,200,15669,16863,32531,28,40,65,269,247,516,294,397,692,140,152,299,121,154,272,26,25,48,329,370,701,624,716,1342,2105,2254,4360,331,435,766,1581,1792,3371,3511,4427,7940,1598,1762,3360,170,182,351,46601,51843,98447,250,230,483,224,191,413,31,33,66,19,15,30,33,29,63,147,240,381,197,281,481,21668,18466,40131,249,184,425,77,152,232,21995,18797,40788,7497,6125,13628,220,300,515,77431,78466,155897
CED122,2348,3166,5514,6771,8018,14787,154,151,307,491,617,1109,3,3,6,22759,25305,48060,17,29,45,5001,5603,10605,87,154,238,123,130,246,166,155,325,264,280,543,291,335,622,669,841,1508,1279,1475,2751,24,35,62,53,62,117,796,939,1729,1335,1676,3007,39,38,79,40308,45846,86154,1272,1088,2363,2885,2417,5301,2396,2601,4996,22,13,33,113,93,202,219,230,449,352,335,684,26667,24263,50924,272,244,512,100,154,253,27033,24657,51694,11132,9306,20435,2119,2727,4846,89846,92142,181982
CED123,772,1033,1803,14490,16759,31243,39,37,77,786,899,1680,195,168,364,24562,26483,51045,87,101,190,1252,1310,2564,207,267,467,376,406,782,197,248,443,349,341,689,405,434,831,1177,1353,2532,1759,2047,3811,148,218,359,159,193,353,1516,1777,3299,1870,2057,3935,69,80,146,49632,55187,104819,1553,1513,3064,1672,1523,3191,40,41,84,14,13,29,699,652,1347,202,287,488,910,951,1862,19600,16787,36393,242,183,422,90,112,206,19931,17084,37015,7275,6738,14007,344,529,873,82126,84596,166723
CED124,387,598,982,19203,21218,40421,3,0,3,1341,1515,2853,12,13,17,13901,15356,29258,85,107,196,182,149,336,332,398,729,125,158,277,139,177,316,20,12,39,278,306,588,407,498,906,2671,2879,5552,278,356,631,239,272,516,3637,4381,8016,1396,1688,3084,29,43,75,44283,49529,93811,112,101,213,100,63,162,32,38,69,27,22,44,21,15,37,124,180,301,169,209,382,18754,16552,35309,193,145,338,91,156,243,19033,16852,35887,6331,6260,12590,177,231,414,70626,73885,144506
CED125,1577,2021,3601,12242,13940,26182,118,106,216,1113,1249,2358,119,116,234,23020,24941,47965,82,87,165,1567,1534,3101,331,428,761,722,727,1452,182,198,373,385,360,737,471,506,971,1190,1403,2595,1425,1580,2997,116,166,283,293,342,632,1309,1509,2813,2089,2304,4390,110,123,235,46872,51609,98477,2558,2569,5128,5244,4951,10199,38,29,67,20,20,45,529,434,967,300,355,650,848,812,1658,15735,13609,29346,183,119,299,85,92,172,16001,13820,29825,6408,6214,12616,420,606,1025,79959,82641,162603
CED126,893,1308,2202,12517,15021,27534,0,3,7,662,726,1393,3,3,4,16742,18688,35426,21,30,52,1054,1110,2161,175,231,407,92,104,190,201,273,476,352,378,733,257,321,576,921,1070,1989,1535,1782,3316,55,102,158,53,68,114,1993,2525,4517,1445,1725,3172,34,54,92,38117,44212,82331,547,485,1028,335,322,654,218,236,453,6,4,10,231,159,390,202,261,459,438,422,865,24588,21826,46411,242,188,432,90,174,267,24922,22194,47113,5437,5703,11137,570,674,1245,71486,75549,147037
CED127,565,867,1434,13537,15337,28872,8,5,12,1505,1677,3185,192,236,432,15672,17167,32845,85,86,179,602,576,1177,236,322,554,155,181,340,186,218,402,17,19,41,199,251,448,848,871,1714,1632,1877,3511,136,174,308,125,155,282,1892,2455,4351,1645,1889,3532,61,109,172,38742,43612,82353,186,168,354,215,184,399,94,114,210,20,23,44,35,25,62,257,354,608,308,404,715,22256,20340,42597,313,266,579,127,244,369,22697,20850,43546,5597,5607,11204,488,644,1133,68897,72444,141347
CED128,4012,4926,8936,5850,6660,12506,1712,1828,3542,870,884,1759,20,19,37,28888,30673,59565,79,90,173,2786,2835,5622,236,306,541,335,359,692,107,105,205,691,704,1397,370,395,768,772,948,1723,818,920,1740,66,82,148,216,255,468,984,1175,2161,2447,2540,4989,100,134,235,47349,50911,98262,2245,2167,4413,10034,8984,19021,12,23,37,3,3,7,441,374,821,623,677,1302,1069,1060,2126,10880,8903,19787,102,81,183,70,73,142,11049,9054,20109,6127,5898,12024,410,696,1102,82313,83721,166035
CED129,1999,2511,4510,10176,11512,21684,24,29,58,1228,1511,2743,186,183,369,21231,22998,44228,72,100,169,1539,1578,3115,139,172,314,244,267,510,158,209,369,490,494,980,406,453,857,1786,2060,3841,1924,2128,4049,98,122,222,299,400,697,1999,2478,4477,1666,1859,3526,67,80,144,43734,48622,92355,3614,3696,7313,2186,2139,4321,91,81,177,4,0,4,732,702,1431,459,479,937,1195,1182,2371,17231,15266,32499,190,147,339,62,88,149,17486,15504,32981,4156,4144,8300,861,1213,2073,75319,79091,154404
CED130,395,516,913,20923,23542,44458,0,0,0,705,781,1484,143,152,295,16560,18064,34626,46,75,124,115,108,225,304,373,675,74,88,163,130,178,302,13,17,31,143,159,302,590,745,1330,3337,3547,6888,379,463,838,229,274,503,2909,3605,6521,1352,1533,2883,76,76,149,48019,53770,101792,314,315,629,405,323,731,26,27,57,38,27,58,74,60,133,162,250,409,273,336,603,17419,14929,32350,188,155,340,82,101,183,17684,15191,32874,8152,7889,16043,431,453,882,75700,78821,154523
CED131,791,1050,1842,11692,13473,25161,0,0,0,1221,1398,2618,29,34,65,15784,17975,33762,46,60,108,1327,1321,2650,128,170,301,99,117,219,117,136,250,44,48,97,356,418,772,746,838,1578,1804,1936,3737,248,300,555,201,228,430,2624,3546,6176,1798,2195,3992,66,74,134,38331,44272,82601,579,498,1076,1055,805,1856,51,46,97,27,25,53,86,76,160,199,230,424,312,326,637,26827,23504,50325,413,351,769,161,201,363,27402,24059,51458,6354,6053,12408,505,703,1203,75374,77801,153178
CED132,1993,3070,5060,9285,11116,20398,8,0,10,470,617,1085,8,4,16,18430,20717,39147,52,67,115,1294,1479,2773,57,80,141,36,34,68,226,245,471,415,458,867,226,335,559,454,597,1047,1558,1817,3368,26,18,42,67,73,144,1373,1893,3268,1073,1390,2468,50,62,114,35091,41011,76104,2256,2053,4309,839,821,1659,839,953,1795,3,3,6,128,138,260,293,367,657,422,511,930,28477,27255,55734,308,309,618,121,176,293,28909,27734,56646,7296,7607,14901,1518,2004,3522,79154,85771,164923
CED133,624,891,1509,15502,17330,32834,0,0,0,952,1062,2014,10,19,22,15865,17431,33298,40,48,83,136,138,271,448,548,989,92,128,222,179,224,402,7,9,19,195,216,409,705,824,1521,3931,4181,8108,259,296,552,315,397,714,3240,3946,7192,1622,1887,3504,216,221,437,43702,48896,92601,165,159,330,160,112,277,39,37,78,31,48,80,569,517,1087,287,504,788,886,1066,1953,24667,21972,46641,262,208,466,147,256,403,25081,22432,47514,8796,8043,16833,390,494,882,79848,82134,161982
CED134,289,404,696,18695,19764,38458,0,0,3,803,919,1727,104,96,199,20222,21522,41752,52,57,105,227,211,435,150,198,347,70,93,162,340,380,720,39,33,72,212,242,458,582,704,1285,3258,3243,6500,276,357,630,245,292,533,3614,4301,7908,1291,1431,2724,41,46,89,50217,53882,104101,394,357,755,276,209,488,21,22,42,64,62,127,63,43,107,97,115,211,234,218,450,17040,14203,31243,126,90,221,57,85,141,17229,14374,31602,9873,8746,18617,241,331,572,78776,78547,157320
CED135,2783,3630,6412,5520,6156,11676,36,35,67,1243,1342,2583,102,107,215,19082,20583,39664,113,143,258,1800,1844,3647,161,209,366,224,221,447,82,91,168,465,477,944,507,525,1035,894,1063,1953,1925,2035,3962,80,92,171,178,225,403,1482,1773,3247,1935,2148,4081,70,84,155,35877,39158,75032,16584,14421,30999,9252,7902,17157,59,53,115,0,4,0,1963,1423,3384,770,835,1605,2732,2259,4988,18613,16207,34813,218,146,364,93,112,201,18919,16463,35380,9540,8920,18460,1815,2416,4231,97558,95224,192784
CED136,431,605,1035,17984,20058,38039,4,0,5,1447,1523,2974,99,91,195,17336,19059,36395,82,85,164,260,266,527,192,265,453,184,197,386,149,171,325,13,13,27,376,392,770,729,837,1568,2346,2658,5003,340,403,741,177,213,386,3409,4230,7641,1525,1752,3279,35,39,75,46685,52259,98946,235,264,506,221,185,404,36,30,63,18,12,29,80,87,167,141,240,380,235,335,569,20929,18302,39233,245,201,443,71,129,195,21237,18633,39874,6307,6181,12494,200,271,470,75586,78768,154358
CED137,3626,5287,8914,4789,5768,10560,23,34,53,806,904,1709,29,26,54,22925,25419,48347,26,37,70,2821,3204,6028,138,199,337,71,69,137,97,131,228,412,437,848,240,270,514,527,682,1207,2544,3085,5625,52,68,117,111,118,224,1476,1735,3216,1415,1754,3167,58,60,116,38560,44005,82566,7219,5659,12875,2768,2242,5009,132,129,262,6,4,5,318,230,545,278,308,586,599,545,1140,26226,24893,51123,201,153,351,88,109,195,26510,25154,51671,9792,8481,18264,1549,2180,3730,90764,93679,184442
CED138,877,1364,2241,12580,14959,27538,0,0,0,575,670,1246,0,4,6,14772,16946,31720,72,99,172,259,241,508,449,574,1023,57,75,124,216,256,477,11,13,31,184,230,411,732,962,1693,2644,2971,5620,114,181,295,382,479,857,2412,3140,5554,1482,1739,3219,52,66,116,37008,43599,80608,395,370,770,107,80,181,234,216,445,33,35,63,172,141,313,271,443,714,471,617,1095,26508,25059,51567,275,210,480,256,484,737,27030,25755,52782,9151,9169,18324,675,861,1542,75943,82035,157981
CED139,346,358,708,17040,18594,35637,0,0,0,1053,1101,2154,244,268,508,22646,24409,47054,58,49,107,190,182,371,204,270,476,73,93,163,671,831,1497,102,98,201,226,210,440,587,666,1250,3426,3730,7155,205,259,460,158,170,330,3703,4237,7940,1321,1472,2792,36,32,71,51941,56673,108610,337,263,601,482,418,902,14,21,37,26,24,44,78,60,141,112,146,257,221,223,447,15801,13416,29222,146,119,259,67,64,133,16013,13604,29610,7999,6576,14576,204,281,491,77554,78432,155982
CED140,656,1014,1666,13498,16120,29623,3,8,10,1104,1265,2371,36,50,93,15874,18076,33955,120,148,264,496,500,1000,212,289,507,128,151,279,178,217,394,60,43,106,763,829,1597,699,913,1612,1709,2031,3737,133,190,327,307,341,646,2074,2723,4795,1555,1803,3364,91,100,193,39060,45803,84865,320,303,621,248,241,484,94,125,216,15,13,24,67,59,123,146,217,362,220,287,509,21726,19321,41040,243,204,438,123,180,312,22090,19702,41792,5735,5650,11383,297,389,693,68713,73513,142227
CED141,471,694,1163,14463,17013,31475,0,0,0,1412,1588,3000,39,25,62,15261,17074,32336,24,56,78,570,568,1146,233,293,520,146,192,337,152,192,345,14,7,23,274,303,579,898,1036,1934,2080,2345,4426,227,300,528,217,272,487,3313,4407,7720,1382,1579,2958,100,117,219,40812,47368,88179,209,190,403,151,135,281,33,34,68,13,17,29,45,31,77,131,182,316,191,233,430,22113,19096,41206,232,186,425,86,126,211,22437,19403,41841,4656,4659,9316,166,227,393,69126,72956,142081
CED142,6282,8331,14618,6278,6013,12297,13,8,23,603,636,1241,3,0,7,16167,15924,32090,20,21,33,1950,2061,4018,63,90,149,79,77,151,200,211,416,95,85,177,306,345,657,686,882,1570,1185,1211,2398,33,50,80,84,92,179,1128,1127,2260,1518,1804,3322,69,58,123,30475,30702,61181,1684,1202,2887,1762,1149,2912,893,824,1718,29,41,68,99,100,200,386,306,698,515,448,969,48207,41800,90004,666,486,1152,209,216,428,49085,42501,91585,23929,17883,41812,11348,12026,23377,125975,115073,241046
CED143,879,1384,2261,11185,13289,24472,0,0,5,376,459,829,4,3,8,16205,18839,35046,18,31,48,997,1132,2129,116,151,267,66,77,139,217,318,531,207,211,425,246,277,526,424,530,947,1419,1715,3136,33,40,69,43,64,110,1278,1722,3004,956,1206,2161,25,51,81,33818,40116,73930,595,526,1121,348,276,631,339,350,689,4,3,4,87,84,164,177,257,435,267,342,608,26567,25075,51648,282,234,514,102,202,303,26948,25506,52458,6555,6773,13325,909,1215,2117,70650,76495,147141
CED144,3829,4921,8746,2811,3283,6091,17,24,35,661,763,1422,9,6,13,19457,21208,40668,50,61,107,6946,7172,14120,184,256,446,124,101,223,58,59,120,538,516,1046,330,392,722,612,728,1346,1457,1615,3069,85,103,185,125,142,267,950,1184,2134,1720,1868,3594,44,48,91,36177,39530,75705,3011,2673,5690,21867,18988,40860,46,33,84,7,13,22,271,239,513,270,261,538,550,516,1070,14140,12939,27086,114,77,185,74,73,141,14329,13087,27418,7418,7063,14477,928,1159,2091,88159,87979,176135
CED145,747,1203,1951,6824,8462,15282,8,11,16,134,177,310,3,0,3,13277,15768,29044,15,16,28,1721,2112,3828,61,66,131,20,27,43,159,213,370,40,43,87,133,173,304,189,278,465,945,991,1932,9,20,31,30,33,66,580,774,1362,585,793,1381,32,34,64,24750,29994,54746,361,319,677,305,259,568,8604,9459,18067,4,3,9,36,46,76,142,172,315,178,216,395,24299,23480,47773,348,255,603,129,217,346,24774,23950,48725,9439,10263,19704,1636,1792,3429,70795,77465,148258
CED146,6023,6827,12848,5296,6143,11434,1005,1106,2114,944,973,1922,13,6,20,24174,25514,49684,50,45,98,4050,4120,8171,425,487,911,503,551,1054,67,92,160,692,718,1412,359,393,749,1253,1398,2653,750,855,1597,57,76,131,312,360,669,654,744,1402,2821,3018,5836,79,79,160,43505,46679,90179,4139,4270,8410,10974,10780,21756,10,9,18,0,3,10,301,270,575,1454,1531,2986,1759,1806,3566,10351,8617,18976,98,65,166,59,60,123,10510,8743,19261,7185,7273,14458,481,709,1186,84589,87093,171685
CED147,491,755,1244,14944,17852,32799,0,0,0,570,699,1267,85,85,170,18771,20895,39666,82,110,201,2292,2214,4510,374,456,830,117,132,246,308,381,684,56,48,102,153,176,327,647,763,1412,1752,2148,3904,187,238,426,107,131,231,2378,3080,5458,2030,2206,4235,47,86,131,44904,51700,96604,285,266,553,963,940,1903,52,54,109,24,18,43,37,37,74,149,243,386,207,294,499,20024,17545,37566,201,169,369,97,152,247,20318,17869,38181,5563,5582,11139,191,258,451,72974,77722,150693
CED197,16,36,54,278,414,690,0,0,0,28,30,62,0,0,0,355,475,825,3,4,4,17,35,52,4,5,13,8,7,11,9,10,19,0,0,0,3,8,14,12,14,21,51,74,127,4,9,12,12,10,21,50,83,137,31,42,73,4,0,3,872,1221,2090,12,5,16,4,4,10,17,15,30,0,0,0,0,0,0,8,3,10,8,8,13,348,384,727,0,3,8,3,3,3,354,391,739,139,193,327,151,184,333,1568,2049,3613
CED201,2559,3026,5590,5504,6798,12303,3,3,7,1445,1733,3177,89,80,164,13858,15631,29492,189,226,416,1802,1804,3602,126,142,271,229,248,479,307,399,704,361,355,718,390,449,842,1248,1387,2641,1367,1581,2954,150,192,347,174,188,370,1865,2449,4313,2153,2571,4720,144,164,305,31399,36414,67813,1964,1895,3857,826,848,1675,64,80,147,3,0,3,415,384,794,287,331,617,704,712,1422,22993,20993,43981,184,152,330,81,104,190,23254,21245,44504,4744,4656,9402,552,853,1405,66066,69744,135805
CED202,481,704,1186,7442,9300,16743,0,0,0,636,738,1376,113,92,199,17614,19848,37461,432,602,1030,442,388,827,172,223,398,86,98,182,357,468,823,22,25,53,167,207,369,433,496,931,1817,2144,3970,227,268,494,106,165,270,3965,5239,9205,1322,1514,2835,34,40,79,35400,41852,77252,425,353,786,308,218,526,43,44,87,19,16,39,174,147,323,217,319,529,407,485,885,29267,27379,56650,254,231,478,98,170,271,29615,27780,57400,6999,6986,13987,226,314,541,73904,78737,152646
CED203,2024,2572,4592,2618,3552,6170,34,41,74,353,456,813,3,3,4,17609,20539,38153,56,96,147,7040,7499,14535,108,184,295,54,38,92,119,186,305,120,124,248,174,197,376,278,349,632,566,689,1249,74,107,189,33,43,77,798,1147,1938,1436,1717,3153,40,45,78,31515,37029,68548,2460,1819,4276,3747,3228,6972,126,144,270,8,14,24,717,513,1234,225,295,521,953,828,1773,28428,28730,57161,397,345,736,126,216,350,28954,29295,58248,7838,7896,15740,750,1098,1853,78366,83903,162275
CED204,664,810,1467,8445,10337,18787,0,0,0,1287,1443,2733,172,162,333,14647,16323,30968,136,158,296,300,268,572,132,171,309,99,113,208,258,299,555,52,42,91,137,145,278,546,693,1239,1511,1795,3311,129,193,323,103,119,228,3922,5327,9245,1451,1669,3123,35,33,68,33367,39303,72665,291,302,592,265,244,515,37,55,87,5,12,21,124,95,221,166,311,478,297,427,718,28994,27092,56082,253,218,470,109,171,286,29355,27482,56836,7883,7301,15192,231,307,540,72383,76230,148616
CED205,6207,6947,13157,3579,4427,8004,6,9,10,1153,1363,2522,14,15,33,14509,15769,30273,151,174,328,4620,4813,9428,128,184,313,150,178,323,184,225,417,538,590,1128,411,459,867,900,1085,1985,1188,1389,2580,80,121,203,176,187,367,1512,2140,3654,2227,2443,4670,59,50,109,31591,35616,67207,5107,4439,9539,7071,5479,12551,117,114,237,3,4,4,2079,1467,3546,371,381,754,2446,1850,4303,19171,16713,35890,174,134,304,88,86,176,19434,16931,36369,6755,6299,13058,1280,1633,2918,80014,79315,159331
CED206,2083,2394,4481,3138,3832,6970,863,897,1763,442,477,913,5,6,11,27324,28684,56007,49,61,105,4404,4442,8847,228,248,472,235,275,508,119,148,268,610,607,1218,294,312,609,645,688,1331,671,769,1441,86,124,210,100,112,212,944,1214,2153,2250,2332,4582,44,50,91,42436,45286,87724,1883,1740,3626,14931,14466,29397,13,12,22,8,6,13,1504,1201,2706,177,209,392,1691,1415,3107,12043,10360,22398,115,95,208,60,63,119,12212,10518,22730,7325,6915,14238,457,607,1070,83039,83355,166393
CED207,582,879,1467,6995,8542,15540,0,0,0,1743,1950,3693,129,126,254,12640,14063,26705,240,284,515,541,562,1098,203,242,443,173,193,373,395,464,856,21,23,47,254,295,551,750,899,1650,1468,1826,3295,152,192,352,407,473,879,2081,2837,4918,2617,2963,5585,152,194,344,30959,36134,67094,327,325,645,190,152,340,59,41,105,10,4,16,123,113,242,239,375,606,365,498,861,30057,27010,57070,309,233,544,105,205,310,30472,27452,57923,5696,5652,11351,227,343,571,68883,71475,140359
CED208,4472,5261,9729,4373,5738,10113,5,4,10,1359,1757,3115,6,13,19,13899,16175,30073,156,194,350,4651,4962,9612,89,126,215,89,83,169,229,354,581,174,198,376,360,487,848,580,746,1324,1280,1580,2860,130,230,358,86,110,199,2101,2931,5028,1747,2155,3897,62,87,155,31378,37920,69298,3264,2713,5979,1767,1441,3210,244,260,495,5,0,7,615,455,1067,313,330,645,937,789,1723,30410,28708,59116,214,191,404,98,128,229,30725,29024,59754,6874,6876,13745,1861,2595,4458,81517,86871,168385
CED209,543,670,1211,7614,9478,17090,0,0,0,1265,1417,2681,35,41,80,16332,18101,34434,114,144,256,526,544,1073,157,201,359,31,34,70,541,655,1190,29,28,60,133,182,310,488,514,1002,2128,2349,4483,145,174,317,76,78,150,3930,5407,9337,1487,1778,3268,38,50,90,35073,41175,76246,514,317,833,506,331,840,33,46,76,10,5,11,167,151,316,157,205,360,336,357,689,29012,26471,55482,233,191,422,111,179,285,29347,26845,56188,6313,6219,12533,433,522,957,73092,76483,149578
CED210,635,899,1535,6759,8581,15337,0,0,0,1214,1436,2646,51,36,85,18359,20949,39312,94,121,216,1483,1501,2985,200,270,467,105,123,230,447,589,1038,22,21,42,157,216,375,354,445,802,1929,2347,4269,170,227,393,79,112,199,2743,3756,6501,1809,2096,3905,45,75,117,36016,42894,78916,540,440,981,1027,851,1876,41,30,69,4,7,7,231,200,435,168,228,399,405,433,839,24867,23250,48117,268,166,429,110,143,253,25246,23556,48801,7685,6790,14476,317,361,676,71918,76250,148166
CED211,2136,2637,4774,5504,7257,12759,3,0,0,2619,2938,5554,10,11,23,12802,14858,27662,356,457,813,1509,1639,3155,93,122,219,131,148,284,443,534,978,140,124,265,378,426,804,810,987,1801,1312,1608,2921,214,304,525,249,341,588,2286,3266,5554,2363,2928,5291,177,230,404,31405,38183,69590,1644,1508,3154,861,714,1573,59,85,147,5,6,12,601,508,1115,306,374,683,915,891,1811,26817,25077,51898,295,227,521,96,157,262,27213,25468,52681,5313,5494,10813,730,1068,1794,70278,76048,146325
CED212,566,892,1459,8715,11172,19884,0,0,0,739,960,1697,5,4,8,13558,15913,29473,115,153,264,1206,1158,2364,171,207,379,214,239,456,226,300,527,98,92,184,190,230,418,538,631,1169,1727,2085,3808,81,131,210,84,82,163,1860,2623,4483,1692,2016,3713,64,87,150,31272,38078,69353,334,351,688,285,251,539,128,121,250,0,3,3,92,61,155,248,320,570,336,392,733,29470,27459,56929,256,236,494,130,212,346,29862,27910,57769,6595,6584,13180,272,428,697,69660,75004,144661
CED213,461,732,1193,10464,13020,23486,7,0,6,878,1080,1962,0,0,0,14410,15869,30273,115,154,266,1015,903,1917,248,313,561,156,174,333,216,258,479,32,27,54,150,204,357,380,434,813,1929,2269,4201,133,167,301,45,58,105,2342,3228,5571,1447,1676,3121,53,59,108,34011,39902,73911,128,127,253,132,131,266,94,82,176,3,0,3,55,45,93,153,251,400,211,289,500,30832,28091,58921,239,198,430,110,216,322,31176,28508,59685,6691,6815,13500,228,287,512,73123,76876,149993
CED214,3869,4844,8706,3690,4809,8507,3,0,3,917,940,1857,0,3,6,18617,21057,39677,88,83,167,4589,4862,9453,177,195,369,111,109,218,230,303,534,290,281,572,335,376,709,557,592,1150,901,1089,1993,72,91,165,97,105,199,1151,1523,2673,1747,1954,3702,34,41,77,33612,38421,72031,2867,1776,4644,4927,3678,8609,66,83,153,0,4,10,679,504,1180,211,261,470,890,766,1655,27603,25222,52823,288,228,519,112,158,275,28000,25609,53611,7745,7330,15076,620,915,1533,82597,83418,166013
CED215,422,573,999,10580,12507,23090,0,0,0,751,856,1606,91,107,200,13376,15107,28485,37,53,93,398,379,781,244,319,560,99,104,194,244,288,534,27,28,57,141,154,297,477,591,1065,2081,2285,4370,167,228,388,112,167,279,2880,3694,6576,1312,1545,2858,45,51,96,33070,38453,71524,273,213,489,224,188,416,27,31,51,4,7,12,82,54,141,142,247,385,227,312,541,26087,23220,49306,231,221,450,82,141,224,26402,23584,49984,8238,7416,15654,205,275,481,69088,71054,140135
CED216,847,1302,2149,7336,9488,16824,0,0,4,383,485,873,7,3,8,13890,16734,30624,37,62,103,3022,3331,6350,54,72,131,32,43,73,229,307,535,101,94,194,172,188,361,151,196,344,1086,1250,2335,24,42,62,28,30,54,1781,2493,4269,824,1091,1914,58,52,111,29207,35962,65167,1374,1180,2551,384,332,717,4717,5106,9818,0,0,0,163,99,266,170,199,369,333,304,633,25809,24841,50656,213,177,385,102,180,283,26122,25195,51325,5827,6256,12080,613,913,1533,69424,76550,145977
CED217,4927,5887,10818,4666,5589,10259,26,34,61,1090,1187,2274,88,70,162,30061,32301,62363,89,97,184,4644,4727,9378,409,501,915,416,445,856,230,281,510,902,944,1850,494,541,1032,1412,1570,2980,1016,1140,2148,85,127,211,294,333,630,1329,1658,2986,3575,3812,7384,65,64,127,50885,55415,106299,2695,2614,5307,4811,4559,9370,36,30,65,3,4,10,2092,1719,3810,235,290,517,2331,2007,4338,20624,18718,39343,173,123,298,79,130,214,20884,18976,39861,9050,8316,17372,597,861,1463,96208,98676,194887
CED218,1609,2235,3849,6757,8550,15303,0,7,7,493,606,1098,0,5,6,13071,15894,28967,52,68,118,3666,4066,7728,97,115,210,44,43,85,178,280,464,110,106,218,211,214,420,227,338,568,1030,1157,2185,22,42,60,34,46,76,1618,2248,3871,869,1171,2034,45,59,99,28512,35003,63516,2716,2337,5050,819,741,1556,2713,3006,5722,0,0,3,175,137,311,204,219,427,381,364,747,28268,27775,56047,311,261,573,116,164,281,28693,28206,56897,7286,7509,14793,1112,1482,2597,73838,80881,154724
CED219,4950,5388,10340,5967,7079,13046,10,7,14,1219,1410,2633,14,14,33,22196,23836,46028,123,121,247,2942,2915,5858,265,326,589,631,713,1339,212,223,435,649,701,1348,551,601,1156,1997,2151,4146,1632,1981,3615,109,155,266,455,478,931,1553,1901,3448,3632,3940,7570,72,95,167,44215,48640,92858,5234,4805,10037,9931,8849,18783,71,89,162,7,3,9,2897,2557,5457,367,386,759,3267,2949,6219,22814,20241,43051,202,164,372,96,114,208,23118,20517,43635,8303,7966,16273,815,1165,1978,99912,100368,200281
CED220,6312,7527,13837,3967,5069,9038,6,3,5,553,634,1189,3,5,8,16124,17835,33961,110,141,252,5989,6420,12406,168,229,397,117,104,226,166,189,356,214,218,433,221,228,452,498,531,1029,913,1181,2099,40,52,93,107,145,256,1275,1701,2982,1368,1613,2983,72,61,132,31918,36368,68287,2686,2231,4919,2021,1698,3717,1954,2027,3988,0,3,3,1534,1079,2616,250,279,533,1788,1361,3154,20797,18667,39459,182,154,335,88,102,190,21067,18923,39992,5967,5996,11968,702,1034,1737,74428,77169,151594
CED221,432,599,1030,10424,12209,22634,0,0,0,843,969,1808,56,50,105,15770,17086,32853,70,92,167,298,283,584,261,348,606,70,92,162,620,690,1309,11,15,34,254,284,544,500,588,1089,2141,2314,4460,155,211,365,134,163,298,3400,4412,7817,1550,1763,3312,43,51,96,36605,41620,78228,311,296,607,177,115,291,57,57,113,8,4,12,103,81,187,162,241,406,275,329,603,25592,22642,48240,237,198,436,102,133,236,25932,22978,48907,8346,7873,16221,520,554,1077,72660,74415,147073
CED222,3814,4659,8468,6211,7759,13969,0,0,3,684,752,1436,7,7,16,17838,19981,37821,90,148,242,2645,2732,5374,215,262,475,198,220,419,201,234,436,149,162,312,236,277,516,597,777,1374,1276,1536,2815,57,105,161,142,170,310,1472,1983,3456,1698,2011,3708,60,60,124,33779,39194,72971,2013,1843,3852,4126,3428,7553,253,290,547,0,0,6,790,597,1388,222,277,501,1015,876,1893,24832,22605,47439,180,153,334,93,185,281,25108,22935,48049,6435,6465,12901,500,758,1255,77044,80453,157494
CED223,887,1227,2112,5811,7170,12984,0,3,6,821,1036,1856,117,130,244,16781,19122,35908,70,113,181,2509,2617,5129,73,109,186,67,67,138,279,340,615,115,122,234,197,213,413,418,529,945,1096,1282,2380,110,130,243,46,55,95,1675,2378,4053,1267,1584,2852,40,52,92,31497,37047,68546,843,749,1593,1343,1316,2658,84,97,175,0,3,3,148,133,286,182,273,454,328,413,743,26944,24879,51827,266,223,483,120,200,320,27332,25300,52634,5410,5650,11059,463,665,1127,68181,72466,140648
CED224,2047,2857,4905,6064,7422,13489,3,3,3,954,1164,2113,3,8,10,14150,16726,30884,68,111,177,2997,3304,6302,35,57,96,21,44,67,209,294,504,113,131,242,245,304,542,402,504,907,960,1233,2198,62,85,142,36,44,78,1929,2756,4692,1112,1477,2590,28,37,62,29398,35703,65100,2028,1692,3721,934,758,1694,518,585,1104,0,3,5,182,154,333,217,245,466,400,404,801,26505,26164,52663,299,255,555,78,142,219,26877,26556,53440,5974,6182,12162,1244,1527,2770,69428,76264,145693
CED225,1940,2181,4117,7269,8692,15960,3,3,3,1202,1410,2618,114,99,210,16677,17958,34635,174,216,385,1163,1214,2383,192,253,449,186,206,394,258,366,624,269,237,506,245,280,528,1012,1191,2203,1344,1637,2980,96,142,239,254,277,533,1889,2586,4478,2529,2889,5422,103,124,227,35000,39790,74783,1478,1384,2866,1851,1772,3619,94,102,196,0,3,3,571,496,1060,259,370,631,826,864,1692,28965,25819,54781,285,222,506,121,198,323,29375,26242,55611,5972,5746,11712,406,658,1058,76938,78733,155671
CED226,2940,3440,6381,6923,8259,15179,3,3,3,2304,2446,4751,86,85,174,26565,28907,55475,147,175,325,2936,2881,5821,336,411,752,435,492,921,452,515,969,475,479,950,762,846,1606,1579,1825,3403,1506,1814,3316,136,193,333,202,232,428,1870,2232,4096,3596,3891,7488,120,161,284,50432,55842,106272,10180,9350,19528,8564,8205,16768,66,50,114,7,5,16,4271,3507,7784,422,503,925,4701,4019,8717,27882,24824,52711,241,172,413,113,145,264,28240,25143,53380,10279,8824,19103,1471,2214,3684,116873,117080,233953
CED227,571,673,1247,7865,9159,17024,0,0,0,639,650,1293,156,157,316,13686,14570,28260,387,528,911,421,381,801,119,174,301,127,149,280,1875,2121,3998,28,21,55,231,215,442,612,729,1342,1747,1862,3608,210,295,505,197,253,449,6735,8113,14851,1233,1433,2661,63,75,136,36338,40891,77230,296,236,534,840,582,1419,18,18,36,22,19,39,236,199,432,94,143,232,350,355,704,22031,19181,41206,142,112,254,53,71,127,22226,19361,41586,7273,6831,14101,636,682,1310,68547,69618,138171
CED228,6121,7626,13747,3038,3722,6758,26,22,48,935,1018,1951,3,4,4,27500,30475,57970,56,73,132,4159,4399,8558,181,237,418,125,124,252,144,249,388,372,375,746,296,318,612,646,757,1398,699,879,1577,43,56,101,82,99,180,1146,1541,2679,1818,2090,3910,39,39,71,41291,46467,87761,2544,1879,4422,3182,2229,5410,50,39,84,3,0,7,1501,1002,2498,189,187,381,1693,1188,2886,18949,17111,36059,175,136,314,61,102,164,19182,17347,36534,7310,7362,14678,609,893,1503,81979,85031,167004
CED229,1514,1895,3413,9382,11228,20613,202,181,386,794,883,1672,105,110,217,29104,30922,60023,109,150,262,3056,3178,6234,277,310,587,345,397,741,287,337,620,297,293,589,285,328,613,1002,1094,2102,1820,2036,3856,157,201,360,165,191,355,2615,3400,6019,2679,2947,5627,34,52,86,52710,58240,110947,2641,2307,4950,3436,3348,6784,41,46,93,6,7,20,2184,1851,4027,303,384,682,2489,2245,4729,31128,28090,59218,233,205,443,123,154,272,31484,28448,59931,8581,8432,17011,545,820,1366,103442,105787,209227
CED230,750,931,1684,10442,12643,23084,0,0,0,1132,1295,2421,101,130,230,15954,18001,33959,106,142,249,538,556,1092,348,430,771,234,237,475,244,315,556,79,79,161,357,419,781,730,866,1594,2333,2803,5140,239,348,584,225,280,501,3156,4177,7331,2196,2530,4725,68,77,140,38472,45318,83796,565,507,1070,466,437,898,34,39,70,3,3,9,417,339,759,180,326,512,602,669,1271,30479,28105,58585,297,249,552,91,168,256,30866,28521,59391,7608,7665,15268,315,459,774,79673,84556,164229
CED231,5302,7198,12506,4258,5218,9479,11,9,22,655,755,1413,9,3,10,15489,17962,33453,54,80,133,2212,2432,4640,73,102,177,55,61,115,224,318,542,298,348,643,344,424,764,570,795,1365,972,1133,2108,43,75,118,52,60,112,1277,1691,2967,1574,2129,3705,46,69,123,28225,33676,61899,3175,2413,5590,4283,4290,8575,344,370,707,12,3,16,165,150,307,352,362,715,526,514,1042,47953,48779,96732,593,473,1070,156,195,351,48706,49451,98152,18713,17947,36655,6987,8239,15231,116254,124103,240358
CED232,1477,2157,3637,4710,5561,10274,4,6,6,369,423,793,3,5,12,11884,13999,25885,28,35,66,2528,2790,5317,73,99,172,48,52,97,191,285,473,81,78,155,181,232,415,301,356,657,756,871,1627,18,29,50,29,44,70,979,1284,2261,894,1230,2119,46,37,86,23119,27413,50534,2135,1605,3736,982,907,1888,7590,8168,15761,4,7,10,133,119,249,246,255,503,385,375,764,31851,30804,62658,405,332,739,163,240,406,32421,31385,63809,12298,12126,24424,2659,3179,5841,83059,87317,170383
CED233,2123,2772,4891,4670,5897,10563,4,3,4,1497,1838,3338,11,7,16,14565,16259,30821,158,201,357,5079,5395,10475,80,120,193,77,76,156,392,489,885,393,398,796,436,483,919,841,902,1749,1176,1413,2592,92,115,208,90,107,202,1697,2336,4035,1810,2128,3937,56,71,125,33140,38235,71371,912,914,1828,1378,1294,2674,173,185,361,3,3,3,327,298,629,333,392,723,662,694,1360,22213,20532,42748,161,117,277,87,98,185,22454,20751,43208,4631,4858,9485,904,1189,2093,66379,70888,137267
CED234,398,546,941,9437,10662,20106,0,0,0,543,640,1176,101,87,179,17117,18364,35478,153,193,348,519,506,1028,136,197,334,108,148,252,210,283,493,40,22,63,140,166,304,741,802,1540,2591,2865,5460,153,244,396,84,98,181,4736,5725,10458,1210,1356,2563,44,39,84,38071,42383,80455,372,324,697,1998,1778,3777,17,19,38,9,12,21,524,429,948,109,208,317,643,643,1284,21227,18640,39872,160,123,277,74,98,167,21458,18856,40314,7752,7087,14838,258,406,663,70977,72039,143016
CED235,2662,3164,5825,3796,4632,8424,63,63,123,566,659,1226,104,123,231,22313,24562,46877,35,58,92,8613,8796,17413,174,221,394,115,139,254,156,170,322,449,420,871,226,272,499,661,777,1439,962,1043,2009,108,173,286,98,151,252,1044,1352,2399,3036,3190,6225,37,37,75,42571,46831,89402,3515,3025,6546,6810,6387,13197,31,21,53,0,5,8,2676,2281,4949,247,304,548,2925,2584,5507,17634,15704,33343,151,100,258,56,103,160,17850,15908,33755,6338,6325,12656,622,959,1588,83318,85214,168528
CED236,304,422,729,7203,8572,15774,0,0,7,745,827,1580,74,90,165,14374,16059,30437,159,189,351,167,150,322,166,238,407,33,47,78,1140,1259,2403,15,9,23,114,150,267,341,438,778,3410,3564,6972,196,276,475,73,128,201,4628,5590,10220,1150,1231,2380,20,27,47,34027,38848,72882,147,131,275,129,115,244,25,24,56,8,18,28,40,37,78,140,190,327,194,243,433,22299,19279,41584,164,125,290,77,97,173,22541,19506,42045,7627,6308,13941,408,469,878,65406,66066,131476
CED237,1503,2000,3507,2755,3627,6382,80,79,163,372,462,832,3,3,6,21325,24310,45638,47,48,94,5123,5545,10672,144,201,348,102,89,189,161,196,357,161,146,309,178,213,396,260,341,604,571,718,1292,63,66,133,21,29,54,870,1285,2155,1030,1274,2306,27,30,58,33301,38675,71978,2722,2132,4855,8655,7332,15981,102,121,223,4,12,13,487,309,791,239,306,546,735,620,1352,26957,26944,53904,399,352,756,116,167,283,27475,27467,54946,7445,7468,14921,667,913,1577,82607,86730,169341
CED297,3,5,8,43,5,50,0,0,0,3,0,3,0,0,0,71,4,76,0,0,0,0,0,0,0,3,3,3,0,3,0,0,0,0,0,0,0,0,0,0,0,0,9,0,7,0,0,0,0,0,0,7,0,9,6,3,10,0,0,0,147,14,158,0,0,0,4,0,7,0,0,0,0,0,0,0,0,0,0,0,0,0,0,0,120,14,133,3,0,3,0,0,0,124,18,138,36,0,37,16,14,34,335,54,380
CED301,531,737,1274,11625,12883,24506,0,0,0,1692,1761,3453,95,88,184,14239,15653,29894,242,305,547,213,220,437,386,484,867,756,853,1612,1625,1818,3442,32,26,57,414,495,910,1259,1482,2739,2098,2285,4380,296,405,698,302,367,664,4174,4941,9116,2528,2742,5273,429,502,932,42396,47324,89717,521,431,950,324,278,599,27,42,68,16,22,36,102,82,188,228,399,624,347,504,854,24173,21439,45610,260,218,481,97,146,241,24525,21808,46331,7802,7274,15081,265,347,616,76739,78751,155489
CED302,1294,1696,2993,8919,10406,19331,3,0,3,1663,1887,3552,166,188,352,16414,18625,35042,61,80,139,1755,1785,3541,274,333,607,251,248,501,545,662,1204,48,39,88,369,404,770,1383,1626,3012,2001,2294,4293,172,207,383,303,369,666,2881,4067,6940,2066,2371,4442,132,144,271,39400,45739,85145,1317,1295,2610,994,962,1961,86,90,179,7,5,11,431,356,786,200,283,483,634,649,1285,21844,19795,41633,246,180,421,112,160,274,22200,20133,42330,5446,5487,10937,898,1283,2182,72273,77339,149615
CED303,502,796,1299,11896,13997,25894,0,3,4,1893,2159,4052,39,43,74,14500,16194,30690,115,122,233,505,550,1056,326,397,719,344,367,714,726,925,1653,18,12,27,316,363,682,875,1004,1876,2314,2522,4842,185,256,442,164,244,412,3889,4896,8787,2016,2265,4284,219,237,456,40347,46553,86905,308,320,624,208,196,407,59,52,110,9,11,22,148,149,302,171,309,481,334,470,801,23210,20284,43497,258,213,469,115,154,267,23584,20653,44239,5133,5159,10292,370,531,902,70847,74723,145570
CED304,1374,1896,3267,8240,9478,17719,0,3,3,791,955,1746,7,13,20,19274,21290,40572,36,42,82,668,674,1347,134,163,302,88,71,161,396,482,877,49,32,81,189,219,409,529,717,1244,1526,1651,3179,110,104,213,94,93,185,2061,2723,4786,1318,1534,2860,103,95,198,35632,40345,75976,1862,1500,3366,1148,917,2063,169,159,332,6,8,13,354,245,601,312,310,619,671,561,1233,31453,28081,59531,497,382,872,173,215,387,32125,28675,60794,11166,10280,21447,3610,3843,7454,87759,88165,175925
CED305,471,661,1133,13504,13877,27382,0,3,3,1269,1340,2605,21,28,45,20588,20639,41224,90,86,177,108,115,227,316,396,717,174,192,368,590,659,1248,16,9,24,271,330,595,880,1037,1917,2813,2711,5525,258,375,640,212,225,439,5596,6263,11861,2108,2111,4220,171,153,326,48988,50553,99539,426,324,749,372,224,596,15,16,27,17,19,39,78,73,148,180,237,420,279,330,605,19788,15795,35584,225,186,416,96,107,204,20111,16092,36199,12605,7549,20155,454,518,969,83702,76272,159974
CED306,534,819,1353,12522,13742,26262,0,0,0,892,957,1854,3,10,10,20748,22138,42881,77,83,159,320,363,683,378,518,895,113,125,236,603,715,1317,28,26,50,275,288,566,1015,1249,2262,2770,2600,5369,185,238,420,372,482,854,5328,6449,11770,1878,2090,3969,172,198,369,47690,52255,99949,426,406,830,234,216,451,45,41,79,3,5,7,142,108,251,150,201,344,291,311,606,21401,18303,39704,230,182,416,95,140,243,21732,18630,40361,9049,7738,16789,1820,2424,4241,81811,82845,164654
CED307,457,707,1166,10429,11916,22343,0,0,0,2235,2344,4581,10,12,17,15429,17147,32570,92,121,219,230,257,487,308,377,683,247,252,496,669,815,1482,30,32,64,436,466,902,1258,1384,2640,2162,2265,4422,170,258,434,202,242,440,3514,4475,7995,2495,2761,5255,228,261,489,40137,45393,85524,580,580,1155,176,174,342,48,48,95,9,8,13,169,132,299,183,269,461,360,410,774,23210,20551,43760,257,187,443,121,145,266,23583,20885,44470,5144,5024,10165,318,425,746,70803,73645,144443
CED308,907,1404,2315,13357,15859,29217,10,12,23,1012,1174,2188,6,6,13,15636,18229,33863,147,197,345,750,838,1590,393,495,885,478,524,1000,721,787,1504,104,96,201,308,373,686,1120,1315,2435,2426,2770,5200,144,176,319,179,192,374,2874,3737,6610,2435,2905,5337,148,191,345,42249,49883,92128,529,522,1050,1112,1019,2129,141,151,287,8,5,9,202,157,364,214,296,512,423,465,885,27663,25208,52868,223,205,433,127,222,346,28012,25636,53647,8330,8464,16792,957,1185,2142,82655,88727,171385
CED309,695,1133,1825,11298,13785,25083,0,0,0,1758,1990,3747,92,83,175,12884,15118,28003,109,154,264,185,249,432,506,687,1184,284,325,614,889,1163,2058,15,24,36,281,329,608,1237,1392,2630,2304,2506,4811,167,235,396,151,169,318,3570,4629,8201,2532,2926,5457,89,98,185,38337,45869,84205,278,281,561,206,168,371,81,92,169,9,11,17,105,80,184,202,304,507,310,394,705,27098,25539,52638,292,280,579,190,367,558,27576,26197,53773,6651,6856,13510,849,1036,1884,74982,82024,157001
CED310,695,1018,1709,11427,13607,25036,4,0,3,1427,1618,3045,9,14,25,12456,14427,26885,154,178,327,191,235,424,396,518,911,141,162,307,764,910,1665,17,11,31,236,262,499,1039,1306,2343,2084,2512,4600,139,214,354,131,184,319,3475,4710,8177,2213,2582,4796,98,129,228,36405,43578,79979,294,256,553,126,103,231,48,51,99,6,3,14,91,77,167,167,241,407,267,325,589,24195,22038,46239,241,226,465,152,278,433,24593,22536,47128,6333,6661,12996,1421,1851,3277,70178,76383,146557
CED311,604,695,1291,15701,15466,31165,0,0,0,1486,1504,2988,43,31,71,17546,17091,34633,137,152,289,208,186,398,327,423,744,168,187,351,1202,1264,2468,7,3,11,455,467,923,956,1042,2000,3331,3063,6388,263,360,625,261,268,525,5217,5703,10912,2258,2274,4529,177,197,379,49739,49664,99405,415,367,780,294,239,535,21,32,57,21,35,55,98,84,181,180,277,457,297,395,692,22045,17504,39548,263,192,458,104,125,232,22404,17828,40233,11089,8072,19163,928,667,1599,85796,77950,163747
CED312,940,1341,2278,11660,13708,25366,13,16,26,1431,1602,3027,17,22,35,14677,16233,30905,69,87,156,563,594,1159,572,734,1300,987,1038,2027,903,1091,1998,29,24,51,429,496,927,1750,1979,3727,2090,2396,4478,173,213,382,371,461,832,2986,3713,6704,3054,3407,6456,246,296,546,41999,48110,90113,588,530,1118,1054,1008,2063,63,50,116,9,5,20,271,228,498,309,398,710,587,631,1221,27044,24142,51187,267,203,470,139,185,322,27450,24525,51977,7303,7239,14547,415,569,990,80412,84007,164421
CED313,1469,2038,3505,7913,8774,16688,0,0,0,761,878,1638,53,75,128,17496,20432,37928,35,54,94,1945,2020,3962,179,221,398,190,201,399,453,564,1015,59,68,128,222,235,450,683,831,1516,1465,1666,3130,60,100,157,135,140,276,2059,2888,4948,1308,1653,2962,80,97,176,35095,40890,75987,1690,1392,3079,1194,1014,2215,128,116,242,0,5,10,474,402,874,261,292,561,737,704,1439,28282,25823,54107,452,332,778,123,234,360,28853,26386,55242,8139,7709,15849,1446,1901,3346,78753,82156,160912
CED314,547,681,1226,12791,15160,27956,0,0,0,1041,1265,2306,144,122,261,16461,18267,34726,651,733,1383,122,129,247,352,456,813,202,210,416,2640,3047,5689,29,29,54,332,345,672,1255,1437,2696,2513,2884,5391,181,275,455,285,358,650,3677,4646,8327,3186,3803,6984,132,155,289,45991,53328,99320,734,489,1221,856,729,1579,32,22,54,13,16,33,151,105,258,201,292,489,365,420,783,16006,14007,30018,222,187,410,85,102,188,16317,14296,30615,6504,6515,13022,328,448,779,71672,76922,148598
CED315,579,783,1360,11421,13128,24546,0,0,0,1016,1140,2163,21,23,39,20560,22729,43286,47,51,93,406,466,874,249,353,600,150,189,337,457,559,1017,67,41,110,439,488,928,1184,1463,2650,2378,2614,4992,305,338,651,244,316,562,3413,4499,7911,1835,2026,3861,97,103,202,44287,50539,94822,406,372,775,462,416,877,43,30,74,35,30,61,115,97,211,218,288,507,362,419,777,24687,21480,46166,324,229,548,98,132,229,25106,21847,46949,9105,8025,17132,719,1011,1728,81070,83439,164503
CED316,498,749,1245,13487,15447,28933,0,0,0,1587,1811,3400,149,144,296,12459,14537,26992,142,176,319,167,161,327,443,588,1030,189,212,400,1288,1505,2794,18,27,47,386,420,800,752,905,1658,2669,2915,5585,271,366,636,198,282,483,4710,6049,10755,1907,2256,4157,159,198,354,40975,47993,88971,239,237,478,240,194,436,31,40,65,25,22,45,45,46,87,141,250,391,214,314,523,20598,18353,38953,197,160,353,108,167,276,20902,18683,39581,7064,6985,14051,911,1214,2128,71078,76412,147487
CED317,415,662,1081,13338,13751,27088,0,0,0,1413,1501,2916,214,231,449,21890,21993,43886,67,71,142,266,266,537,572,786,1367,177,179,356,546,594,1139,3,0,5,306,300,601,1187,1292,2481,2639,2529,5172,159,232,396,415,494,909,4631,5259,9893,1754,1858,3619,59,60,121,49657,51400,101056,230,202,429,188,162,353,32,21,51,102,102,198,474,394,875,229,286,519,803,781,1589,22388,18183,40576,165,118,288,115,137,253,22673,18439,41111,11344,9417,20759,1342,1402,2741,86683,82496,169183
CED318,1250,1797,3046,14200,15245,29449,0,0,0,896,957,1857,3,3,13,18168,20243,38411,106,151,254,388,399,793,550,693,1237,179,229,405,1197,1305,2499,38,22,57,383,442,828,2022,2490,4517,2419,2590,5012,112,159,273,501,606,1107,3470,4251,7719,2531,2857,5385,91,98,190,47278,52734,100016,710,642,1355,315,274,589,151,129,282,182,180,365,415,366,786,352,488,839,950,1034,1984,30999,27352,58346,298,230,526,195,207,405,31489,27792,59280,14120,13448,27566,5703,7261,12967,101966,105117,207081
CED319,856,1258,2111,8306,10236,18543,0,0,5,1537,1816,3352,13,11,24,20303,23208,43510,63,85,147,455,473,929,238,328,568,184,206,391,493,587,1078,61,77,138,328,365,689,914,1120,2041,1820,2156,3977,156,220,383,132,185,309,2863,3928,6788,1687,2052,3739,108,106,216,39667,47167,86830,1639,1568,3205,624,568,1190,62,61,115,25,11,37,1122,889,2010,222,318,539,1365,1220,2590,23689,20843,44531,330,282,612,129,169,293,24153,21287,45442,6098,6202,12303,569,877,1449,75026,80203,155231
CED320,574,820,1397,12935,14585,27528,0,0,0,1637,1837,3470,95,82,174,14310,16485,30798,109,135,244,210,239,450,504,626,1131,415,425,846,868,947,1813,13,13,27,404,468,872,883,1009,1896,2364,2541,4907,224,289,520,395,518,912,3681,4545,8225,2497,2753,5244,261,265,530,41816,47765,89581,239,259,490,152,146,300,42,42,80,15,18,32,48,40,89,249,439,691,308,496,806,26333,23774,50112,268,244,511,126,196,317,26733,24207,50943,8126,7454,15581,486,797,1289,78474,81983,160463
CED321,320,393,718,16829,17419,34243,0,0,0,1122,1230,2354,94,91,184,18079,18342,36423,248,262,506,115,103,217,423,559,977,159,189,344,1710,1788,3502,10,3,10,303,263,568,859,968,1825,3536,3345,6875,268,337,607,272,277,557,5029,5523,10551,2193,2245,4438,132,122,259,51371,53068,104437,199,172,371,102,105,210,32,30,57,21,16,38,99,83,180,175,263,437,302,352,652,17015,13731,30743,175,113,288,99,112,209,17291,13953,31239,9793,7712,17507,371,434,806,79781,76229,156007
CED322,943,1425,2371,11491,13912,25395,0,4,4,957,1093,2049,5,12,18,15758,18483,34238,61,103,163,658,654,1315,384,462,846,279,303,580,463,578,1044,55,54,112,227,248,477,1298,1577,2874,2120,2410,4538,110,143,252,185,241,428,3008,3864,6876,2209,2653,4863,98,90,184,39367,46880,86241,406,424,826,311,268,576,138,158,294,9,8,11,105,80,187,209,352,564,326,435,764,25110,23385,48492,211,185,395,134,281,417,25455,23849,49308,7022,7525,14543,1175,1369,2543,75147,82320,157466
CED323,1328,2051,3383,11647,13758,25402,6,0,8,817,891,1703,3,8,7,17079,19616,36695,130,157,287,1052,1152,2204,304,365,668,278,269,545,493,663,1160,96,88,181,273,293,570,765,1005,1771,2136,2379,4519,98,142,243,145,176,317,2775,3588,6359,2023,2412,4436,102,133,234,40223,47101,87322,990,820,1814,864,650,1519,351,368,722,9,8,12,504,353,860,256,349,607,765,716,1477,27917,25394,53313,286,231,519,167,241,407,28372,25863,54240,12229,12054,24285,5284,6404,11691,90414,96037,186454
CED324,3001,3854,6856,6209,7246,13448,3,4,7,1272,1458,2730,37,44,79,13392,15304,28693,77,87,165,1426,1516,2937,170,257,424,316,347,666,497,661,1154,157,140,297,600,628,1231,977,1196,2178,1814,1908,3723,55,86,140,252,301,559,2751,3457,6206,2197,2570,4766,143,145,292,32349,37352,69698,2286,1867,4149,3630,3236,6867,82,74,157,3,4,6,1611,1190,2800,338,357,701,1953,1551,3507,26962,24233,51202,281,205,494,116,147,268,27368,24591,51960,6595,6254,12850,1385,1915,3303,78650,80691,159343
CED325,3703,4472,8170,7863,9320,17182,0,0,0,1712,1913,3622,4,5,10,15531,17351,32878,106,129,242,658,722,1384,324,423,745,1012,1086,2096,613,772,1387,217,224,445,603,713,1319,1539,1784,3325,1795,1873,3667,174,207,380,375,368,748,2813,3403,6222,2924,3085,6007,144,176,327,38417,43565,81978,1952,1907,3857,2125,2078,4203,65,82,148,9,7,22,566,438,998,296,411,707,873,853,1730,23226,20526,43748,232,197,431,107,150,260,23565,20874,44435,9608,7397,17002,580,924,1507,80884,82150,163031
CED326,733,1058,1794,10767,12978,23747,0,0,3,1959,2257,4214,23,31,52,16619,19525,36137,86,109,190,413,429,839,455,579,1036,341,440,778,687,900,1585,51,47,98,581,674,1255,1256,1407,2664,2156,2552,4711,236,347,587,255,308,560,3180,4323,7498,2577,2999,5582,142,171,312,41782,50075,91860,1446,1454,2904,465,397,869,50,51,96,4,5,13,503,443,945,257,364,623,765,814,1579,24930,22672,47603,264,217,482,124,196,315,25318,23085,48405,6785,7027,13810,507,757,1261,77851,84713,162571
CED327,2270,2846,5111,8807,9958,18767,3,3,6,2282,2372,4658,17,15,27,14873,16667,31539,115,150,266,1043,1095,2143,460,611,1069,1177,1345,2525,611,786,1397,218,220,441,792,884,1673,2086,2330,4412,2206,2476,4682,159,191,348,808,948,1754,2821,3574,6399,3639,4089,7728,229,278,510,42339,47984,90324,1860,1796,3655,4556,4091,8647,50,44,92,4,10,15,1021,817,1842,359,479,845,1390,1304,2694,26580,23478,50051,234,174,411,115,153,271,26929,23807,50733,8239,8032,16272,826,1268,2092,88453,91177,179628
CED328,1158,1633,2791,8977,10806,19787,0,0,0,1550,1769,3314,3,6,14,15731,17906,33639,58,73,129,424,510,934,111,145,252,94,123,220,678,782,1461,28,19,54,358,388,749,616,755,1374,1852,2042,3889,73,102,173,84,88,163,3394,4304,7700,1525,1884,3410,131,135,265,35688,41838,77526,1242,1168,2409,1004,1076,2082,185,193,372,4,0,7,154,138,294,236,300,540,393,440,837,28506,25923,54429,424,302,725,134,214,350,29067,26438,55508,5878,5889,11764,1132,1680,2809,75743,80354,156097
CED329,556,899,1453,12399,13991,26381,0,3,3,1137,1284,2422,144,139,286,11798,13409,25207,127,175,300,164,197,363,536,630,1167,127,148,281,998,1181,2178,13,3,15,661,730,1391,794,939,1740,2383,2443,4823,251,310,559,196,240,436,4687,5751,10438,2153,2409,4557,97,104,200,38673,44075,82745,127,134,261,63,63,123,62,73,132,33,27,58,39,29,70,235,374,610,312,433,737,24784,21985,46771,266,220,487,158,252,413,25213,22459,47676,8643,7828,16471,1284,1626,2908,74931,77589,152513
CED330,630,848,1481,13168,14496,27666,0,0,0,1615,1741,3360,12,16,24,14593,15845,30440,350,381,729,296,270,569,434,577,1010,284,283,562,1930,2098,4024,17,8,30,270,294,566,1061,1163,2223,2092,2161,4249,250,281,530,339,375,712,4088,4623,8713,2556,2868,5424,383,392,777,43730,47882,91609,217,206,426,345,273,620,68,67,134,14,14,24,68,56,122,267,423,681,345,486,828,23569,20737,44298,263,198,457,153,213,367,23983,21146,45128,8013,7390,15402,542,668,1217,77877,78962,156840
CED397,0,8,9,157,201,359,0,0,0,7,14,22,0,0,0,155,230,387,0,3,3,4,4,7,0,0,0,0,0,0,11,22,34,0,0,0,3,5,3,7,13,20,27,24,48,5,7,4,0,0,3,46,77,118,12,15,29,0,4,0,440,605,1045,0,0,0,3,0,3,0,0,0,0,0,0,0,0,0,6,0,8,10,0,7,246,227,473,0,3,4,0,0,0,244,229,475,244,194,431,158,231,388,1094,1268,2370
CED401,2135,2721,4857,6223,7513,13739,0,0,0,968,1115,2079,17,21,35,14379,16459,30844,112,149,265,3780,4104,7889,119,179,301,78,103,185,1374,1580,2947,98,95,188,246,316,568,438,575,1016,567,652,1214,90,127,218,56,76,139,2886,4108,6989,1512,1780,3299,127,166,288,33074,39118,72194,2657,2333,4992,3669,2451,6116,98,90,186,9,5,19,912,776,1689,290,342,633,1212,1123,2334,30850,28053,58906,358,313,670,138,200,336,31350,28567,59914,8882,7888,16775,1834,2210,4047,84911,86510,171418
CED402,458,534,996,6550,7282,13833,0,0,0,869,914,1790,58,59,122,9897,10804,20701,250,297,550,747,703,1447,263,321,585,90,124,214,6388,7032,13425,11,9,23,223,244,469,746,835,1578,1802,1899,3700,208,240,451,155,178,337,6331,7723,14057,1898,2032,3924,156,140,294,36639,40840,77479,170,121,297,711,312,1021,17,14,32,15,25,40,325,288,615,143,218,355,489,526,1018,27758,23805,51563,199,177,376,88,143,231,28045,24122,52169,7823,6285,14107,649,576,1222,75000,73336,148340
CED403,778,1045,1825,6878,8988,15866,0,0,0,1456,1680,3139,164,184,348,10788,12866,23660,280,374,656,1720,1878,3600,113,132,250,96,117,209,1292,1667,2961,68,63,127,232,228,462,627,732,1353,607,647,1259,95,118,213,80,89,167,4416,6202,10615,1850,2275,4127,220,244,470,30985,38497,69481,825,877,1698,1202,1167,2372,78,80,157,11,9,15,201,194,394,331,362,695,538,566,1105,28510,26469,54979,279,232,512,128,192,318,28919,26894,55811,5367,5579,10947,555,741,1293,69246,75445,144689
CED404,362,456,818,7772,8254,16023,0,0,0,831,834,1668,50,41,87,12093,12459,24556,144,193,332,549,398,947,188,289,475,119,130,249,3011,3274,6284,5,3,11,247,246,497,698,869,1569,863,903,1764,275,364,639,107,129,240,8791,10013,18807,1839,1869,3704,44,44,90,37625,40311,77936,213,179,388,179,148,330,14,13,26,126,129,251,82,70,149,136,213,341,346,405,751,27674,22152,49829,228,180,410,81,110,191,27985,22448,50435,9675,7276,16953,356,300,656,76753,71532,148288
CED405,1013,1372,2388,5803,7387,13189,0,0,0,850,1028,1884,7,7,17,16321,18844,35166,173,252,424,4562,4763,9330,155,185,337,97,107,204,1203,1548,2755,166,189,360,238,276,510,577,696,1269,513,680,1194,86,100,187,40,37,80,3532,5066,8603,1516,1888,3407,95,113,211,35936,43175,79113,1644,1456,3097,1553,1377,2929,47,53,101,3,6,12,869,746,1611,252,266,513,1125,1014,2139,24531,22174,46706,248,213,460,113,194,306,24892,22583,47476,5875,5910,11783,532,776,1305,72614,77716,150330
CED406,505,812,1323,7536,9244,16774,0,0,0,1172,1419,2597,13,25,36,9752,11401,21145,159,249,406,662,673,1329,323,412,729,176,246,420,1131,1412,2543,84,79,163,290,350,638,668,872,1544,666,837,1504,111,176,292,128,137,270,3605,4844,8451,2527,2904,5424,173,223,395,29168,35501,64666,347,326,678,347,322,664,30,21,52,10,13,24,115,96,213,298,412,707,427,525,944,33145,30142,63294,319,256,573,132,211,342,33589,30612,64200,6135,6222,12356,230,386,615,70772,74725,145495
CED407,1220,1426,2646,7057,8429,15487,0,0,0,1534,1796,3329,12,3,9,12772,14393,27168,138,205,342,1324,1353,2677,268,352,624,170,199,372,1593,2065,3662,61,61,120,323,371,696,1180,1382,2557,651,735,1380,249,351,600,213,230,442,4080,5429,9511,2050,2406,4447,291,317,611,33966,40072,74035,1354,1230,2590,2251,2023,4271,31,38,63,4,4,6,594,543,1136,319,401,716,916,946,1860,26474,23115,49586,250,180,431,96,138,236,26818,23439,50254,5926,5322,11253,470,624,1094,72947,75127,148074
CED408,494,762,1256,7467,9160,16631,0,0,0,1252,1361,2613,51,56,106,7406,8410,15810,273,380,656,350,351,694,258,353,611,152,166,318,2574,3186,5760,17,12,25,239,236,471,759,941,1698,703,730,1426,136,164,301,110,122,231,5484,6852,12338,2231,2601,4836,301,330,633,29757,35403,65165,116,110,225,81,54,137,49,53,104,5,5,14,33,25,56,229,343,571,264,373,640,29290,26814,56100,269,198,469,154,230,386,29718,27242,56957,6125,6162,12279,347,435,776,66948,70593,137537
CED409,4192,5028,9223,5466,6534,12004,0,0,0,1048,1234,2279,10,9,17,17420,19277,36693,88,141,230,3414,3439,6850,257,306,563,128,162,288,912,1132,2042,201,212,406,376,437,810,1018,1155,2172,520,619,1135,162,236,404,106,145,254,3068,4122,7193,2040,2282,4318,96,95,189,36326,41536,77858,1879,1663,3538,2883,2639,5524,22,33,49,26,20,48,674,571,1248,267,377,643,967,969,1936,27106,24626,51738,254,234,487,103,163,263,27461,25023,52487,6474,6365,12839,427,675,1101,80632,83932,164563
CED410,1588,1920,3511,5235,7087,12323,0,0,0,1043,1251,2290,5,5,6,17994,20369,38360,150,195,340,2263,2474,4738,238,327,569,180,197,373,1165,1552,2716,143,113,259,227,270,502,751,930,1681,688,861,1546,132,182,318,93,132,226,3351,4797,8152,1558,1963,3515,146,169,313,35365,42871,78230,2125,1939,4065,1344,1307,2648,106,118,226,10,6,12,776,688,1471,411,496,904,1192,1189,2387,22993,21598,44593,266,232,493,126,151,279,23378,21987,45368,5122,5429,10549,721,1028,1747,70943,77780,148725
CED411,1142,1199,2343,9165,10774,19944,0,0,0,1251,1357,2608,14,8,22,12077,13302,25385,258,351,609,803,794,1596,334,418,753,150,196,348,2704,3168,5879,19,18,37,419,470,890,1127,1314,2442,734,807,1544,179,278,457,176,193,361,5215,6233,11450,2507,2746,5251,164,172,337,37299,42618,79914,718,645,1361,1343,1222,2557,20,23,36,16,10,22,125,101,225,326,527,848,458,633,1094,33225,29583,62805,281,228,507,101,183,287,33606,29992,63597,8021,7684,15706,202,278,483,82813,84281,167092
CED497,3,0,3,17,28,36,0,0,0,3,4,8,0,0,0,11,21,36,0,0,0,3,0,5,0,0,0,0,0,0,5,4,3,0,0,0,0,0,0,0,0,0,3,3,5,0,0,0,0,0,0,15,12,25,0,0,0,0,0,0,55,68,126,0,0,0,0,0,0,0,0,0,0,0,0,0,0,0,0,3,0,0,3,0,36,22,54,0,0,0,0,0,0,36,22,54,22,11,28,12,9,18,127,114,235
CED501,636,1098,1732,12127,14220,26344,0,0,0,1157,1323,2478,3,4,5,13695,15255,28952,206,265,470,424,461,886,506,664,1164,323,375,699,318,388,705,36,37,75,513,565,1075,812,968,1783,1532,1649,3180,205,256,468,159,198,355,1377,1866,3245,2862,3204,6065,134,142,273,36379,41847,78229,800,751,1552,597,557,1153,30,30,63,12,6,19,391,301,698,256,406,664,660,723,1377,30256,27975,58235,287,238,528,117,191,309,30659,28408,59065,9019,7558,16575,429,593,1015,79208,81554,160762
CED502,2493,3129,5625,9288,10887,20178,3,0,0,1796,2048,3852,115,98,219,14631,16134,30763,164,197,364,281,283,565,296,374,664,251,298,552,187,216,407,209,199,405,660,794,1450,1399,1515,2914,1888,2113,4003,130,180,306,362,442,801,1177,1564,2742,3588,4111,7701,206,210,418,36620,41677,78301,3135,2912,6055,4533,4108,8637,34,26,59,22,16,40,1255,1060,2323,284,432,721,1567,1518,3079,26133,23413,49553,239,192,434,85,145,228,26462,23751,50213,7682,6382,14068,771,1224,1992,83296,84731,168029
CED503,583,926,1509,13199,15687,28884,0,0,0,1329,1455,2788,45,45,95,12187,13687,25876,123,196,320,174,200,368,414,561,974,273,281,555,226,326,555,14,14,29,353,428,780,581,677,1262,1782,1922,3701,161,204,361,166,265,435,1467,2090,3560,2366,2688,5056,65,93,161,34936,40817,75753,402,392,794,314,316,633,28,46,77,11,6,21,240,220,464,177,348,517,429,572,1003,25342,22905,48244,240,176,421,94,179,276,25671,23262,48935,6681,6178,12863,302,444,747,69355,72952,142311
CED504,2858,3415,6273,8075,9601,17673,3,3,5,1582,1668,3253,4,3,8,16294,17950,34244,212,272,481,1598,1616,3217,292,359,647,200,267,466,133,187,317,191,190,380,495,573,1071,1216,1458,2680,919,1069,1988,130,195,326,154,193,344,1037,1445,2484,2761,3124,5887,80,91,165,35381,40259,75643,1679,1540,3219,3267,2953,6217,85,104,189,6,0,6,323,265,586,354,414,774,684,679,1366,21797,19057,40857,222,153,377,83,127,207,22101,19339,41438,5380,5111,10489,408,640,1052,71851,74035,145882
CED505,1257,1738,3004,10276,12580,22857,0,0,0,578,669,1246,4,8,11,13967,16796,30760,167,223,393,946,1098,2042,112,153,269,51,74,126,185,256,448,54,56,111,354,436,786,345,456,808,1032,1357,2383,45,69,108,39,45,84,1655,2375,4031,1405,1738,3139,61,63,127,31282,38451,69725,1249,1224,2478,698,674,1369,258,271,532,4,9,9,123,124,252,277,315,588,407,445,856,26052,23272,49324,295,212,510,132,160,291,26489,23644,50130,6623,6976,13595,1022,1432,2450,69280,74853,144135
CED506,1273,1221,2491,17853,15377,33231,0,0,0,1599,1303,2901,115,95,207,26696,21993,48687,330,348,671,396,231,634,368,412,773,225,193,418,508,476,989,36,10,44,1343,1297,2637,1095,1134,2231,2275,1575,3851,175,200,380,671,689,1361,3636,3580,7215,3373,3083,6457,166,142,310,60846,52150,112998,682,387,1064,977,685,1658,73,41,118,373,305,674,67,33,101,259,263,529,703,606,1301,42586,28279,70864,362,190,545,129,171,301,43077,28641,71710,24856,13805,38667,2105,1810,3917,134589,99339,233926
CED507,584,887,1477,11957,14333,26289,0,0,0,1124,1209,2336,4,3,7,12989,14641,27625,217,292,511,187,203,392,442,578,1025,278,316,596,193,278,469,4,7,11,285,301,580,440,524,963,1158,1267,2417,116,162,285,221,266,489,1751,2470,4213,2195,2495,4693,94,116,210,33647,39466,73114,272,227,496,363,328,694,49,56,102,7,7,20,93,74,167,181,323,504,282,412,690,26962,24877,51839,242,200,447,107,182,290,27318,25257,52577,7438,7164,14605,690,862,1551,70641,74659,145296
CED508,1029,1478,2503,7531,9308,16841,0,0,0,888,1088,1972,34,43,85,19228,21574,40806,90,133,228,652,747,1403,199,261,460,75,82,157,158,187,347,40,53,92,356,401,759,744,840,1586,1065,1175,2238,64,88,148,69,95,163,987,1519,2509,1772,2106,3873,81,95,172,34037,39800,73834,803,750,1560,707,698,1412,88,99,187,10,7,16,217,152,367,288,370,655,514,529,1044,26427,24573,51000,287,204,490,154,220,373,26867,24997,51860,6908,6941,13851,735,1000,1732,71692,76299,147991
CED509,958,1310,2274,9465,11149,20617,0,0,0,1341,1500,2843,165,147,313,14095,15080,29177,243,325,570,356,369,720,377,438,814,184,247,432,205,223,428,89,88,173,402,478,878,666,799,1462,1095,1269,2365,110,149,261,361,453,814,1257,1717,2974,2513,2805,5323,166,180,345,33111,37411,70521,1267,1069,2340,1932,1558,3484,50,56,105,18,12,30,422,367,786,220,337,555,656,715,1376,24396,21516,45905,258,214,474,99,158,249,24748,21878,46631,7989,5996,13981,396,634,1026,71104,70628,141731
CED510,597,955,1555,11773,13816,25591,0,0,0,1218,1429,2646,3,3,3,15139,16927,32071,239,270,516,643,700,1345,144,206,346,167,202,366,223,229,451,146,128,273,414,440,847,744,924,1675,1447,1594,3042,69,83,158,63,94,153,1587,2141,3728,1933,2279,4215,65,72,134,36010,41547,77561,556,505,1056,629,563,1195,77,79,157,0,0,0,92,109,198,232,308,537,327,415,743,24215,21238,45449,223,174,399,88,151,243,24528,21563,46089,4646,4570,9214,413,689,1103,67784,70887,138666
CED511,538,735,1271,12455,12883,25336,0,0,3,2029,2091,4119,108,102,214,12925,12893,25820,529,627,1150,192,165,357,403,609,1013,236,262,495,397,478,870,20,14,37,416,428,846,630,683,1313,1649,1612,3265,180,240,420,319,351,672,2718,3274,5988,3005,3196,6202,90,109,205,38295,40031,78327,330,251,586,546,392,937,25,20,52,102,88,186,71,60,131,237,411,648,411,558,970,30083,24589,54678,282,209,487,129,191,315,30489,24991,55479,12458,9368,21828,547,609,1150,83640,76955,160596
CED512,905,1265,2166,13814,16227,30043,5,4,12,1578,1674,3246,85,83,167,16415,18109,34528,186,217,402,520,499,1021,410,541,951,470,517,986,240,261,493,102,111,208,527,651,1175,1235,1410,2645,1441,1602,3046,170,248,415,176,225,403,1405,1750,3155,3042,3632,6676,124,128,250,41926,47880,89809,1301,1230,2530,1065,1031,2100,58,74,131,16,17,32,706,648,1350,243,367,609,958,1031,1988,31388,28919,60302,291,241,524,111,172,286,31783,29326,61112,8867,8834,17700,607,905,1515,87474,91580,179055
CED513,2079,2815,4902,6517,7731,14246,0,0,0,653,808,1455,7,5,11,18009,19689,37699,124,191,318,1607,1721,3327,197,233,429,96,109,203,202,228,428,68,79,144,361,380,736,357,457,813,827,890,1714,102,160,267,90,113,201,1006,1332,2339,1819,2259,4072,69,92,155,32102,36468,68570,1686,1410,3098,1802,1473,3279,614,648,1263,9,11,19,334,251,587,306,350,656,650,606,1257,27355,23815,51170,336,238,575,140,165,306,27830,24222,52056,9704,8822,18523,2282,2548,4832,78757,79023,157779
CED514,2172,2730,4902,6162,7734,13897,3,3,9,1072,1192,2264,9,13,14,18093,20569,38670,155,232,388,2637,2764,5401,270,387,654,120,139,262,136,203,339,194,196,385,416,479,892,621,744,1366,812,961,1778,80,108,188,99,139,238,1007,1504,2509,2028,2415,4442,39,70,102,33957,39848,73800,2138,1773,3903,3562,3046,6611,1021,1119,2137,6,4,16,783,583,1366,358,410,771,1153,998,2143,20186,18137,38325,254,173,421,95,138,236,20535,18446,38983,6424,6534,12954,676,1024,1699,71635,75502,147136
CED515,2653,3130,5786,7161,9033,16200,0,0,0,918,1110,2030,57,71,130,16778,18287,35060,165,240,407,546,581,1127,254,320,569,164,182,344,181,238,421,103,101,205,484,564,1048,601,682,1286,1244,1353,2598,77,125,207,200,234,436,1407,1896,3304,2393,2908,5303,127,129,255,32868,38063,70934,2515,1979,4497,4809,3980,8786,83,69,152,9,12,21,1065,770,1837,295,373,669,1372,1163,2534,26692,22830,49526,311,208,514,111,127,233,27115,23164,50274,9461,8793,18257,1342,1708,3056,82220,82049,164272
CED516,2404,3009,5416,8023,9938,17969,0,0,0,1338,1562,2895,141,157,294,14501,16767,31270,128,163,293,424,515,939,129,176,299,60,82,149,230,250,482,72,72,143,452,516,960,657,791,1454,1720,1961,3682,44,74,119,96,137,228,1674,2246,3918,2099,2556,4650,60,86,146,31848,38048,69891,1754,1702,3453,1247,1243,2490,59,57,119,3,0,3,378,301,682,280,332,614,658,637,1300,21631,19217,40848,195,178,374,81,120,196,21908,19518,41423,4850,5256,10114,767,1179,1941,65501,70649,136150
CED597,68,8,76,330,72,400,0,0,0,38,5,46,0,0,0,507,90,600,3,3,6,15,4,21,6,4,10,3,0,3,12,5,14,0,0,0,16,0,16,12,3,16,51,13,62,3,0,3,0,3,3,65,28,93,37,10,49,0,0,6,1098,241,1336,15,0,15,31,3,32,0,0,0,0,0,0,0,0,0,7,0,6,7,0,6,972,138,1114,16,0,17,3,0,4,991,141,1131,792,272,1061,359,102,465,3362,765,4131
CED601,430,465,897,9207,11117,20327,0,0,0,720,872,1591,130,147,270,6737,7761,14500,120,139,259,119,110,226,192,273,469,111,158,270,114,129,243,34,21,55,268,305,574,559,657,1211,1408,1619,3024,153,251,400,76,80,152,1580,2300,3885,1388,1548,2940,72,89,155,22984,27571,50559,351,302,655,408,314,720,18,39,53,13,8,20,46,38,80,197,228,426,250,268,517,19065,17388,36454,174,140,306,70,78,153,19305,17603,36913,4854,4748,9598,290,288,575,48891,51602,100491
CED602,223,355,579,8040,9602,17645,0,0,0,1229,1392,2621,301,327,626,6795,7770,14565,90,113,206,65,58,125,146,205,352,94,123,220,130,133,261,4,3,9,200,236,434,650,763,1411,824,921,1744,132,237,370,120,138,262,2460,3090,5551,1613,1804,3420,24,38,61,22908,26968,49876,93,102,191,71,60,127,11,16,26,13,12,20,13,9,17,115,171,280,137,193,329,18140,16410,34548,154,137,291,58,91,154,18354,16640,34996,4514,4267,8774,166,134,292,46470,48733,95201
CED603,588,764,1348,7703,9577,17277,0,0,0,364,454,817,106,97,207,7710,9311,17021,30,47,81,572,551,1132,111,113,229,128,119,246,119,153,275,52,62,114,160,184,343,317,368,682,598,751,1351,87,108,199,75,96,174,941,1413,2353,729,918,1650,72,120,196,19878,24458,44336,721,664,1387,675,623,1294,55,44,99,6,6,18,151,149,298,185,244,430,347,400,747,22112,20413,42525,281,226,510,73,112,187,22476,20748,43221,5225,4954,10179,558,709,1264,50516,53355,103874
CED604,286,422,710,9299,11314,20612,0,0,0,351,419,765,24,29,47,8072,9395,17468,79,104,191,276,284,559,139,212,350,251,250,500,119,182,306,9,11,25,202,251,457,566,672,1236,902,1024,1929,98,106,210,90,117,209,1183,1741,2925,1246,1423,2667,56,65,124,22963,27604,50575,128,129,255,136,123,260,25,27,46,3,6,11,40,39,78,118,199,319,161,241,402,21075,19501,40570,167,122,288,75,145,222,21312,19766,41085,4493,4121,8617,146,224,364,49648,52659,102313
CED605,191,315,507,12241,13339,25580,0,0,0,736,832,1570,78,89,165,7226,7713,14939,74,104,172,80,82,166,278,343,625,145,158,307,120,123,243,0,5,7,184,175,364,333,399,732,878,946,1824,134,175,313,79,110,190,1809,2174,3981,919,1019,1939,72,64,131,25392,27853,53244,39,42,77,41,45,87,17,16,35,4,0,8,4,7,12,135,210,347,149,220,367,19146,17147,36297,143,103,237,65,87,146,19352,17335,36687,5208,4922,10136,192,229,422,50586,50975,101560
CED697,3,0,3,66,52,116,0,0,0,8,0,9,0,0,3,81,24,100,0,0,0,0,3,4,0,3,7,3,3,10,0,0,4,0,0,0,5,0,5,3,7,10,4,8,14,0,0,3,0,0,0,20,11,32,9,0,8,0,0,3,207,113,324,0,0,0,4,0,4,0,0,0,0,0,0,0,0,0,0,0,3,0,0,3,155,63,221,0,3,3,0,0,0,156,68,225,100,35,133,34,9,43,505,228,731
CED701,753,853,1609,6389,6043,12428,0,0,3,1821,1971,3794,10,4,13,11688,11082,22773,43,43,86,211,134,352,96,102,202,181,177,355,2522,2845,5365,29,32,57,964,1004,1967,688,793,1478,921,777,1700,96,96,190,126,169,294,5210,5227,10439,1425,1434,2853,53,55,112,32478,31991,64473,366,278,642,586,527,1114,23,37,56,1543,1483,3030,99,96,187,136,166,306,1779,1743,3521,18784,15186,33971,170,112,285,87,86,177,19051,15380,34430,14575,10402,24981,2118,2178,4294,71725,63394,135115
CED702,1490,1918,3407,5180,5300,10482,0,0,0,786,848,1630,9,8,16,13092,13615,26705,75,73,148,2059,1863,3921,154,203,352,139,140,282,402,485,885,58,56,109,303,372,673,660,790,1454,783,765,1556,81,112,195,165,187,349,1832,2086,3923,1327,1378,2700,33,37,73,27126,28316,55439,1616,1361,2983,1097,851,1947,50,45,91,41,38,82,259,191,445,200,233,438,498,464,960,21063,17754,38813,194,154,353,81,116,195,21335,18026,39363,9409,8044,17458,2941,1718,4654,65561,60740,126301
CED797,3,0,3,29,12,42,0,0,0,0,0,4,0,0,0,32,17,48,0,0,0,0,0,0,0,0,0,0,0,0,0,0,0,0,0,0,3,0,3,0,0,4,5,3,8,0,0,0,0,0,0,4,8,12,0,0,0,0,0,0,84,41,121,0,0,0,19,0,19,0,0,0,0,0,0,0,0,0,0,0,0,0,0,0,54,24,75,0,0,0,0,0,0,59,20,83,20,8,26,63,10,75,243,83,328
CED801,1710,2189,3904,10626,12775,23403,9,5,16,917,1044,1958,20,27,46,22081,24691,46770,71,51,123,1427,1512,2942,129,178,309,150,164,312,503,693,1193,137,139,275,588,619,1207,859,946,1806,1758,2144,3905,172,202,378,174,201,375,2219,2762,4984,1865,2174,4032,94,89,179,43799,50417,94215,1845,1831,3675,1958,1785,3743,186,183,366,10,9,18,417,372,784,327,407,737,751,788,1538,36263,32687,68954,517,383,904,152,235,382,36931,33305,70233,10517,9352,19871,1113,1310,2419,98820,101152,199972
CED802,2753,3329,6081,8771,10818,19586,3,3,8,1008,1134,2143,0,7,10,19590,22142,41733,64,97,165,1531,1641,3171,156,209,367,230,217,449,455,608,1063,174,182,353,538,575,1113,1018,1210,2227,1638,1812,3450,133,148,282,174,188,365,2003,2728,4730,2261,2615,4879,114,124,234,39864,46468,86333,3359,3209,6571,3266,2889,6158,130,166,299,28,52,75,691,668,1358,347,424,772,1063,1143,2210,39133,35534,74675,525,422,949,154,208,362,39817,36168,75985,8742,8401,17146,1021,1510,2531,100021,103286,203304
CED897,0,0,3,0,0,0,0,0,0,0,0,0,0,0,0,0,0,0,0,0,0,0,0,0,0,0,0,0,0,0,0,0,0,0,0,0,0,0,0,0,0,0,0,0,0,0,0,0,0,0,0,0,0,0,0,0,0,0,0,0,0,0,3,0,0,0,0,0,0,0,0,0,0,0,0,0,0,0,0,0,0,0,0,0,0,6,6,0,0,0,0,0,0,0,6,6,3,0,3,0,0,0,3,8,15
CED997,0,0,0,9,0,9,0,0,0,0,0,0,0,0,0,3,0,3,0,0,0,0,0,0,0,0,0,0,0,0,0,0,0,0,0,0,0,0,0,0,0,0,0,0,0,0,0,0,0,0,0,0,0,0,0,0,0,0,0,0,10,0,11,0,0,0,0,0,0,0,0,0,0,0,0,0,0,0,0,0,0,0,0,0,3,0,9,0,0,0,0,0,0,3,0,9,0,0,0,0,0,0,17,3,24
