CED_CODE_2016,Ireland_2011,Ireland_2012,Ireland_2013,Ireland_2014,Ireland_2015,Ireland_2016,Ireland_Yr_arrival_ns,Ireland_Tot,Italy_Before_1946,Italy_1946_1955,Italy_1956_1965,Italy_1966_1975,Italy_1976_1985,Italy_1986_1995,Italy_1996_2005,Italy_2006_2010,Italy_2011,Italy_2012,Italy_2013,Italy_2014,Italy_2015,Italy_2016,Italy_Yr_arrival_ns,Italy_Tot,Japan_Before_1946,Japan_1946_1955,Japan_1956_1965,Japan_1966_1975,Japan_1976_1985,Japan_1986_1995,Japan_1996_2005,Japan_2006_2010,Japan_2011,Japan_2012,Japan_2013,Japan_2014,Japan_2015,Japan_2016,Japan_Yr_arrival_ns,Japan_Tot,Korea_Rep_South_Before_1946,Korea_Rep_South_1946_1955,Korea_Rep_South_1956_1965,Korea_Rep_South_1966_1975,Korea_Rep_South_1976_1985,Korea_Rep_South_1986_1995,Korea_Rep_South_1996_2005,Korea_Rep_South_2006_2010,Korea_Republic_South_2011,Korea_Republic_South_2012,Korea_Republic_South_2013,Korea_Republic_South_2014,Korea_Republic_South_2015,Korea_Republic_South_2016,Korea_Repblic_Sth_Yr_arr_ns,Korea_Republic_South_Tot,Lebanon_Before_1946,Lebanon_1946_1955,Lebanon_1956_1965,Lebanon_1966_1975,Lebanon_1976_1985,Lebanon_1986_1995,Lebanon_1996_2005,Lebanon_2006_2010,Lebanon_2011,Lebanon_2012,Lebanon_2013,Lebanon_2014,Lebanon_2015,Lebanon_2016,Lebanon_Yr_arrival_ns,Lebanon_Tot,Malaysia_Before_1946,Malaysia_1946_1955,Malaysia_1956_1965,Malaysia_1966_1975,Malaysia_1976_1985,Malaysia_1986_1995,Malaysia_1996_2005,Malaysia_2006_2010,Malaysia_2011,Malaysia_2012,Malaysia_2013,Malaysia_2014,Malaysia_2015,Malaysia_2016,Malaysia_Yr_arrival_ns,Malaysia_Tot,Malta_Before_1946,Malta_1946_1955,Malta_1956_1965,Malta_1966_1975,Malta_1976_1985,Malta_1986_1995,Malta_1996_2005,Malta_2006_2010,Malta_2011,Malta_2012,Malta_2013,Malta_2014,Malta_2015,Malta_2016,Malta_Yr_arrival_ns,Malta_Tot,Netherlands_Before_1946,Netherlands_1946_1955,Netherlands_1956_1965,Netherlands_1966_1975,Netherlands_1976_1985,Netherlands_1986_1995,Netherlands_1996_2005,Netherlands_2006_2010,Netherlands_2011,Netherlands_2012,Netherlands_2013,Netherlands_2014,Netherlands_2015,Netherlands_2016,Netherlands_Yr_arrival_ns,Netherlands_Tot,New_Zealand_Before_1946,New_Zealand_1946_1955,New_Zealand_1956_1965,New_Zealand_1966_1975,New_Zealand_1976_1985,New_Zealand_1986_1995,New_Zealand_1996_2005,New_Zealand_2006_2010,New_Zealand_2011,New_Zealand_2012,New_Zealand_2013,New_Zealand_2014,New_Zealand_2015,New_Zealand_2016,New_Zealand_Yr_arrival_ns,New_Zealand_Tot,Pakistan_Before_1946,Pakistan_1946_1955,Pakistan_1956_1965,Pakistan_1966_1975,Pakistan_1976_1985,Pakistan_1986_1995,Pakistan_1996_2005,Pakistan_2006_2010,Pakistan_2011,Pakistan_2012,Pakistan_2013,Pakistan_2014,Pakistan_2015,Pakistan_2016,Pakistan_Yr_arrival_ns,Pakistan_Tot,Philippines_Before_1946,Philippines_1946_1955,Philippines_1956_1965,Philippines_1966_1975,Philippines_1976_1985,Philippines_1986_1995,Philippines_1996_2005,Philippines_2006_2010,Philippines_2011,Philippines_2012,Philippines_2013,Philippines_2014,Philippines_2015,Philippines_2016,Philippines_Yr_arrival_ns,Philippines_Tot,Poland_Before_1946,Poland_1946_1955,Poland_1956_1965,Poland_1966_1975,Poland_1976_1985,Poland_1986_1995,Poland_1996_2005,Poland_2006_2010,Poland_2011,Poland_2012,Poland_2013,Poland_2014,Poland_2015,Poland_2016,Poland_Yr_arrival_ns,Poland_Tot,Singapore_Before_1946,Singapore_1946_1955,Singapore_1956_1965,Singapore_1966_1975,Singapore_1976_1985,Singapore_1986_1995,Singapore_1996_2005,Singapore_2006_2010,Singapore_2011,Singapore_2012,Singapore_2013,Singapore_2014,Singapore_2015,Singapore_2016,Singapore_Yr_arrival_ns,Singapore_Tot
CED101,3,5,8,7,5,6,7,324,15,182,358,242,36,17,11,16,0,10,11,13,5,3,32,962,0,0,0,3,14,66,91,48,8,22,3,6,12,6,20,298,0,0,3,15,65,116,158,86,14,17,16,15,23,15,14,552,0,26,85,601,513,583,324,127,31,12,20,35,22,15,85,2480,0,0,16,65,156,300,220,128,27,21,25,31,25,21,29,1075,0,114,78,45,15,9,0,0,0,0,0,0,0,0,13,267,0,40,32,13,5,4,17,7,3,0,0,0,0,0,3,131,8,14,39,143,352,449,702,291,100,60,72,52,60,41,104,2480,0,0,0,5,6,56,50,59,19,16,23,36,35,18,4,332,0,0,9,58,206,524,391,344,76,101,102,133,108,68,55,2169,0,28,13,9,66,47,38,14,3,7,3,0,10,0,8,255,0,0,8,29,43,54,65,56,6,10,9,6,10,3,0,308
CED102,35,41,31,14,11,6,19,481,5,349,886,449,66,34,55,43,14,16,24,37,29,6,138,2153,0,0,5,3,22,93,136,62,9,20,14,25,29,21,20,471,0,0,0,8,81,121,157,116,25,25,36,24,21,22,43,680,3,42,162,865,867,890,435,234,28,59,40,45,52,20,185,3920,3,0,18,60,181,264,240,125,25,49,34,29,62,41,33,1163,3,124,125,46,22,4,3,0,0,0,0,0,0,0,11,345,0,26,24,13,17,6,18,9,0,3,0,0,0,0,0,122,6,9,30,115,376,454,776,354,82,64,74,52,60,43,106,2612,0,0,3,5,17,30,63,70,13,41,25,21,44,25,14,376,0,0,6,69,267,691,488,576,135,160,188,165,159,122,96,3140,0,17,17,5,58,48,37,48,15,17,17,24,20,18,8,343,0,0,6,26,55,75,119,57,13,16,13,11,15,8,7,434
CED103,13,17,11,14,4,11,15,483,13,409,670,409,48,29,33,30,19,24,29,24,25,21,101,1890,0,8,4,11,45,134,223,103,28,20,12,26,30,28,20,695,0,0,0,42,484,1365,2223,1626,253,272,296,293,343,185,252,7645,3,44,108,345,248,202,75,45,8,3,13,4,3,0,38,1146,0,7,28,149,403,596,380,259,67,67,71,73,101,65,47,2311,0,66,51,24,14,3,0,0,0,0,0,0,0,0,9,166,0,45,47,27,16,17,28,14,0,3,7,5,3,0,9,216,13,13,64,185,355,346,520,225,63,58,58,61,62,18,75,2116,0,0,0,5,20,37,92,98,37,58,42,62,109,47,13,617,0,0,9,64,227,497,360,513,123,155,137,169,157,50,70,2532,0,3,11,10,119,80,38,33,3,5,11,14,10,0,4,342,0,3,8,45,113,132,189,101,25,22,33,37,29,34,16,774
CED104,7,6,0,3,8,0,8,416,16,221,377,185,29,12,17,20,0,0,3,6,0,3,43,939,0,0,0,14,32,74,99,54,4,6,7,3,3,4,19,333,0,0,0,22,162,434,676,400,57,35,39,52,23,14,36,1951,0,58,135,209,91,123,64,16,5,3,0,5,6,0,24,753,9,4,48,155,304,486,257,188,44,58,29,32,33,13,21,1683,0,64,52,33,10,3,4,0,0,0,0,0,0,0,7,177,0,81,87,52,36,27,75,36,4,0,0,3,6,0,14,422,16,21,94,258,447,397,529,212,30,48,32,34,12,9,60,2190,0,0,0,14,36,90,116,35,13,11,16,19,3,20,12,386,0,0,6,96,184,345,229,149,26,42,37,16,41,33,26,1229,0,17,14,14,154,92,31,15,3,3,0,3,3,0,7,352,0,3,17,49,81,139,150,112,13,18,6,19,18,13,19,657
CED105,0,4,3,0,0,0,7,156,4,246,483,313,36,13,15,3,3,0,4,4,5,3,60,1194,0,0,0,3,11,20,37,4,0,0,3,5,3,3,4,95,0,0,0,21,178,312,550,329,65,84,80,70,92,68,51,1905,6,58,223,2045,2057,2163,1788,880,157,156,172,171,131,63,439,10505,0,0,8,29,93,136,117,50,17,24,37,49,44,62,66,738,0,106,91,28,15,3,4,0,0,0,0,0,0,0,20,265,0,22,19,4,0,4,8,8,0,4,0,0,0,0,6,82,0,4,16,53,188,302,543,244,72,56,114,83,77,21,154,1925,0,0,0,7,49,235,577,639,206,435,515,506,502,262,103,4033,0,0,7,41,199,657,389,259,67,77,83,64,60,32,52,1982,0,71,60,34,76,57,31,3,0,3,9,3,0,3,22,367,0,0,0,18,19,31,30,15,4,0,0,10,14,6,0,154
CED106,20,22,11,3,16,4,25,501,11,135,198,81,17,18,30,16,3,5,4,4,6,4,25,571,0,0,11,38,97,265,318,129,49,59,73,94,112,63,69,1391,0,0,4,32,254,835,1208,959,153,151,172,166,143,118,133,4334,0,20,34,85,47,34,15,7,0,0,0,0,0,0,5,248,10,4,58,190,405,456,316,283,51,21,49,56,40,29,39,2007,0,12,17,13,5,4,0,0,0,0,0,0,0,0,0,48,5,81,52,30,52,29,58,63,10,3,13,23,11,12,12,451,24,48,140,316,414,448,697,293,71,68,58,49,57,27,76,2806,0,0,5,14,24,39,36,26,14,21,18,35,35,17,4,298,0,0,14,61,137,266,246,277,79,92,93,74,77,70,40,1520,0,26,22,16,91,82,47,17,0,3,10,11,3,0,6,326,5,11,35,41,107,142,253,181,29,32,45,45,39,16,19,991
CED107,8,11,8,3,3,0,10,210,3,49,87,68,12,5,3,0,0,4,4,0,3,0,22,259,0,3,3,3,4,8,19,3,0,0,0,4,6,0,0,58,0,0,0,0,4,11,19,24,0,7,12,7,7,3,16,125,0,0,4,22,6,8,13,3,0,0,0,0,0,0,27,80,0,0,7,25,19,17,27,12,3,0,0,0,3,0,9,137,0,23,23,14,3,0,0,0,0,0,0,0,0,0,4,70,0,147,103,56,35,16,14,0,0,0,0,0,0,0,8,371,7,11,55,210,330,268,241,165,30,51,28,26,22,17,149,1601,0,0,0,0,0,9,4,23,6,4,0,4,5,7,0,74,0,0,0,3,49,97,109,114,27,36,31,26,50,4,37,587,0,34,19,5,13,4,3,0,0,3,0,0,0,0,5,101,0,0,3,5,7,7,9,10,0,0,5,0,0,0,3,56
CED108,12,15,8,0,0,8,0,243,0,77,181,161,35,5,17,8,0,0,3,0,8,0,33,535,0,0,0,3,0,10,13,7,5,7,0,3,0,4,4,58,0,0,0,7,52,133,149,66,16,6,4,7,3,5,6,458,0,3,22,207,171,231,145,70,23,9,9,5,6,3,32,934,0,0,17,26,50,105,73,44,3,12,4,18,4,3,14,379,0,301,441,290,106,33,11,3,0,0,0,0,0,0,45,1227,0,80,97,28,19,4,7,0,3,0,0,0,0,0,7,254,0,0,17,91,406,844,1472,786,128,207,235,162,169,66,253,4856,0,0,0,14,62,331,713,647,163,193,153,206,162,124,73,2838,0,0,12,160,1063,5564,3476,2375,447,415,359,391,352,225,273,15102,0,119,46,34,127,123,33,7,4,6,0,0,3,3,21,524,0,0,3,14,9,46,42,22,3,7,3,5,7,3,3,168
CED109,20,25,14,5,13,3,12,484,8,225,415,196,31,12,13,11,6,5,15,11,13,6,43,1020,0,4,4,8,9,43,48,31,10,7,4,0,7,3,3,180,0,0,0,0,30,48,39,24,7,3,3,0,0,3,4,170,0,26,71,176,129,123,46,21,5,3,5,3,3,9,27,642,0,0,16,57,104,109,44,22,3,4,3,3,4,0,17,400,0,143,86,43,17,8,4,3,0,0,0,0,0,0,13,318,0,93,57,22,13,11,17,13,3,3,3,0,0,3,7,254,19,23,59,189,326,405,544,262,60,71,32,54,46,26,80,2184,0,0,0,6,3,15,15,7,3,13,3,6,3,11,4,89,0,0,10,40,123,211,174,132,32,31,21,28,26,17,34,895,0,20,12,8,69,52,50,13,8,10,4,7,7,0,9,260,0,0,11,28,42,35,37,14,5,4,4,3,3,0,3,203
CED110,13,13,7,3,6,9,10,324,4,78,84,47,6,4,3,11,5,6,0,7,3,3,14,265,0,0,0,6,0,14,25,26,3,9,4,4,7,4,10,107,0,0,0,0,3,6,19,23,3,3,0,3,3,9,0,77,0,9,8,17,3,4,3,0,0,0,0,0,0,4,0,43,3,4,17,26,29,17,19,21,8,5,4,16,17,4,8,194,0,55,40,9,7,0,0,0,0,0,0,0,0,0,3,121,4,224,154,54,54,16,26,19,0,0,0,3,0,0,18,574,15,26,108,321,568,355,355,148,25,45,37,15,28,12,106,2155,0,0,0,0,0,3,9,7,6,3,7,18,9,8,0,80,0,0,3,11,71,126,101,91,33,19,31,43,34,21,34,602,0,13,19,14,19,3,10,6,0,0,0,0,3,0,7,98,0,4,9,16,11,3,9,10,0,3,3,3,0,0,0,66
CED111,10,33,14,0,4,3,13,373,11,399,1050,424,49,17,26,17,0,17,14,10,13,7,141,2193,0,9,3,3,6,29,32,22,8,3,5,9,10,10,13,163,0,0,0,3,13,31,81,47,22,17,3,15,18,9,15,280,3,16,18,106,65,60,45,20,3,0,12,14,0,4,18,391,0,0,14,35,33,31,27,26,3,11,14,41,68,51,12,367,0,76,92,24,6,3,0,5,0,0,0,0,0,0,22,238,0,257,152,34,20,8,22,12,5,0,7,7,3,0,19,560,11,22,46,176,335,285,335,202,63,44,58,36,22,11,78,1724,0,0,0,4,10,8,26,44,5,18,24,25,47,24,7,244,0,0,0,15,132,208,94,88,24,28,40,27,39,7,20,730,0,43,31,16,87,43,21,9,0,3,0,3,6,0,13,278,0,3,3,18,9,3,12,26,0,3,4,3,4,7,4,111
CED112,14,23,3,3,0,3,20,454,7,100,155,101,14,10,5,10,0,0,0,0,3,0,16,425,0,0,3,3,11,16,37,6,0,0,3,4,6,0,3,89,0,0,0,3,14,42,66,39,11,0,7,6,0,0,3,200,0,5,7,30,12,12,11,0,0,0,0,0,0,0,3,85,0,4,14,25,27,26,17,20,3,3,3,3,6,3,17,178,3,131,119,44,4,4,3,3,0,0,0,0,0,0,16,325,0,129,140,60,31,16,20,11,6,0,3,3,0,0,14,432,17,20,73,290,580,525,485,220,42,43,16,33,34,13,108,2491,0,0,0,3,7,10,15,20,4,0,4,3,7,9,0,82,0,0,3,24,108,248,154,124,29,38,34,35,24,10,29,864,0,14,14,9,35,18,15,14,0,0,4,0,0,0,3,124,0,0,9,19,4,11,8,5,0,3,0,3,0,0,3,65
CED113,10,22,10,3,4,3,10,291,4,109,251,139,21,13,14,12,0,3,3,5,4,0,26,599,0,6,0,6,9,16,16,11,8,4,3,0,10,0,7,87,0,0,0,3,9,18,27,25,0,0,3,3,3,3,7,112,0,3,6,21,4,13,3,4,0,0,0,4,0,0,3,71,0,5,16,35,44,26,30,31,6,3,0,3,3,0,21,230,0,59,43,12,14,0,0,0,0,0,0,0,0,0,7,134,0,198,150,53,47,22,28,17,3,12,4,9,5,3,16,561,8,24,78,290,458,342,324,186,41,39,40,33,28,14,86,1987,0,0,3,6,7,0,13,37,11,9,7,7,20,3,4,128,0,0,4,11,71,111,94,154,43,47,56,54,33,26,20,733,0,28,39,6,37,33,5,8,0,4,0,4,0,0,6,178,0,4,7,28,15,19,14,11,3,3,3,3,3,0,5,115
CED114,14,11,11,3,10,9,8,190,53,567,503,192,18,7,12,0,3,0,10,10,14,9,135,1526,0,3,0,0,0,3,8,13,0,4,0,0,7,6,3,51,0,0,0,0,0,10,27,20,3,4,3,9,28,5,11,121,0,4,0,13,3,4,4,3,0,0,0,0,0,0,4,35,0,0,0,14,12,14,12,24,7,3,9,11,59,33,22,222,0,20,17,9,4,5,0,8,0,0,0,0,0,0,3,60,0,171,139,32,25,9,22,10,4,0,0,4,4,3,22,442,9,12,48,164,270,305,389,205,59,74,57,63,41,26,90,1798,0,0,0,0,0,3,13,54,13,24,23,23,14,4,6,177,0,0,0,3,68,117,110,184,45,58,58,75,70,33,33,847,0,10,11,3,9,5,3,3,0,0,0,0,0,0,7,57,0,0,3,9,9,11,7,0,0,3,0,0,3,3,0,49
CED115,0,6,7,6,0,0,4,115,18,484,976,613,98,38,27,8,0,3,14,12,6,3,119,2421,0,3,7,0,3,11,13,10,3,3,5,3,0,3,0,67,0,0,0,0,13,17,20,32,4,11,6,5,4,7,11,132,0,14,32,363,384,408,243,162,35,30,24,22,32,23,66,1832,0,0,3,16,87,148,84,68,15,19,19,17,25,17,30,536,0,119,188,86,32,18,3,0,0,0,0,0,0,0,13,462,0,24,38,8,6,0,3,0,0,0,0,0,5,0,4,95,0,0,9,45,169,345,705,380,93,154,115,121,119,36,118,2410,0,0,0,11,13,42,83,100,30,57,55,53,48,32,8,527,0,0,0,55,376,671,365,277,71,76,69,51,79,33,61,2191,0,54,38,26,168,133,45,17,0,0,0,0,3,0,13,513,0,0,0,5,26,20,15,15,0,0,0,3,0,0,3,91
CED116,11,14,3,4,0,0,19,315,0,103,187,100,17,13,9,4,0,0,3,0,0,3,38,477,0,0,0,3,3,6,21,10,4,6,0,0,3,5,3,67,0,0,0,0,8,15,19,12,0,4,0,3,0,0,6,70,0,6,9,18,8,0,3,3,0,0,0,0,0,0,12,57,4,3,19,17,18,5,21,7,0,3,0,0,0,0,5,107,3,124,87,31,3,0,3,0,0,0,0,0,0,0,10,271,3,245,201,44,35,23,17,17,0,0,3,0,0,0,19,611,23,15,108,330,472,287,266,118,30,32,22,15,22,3,116,1869,0,3,0,0,0,3,0,3,0,0,0,14,3,4,3,28,0,3,3,10,59,115,75,56,11,28,9,38,28,15,34,475,0,25,24,14,40,17,0,3,0,0,0,3,0,0,3,143,3,4,4,11,12,9,11,10,0,0,0,3,0,0,4,70
CED117,81,71,39,31,22,10,26,1157,9,368,905,575,98,54,74,77,24,51,71,98,70,39,127,2650,0,3,3,14,37,88,159,74,15,16,22,16,16,25,14,502,0,0,0,7,101,104,136,94,13,16,19,25,21,15,65,619,4,25,98,261,124,74,31,16,0,0,8,0,0,0,75,721,0,0,12,75,144,179,104,67,15,31,23,22,19,23,23,737,0,61,81,43,9,12,7,3,0,0,0,0,0,0,8,219,0,34,27,19,24,11,48,47,8,12,8,10,16,11,14,288,6,15,85,271,628,626,843,406,96,123,99,93,58,48,90,3482,0,0,0,3,3,12,15,25,0,8,9,5,8,4,0,106,0,0,5,53,190,426,233,211,59,59,76,66,88,50,65,1578,0,12,21,18,103,62,53,30,15,9,12,12,21,4,28,395,0,4,16,27,51,64,72,45,7,7,14,15,15,5,17,353
CED118,15,33,9,6,3,0,9,370,3,134,294,218,34,13,21,15,6,0,6,12,3,0,29,790,0,0,0,3,4,15,36,19,3,3,3,0,3,0,3,93,0,0,0,11,102,263,326,194,20,34,25,13,23,8,41,1062,0,6,45,245,171,204,140,42,10,7,9,7,4,4,61,973,0,3,11,45,125,278,200,176,23,21,14,20,17,11,18,964,3,314,411,257,105,39,5,4,4,0,0,3,0,0,36,1178,0,67,81,25,19,10,9,12,0,0,0,0,4,3,9,242,3,9,20,120,374,490,1013,483,111,131,98,68,55,39,131,3138,0,0,0,10,52,186,304,198,71,90,90,90,95,45,24,1249,0,0,8,93,607,2272,1393,913,187,205,204,163,172,115,133,6455,0,38,18,19,126,104,72,12,10,6,3,5,3,0,8,409,0,3,3,21,38,69,126,58,10,3,14,13,22,13,8,402
CED119,9,14,19,4,3,3,7,521,7,134,253,158,21,15,33,16,3,3,7,10,7,0,29,692,0,0,0,4,16,30,65,19,7,3,0,0,0,3,3,156,0,0,0,0,21,30,52,21,9,3,0,3,6,3,4,151,0,12,44,208,126,131,67,32,5,4,3,3,3,0,16,658,0,0,18,56,86,120,83,35,10,4,5,14,3,3,8,446,0,86,78,26,13,9,0,0,0,0,0,0,0,0,16,226,0,101,72,30,14,17,23,13,3,6,3,3,0,4,13,304,8,6,52,153,360,383,542,251,46,47,45,33,22,19,47,2023,0,0,0,4,9,44,36,26,0,16,16,0,5,5,7,173,0,0,10,56,170,420,193,127,40,28,32,30,21,13,22,1160,0,9,24,14,127,72,31,21,0,8,0,5,0,0,3,312,0,0,8,16,22,38,31,26,0,5,0,4,5,3,5,177
CED120,16,17,9,7,3,6,12,397,3,115,206,107,28,14,7,0,0,0,0,0,7,0,41,524,0,3,0,0,3,8,10,0,0,0,0,3,0,0,5,38,0,0,0,0,4,11,20,13,5,3,3,4,15,22,8,110,0,3,24,69,43,52,30,10,0,3,0,3,3,0,15,257,0,3,15,23,36,36,13,10,4,0,3,0,6,0,6,150,0,112,144,49,30,18,0,4,6,0,0,0,0,0,34,405,0,106,128,53,35,17,21,10,0,0,3,0,0,0,27,404,5,27,52,183,390,318,310,126,59,25,43,30,24,14,99,1694,0,0,0,6,3,23,18,22,9,9,3,7,5,7,0,110,0,0,3,22,62,148,91,64,20,13,21,32,36,13,14,543,0,17,13,11,65,29,26,5,0,0,0,0,0,0,13,175,0,4,7,17,20,15,10,11,3,4,0,10,0,0,3,89
CED121,7,29,4,3,4,4,17,263,0,35,57,39,4,5,6,0,0,0,0,0,0,5,20,184,0,0,4,3,5,4,12,4,0,0,0,0,0,0,0,42,0,0,0,0,9,22,29,22,3,0,0,3,0,3,7,101,0,3,0,16,6,3,0,0,0,0,0,0,0,0,10,43,0,3,9,30,27,21,11,12,0,0,0,0,10,0,12,145,0,42,31,13,4,0,0,0,0,0,3,0,0,0,3,94,0,189,85,26,34,10,24,8,3,0,3,0,0,3,13,405,13,29,91,250,441,439,362,240,60,47,33,29,9,8,125,2185,0,0,0,3,8,7,9,26,8,9,3,3,3,0,0,78,0,0,7,9,72,152,91,107,38,49,37,38,30,13,22,655,0,30,6,3,16,10,3,10,0,0,0,0,0,0,5,92,3,0,5,8,4,7,16,8,0,0,0,3,0,0,3,55
CED122,355,304,258,205,166,84,67,3029,20,177,360,241,66,26,59,71,17,47,68,67,48,15,64,1345,0,0,7,18,25,119,151,94,17,14,29,19,27,9,26,557,0,0,3,14,42,135,199,153,32,29,27,47,28,38,46,777,7,22,44,175,88,68,26,22,3,4,9,8,6,3,39,522,3,0,29,163,316,459,253,234,60,61,110,139,208,213,48,2298,3,174,161,64,18,0,3,0,0,0,0,0,0,0,17,445,0,37,29,23,22,26,35,51,12,10,4,18,14,23,15,314,9,9,69,262,541,583,724,430,96,98,114,86,103,74,138,3328,0,0,3,9,16,35,39,33,16,32,28,38,42,52,14,363,0,0,7,92,253,541,336,367,84,96,107,102,93,55,85,2209,0,19,40,23,181,125,82,56,3,9,21,17,17,11,12,630,3,3,12,49,75,83,141,87,43,37,55,73,74,57,26,816
CED123,22,24,15,12,0,0,21,521,7,145,238,204,39,13,12,11,3,3,3,0,3,7,41,727,0,5,0,0,4,7,21,10,5,0,0,0,0,0,3,62,0,0,0,3,25,35,98,74,4,4,7,8,0,5,7,276,0,9,16,123,98,121,100,39,6,4,10,8,6,5,41,574,0,0,18,45,49,43,44,29,3,18,7,0,6,0,26,290,0,287,345,181,96,32,14,3,4,0,0,0,0,0,43,1011,0,121,202,64,35,16,15,8,0,0,4,0,0,0,20,484,3,11,30,154,423,612,866,371,105,113,108,83,85,41,186,3194,0,5,3,14,23,61,120,145,24,33,31,44,44,14,13,563,0,0,3,54,267,873,598,433,90,80,100,90,98,59,74,2821,0,40,42,19,84,53,42,23,0,0,7,0,3,0,6,312,0,0,0,25,22,26,24,24,0,8,4,4,0,3,5,146
CED124,4,5,0,0,3,0,13,200,3,66,52,32,3,0,0,3,0,0,3,0,0,0,7,177,0,3,3,3,0,3,15,3,0,0,0,0,0,0,0,33,0,0,0,0,9,9,13,12,0,3,3,0,4,6,0,56,0,3,4,8,10,0,0,0,0,0,0,0,0,0,0,27,0,0,22,22,16,6,8,9,4,5,0,0,0,3,3,104,3,67,28,20,9,0,0,0,0,0,0,0,0,0,4,137,0,215,142,54,36,5,23,6,0,0,0,0,3,0,12,497,22,29,86,278,397,232,187,87,19,9,13,4,21,9,81,1457,0,0,0,3,0,0,0,5,0,0,6,0,0,0,0,17,0,0,0,13,59,94,64,62,18,16,24,15,14,3,26,411,0,27,8,3,21,10,4,4,3,0,0,0,0,0,4,87,0,0,3,9,0,5,0,3,0,0,0,0,0,0,0,26
CED125,18,22,6,13,4,12,20,377,0,138,238,248,46,17,10,8,0,0,0,5,5,4,34,754,0,10,8,3,0,12,29,4,3,9,0,0,0,3,0,73,0,0,0,0,12,29,35,36,6,4,3,3,6,8,4,151,0,8,26,269,210,253,158,80,6,17,14,7,8,10,41,1107,0,0,17,42,64,105,50,54,6,8,7,8,17,4,7,383,3,133,135,68,31,16,3,9,3,0,0,0,0,0,18,413,3,72,103,21,36,13,11,4,0,0,0,0,0,0,5,257,3,8,30,144,477,742,1158,502,148,137,204,104,116,58,203,4029,0,0,0,6,22,145,254,207,42,43,53,48,84,31,24,950,0,0,0,61,356,1276,811,486,75,95,87,91,85,44,78,3545,0,13,19,11,185,109,40,21,0,5,0,5,0,0,8,431,0,0,0,25,11,18,18,13,0,7,3,0,3,4,0,114
CED126,23,17,21,11,7,0,19,605,9,232,395,353,34,36,45,24,3,14,21,18,15,4,54,1256,0,3,11,21,37,104,107,56,15,3,6,4,6,18,12,426,0,0,0,5,52,119,100,56,8,13,7,17,18,13,10,406,0,3,17,41,37,21,14,3,6,0,0,0,0,0,3,145,4,9,16,56,63,75,50,19,4,0,6,10,4,0,11,326,0,26,18,17,4,0,3,8,0,0,0,0,0,0,10,83,0,228,136,66,51,36,79,35,11,17,8,19,9,7,32,730,23,35,142,371,578,546,741,309,70,63,49,48,37,32,94,3133,0,0,0,0,3,5,3,3,4,0,0,3,0,0,3,39,0,3,3,37,75,253,236,173,26,51,25,55,33,30,27,1026,0,11,12,12,76,53,37,29,6,7,0,3,3,3,9,273,4,3,18,31,19,39,68,43,3,3,3,9,7,3,6,256
CED127,11,5,11,0,4,0,17,474,4,82,111,94,15,8,10,5,0,0,0,0,3,0,24,363,0,3,5,10,13,33,24,24,3,0,0,6,0,0,13,129,0,0,0,0,14,42,30,17,0,5,0,0,13,9,5,145,0,8,12,34,20,29,22,7,0,0,4,0,0,0,3,130,0,0,26,61,59,47,20,8,4,3,3,0,3,11,12,270,7,160,166,120,47,20,9,9,0,0,0,0,0,0,20,550,0,183,187,57,53,23,32,14,9,3,3,9,3,0,16,585,10,15,78,252,503,414,395,123,28,37,4,9,20,7,65,1967,0,0,0,8,8,4,14,4,0,0,0,0,0,0,3,48,0,0,0,18,67,153,89,93,16,15,24,23,17,13,13,538,0,11,21,25,69,57,22,3,3,0,0,0,0,0,7,225,0,0,13,20,11,14,22,4,0,8,0,0,4,5,3,103
CED128,7,12,0,4,3,0,11,288,15,409,928,553,94,47,28,14,8,0,4,7,4,3,82,2203,0,0,0,0,11,3,17,5,3,0,0,3,0,3,3,56,0,0,0,4,42,46,76,42,10,11,0,7,9,0,8,253,3,24,148,1137,852,1226,924,415,74,50,62,84,69,40,212,5310,0,0,8,17,71,118,63,46,5,14,10,10,12,7,14,393,4,548,666,304,85,22,10,12,0,0,3,0,0,0,71,1719,0,34,52,24,7,11,3,3,0,0,3,0,0,0,6,150,6,8,23,74,254,465,819,450,99,127,80,97,76,47,136,2759,0,0,3,7,42,102,163,226,58,115,156,103,124,79,24,1208,0,0,7,66,429,1238,675,437,74,109,71,80,82,61,89,3418,0,47,25,22,128,78,19,10,0,0,5,3,0,0,15,364,0,0,3,3,20,20,25,20,0,5,0,0,0,0,7,103
CED129,39,36,38,12,21,0,9,560,14,206,309,211,44,15,27,19,0,3,10,13,12,4,54,940,0,5,0,12,19,31,59,25,3,12,13,5,3,3,0,186,0,0,3,19,147,614,806,602,104,96,70,52,41,29,42,2625,0,23,75,231,162,190,85,32,5,0,3,3,5,7,26,852,0,0,26,115,284,462,265,223,34,35,41,44,25,19,22,1602,3,154,137,68,35,18,5,3,0,0,3,0,0,0,7,427,0,94,70,26,22,21,27,27,0,4,0,4,12,3,3,308,3,16,49,148,349,398,609,271,48,71,44,53,30,32,62,2190,0,0,0,16,54,128,210,93,31,48,19,27,45,28,11,699,0,3,15,119,461,949,468,272,34,28,41,47,52,31,56,2576,0,27,18,19,159,135,38,16,4,3,7,0,5,0,8,450,0,0,11,33,73,108,127,118,15,24,23,21,19,10,14,596
CED130,14,19,9,0,0,6,5,205,0,38,43,20,3,4,0,3,0,0,0,0,0,3,16,137,0,3,0,0,0,4,21,9,8,3,0,3,3,0,8,68,0,0,0,0,5,5,13,17,3,9,5,14,58,47,41,231,0,4,0,6,4,7,0,3,3,0,0,0,0,0,3,22,3,3,10,20,10,11,18,20,3,0,4,7,5,11,3,128,0,13,6,5,3,0,0,0,0,0,0,0,0,0,0,36,0,107,74,29,12,7,20,6,0,3,0,0,3,0,10,279,9,19,53,178,305,218,201,127,51,29,28,22,15,7,70,1330,0,0,0,0,0,3,13,21,5,3,5,3,10,9,3,77,0,0,0,0,32,88,62,167,29,102,117,105,113,31,41,898,0,5,4,3,11,5,4,0,0,0,8,0,0,0,0,41,0,0,6,10,4,5,14,14,4,3,7,4,10,3,5,83
CED131,19,23,11,5,8,3,8,306,3,160,286,83,15,9,16,10,0,6,6,8,3,0,49,643,0,3,3,4,4,21,23,14,9,6,3,3,5,12,6,117,0,0,0,0,23,40,85,98,34,30,21,12,14,23,18,407,0,0,0,8,3,3,10,3,0,0,0,0,0,0,0,34,0,3,16,41,59,48,47,68,15,13,18,13,36,40,7,425,0,6,16,3,6,0,0,3,0,0,0,0,0,0,3,43,0,81,41,14,18,19,7,0,0,0,9,4,9,0,6,213,6,14,61,160,373,269,302,158,42,53,22,35,17,26,85,1618,0,0,0,4,5,5,34,40,12,21,44,35,31,11,13,252,0,0,4,10,114,181,104,125,30,48,33,49,41,23,24,796,0,52,36,22,67,43,12,12,0,0,5,0,8,0,13,271,0,0,4,12,21,12,11,6,0,6,10,24,33,18,3,166
CED132,77,41,31,32,24,13,19,959,23,165,274,158,30,30,54,63,29,37,36,42,35,17,42,1024,0,4,17,37,129,403,520,293,80,107,122,141,194,109,110,2255,0,0,0,32,127,291,551,481,66,70,105,77,109,91,89,2081,0,16,33,146,75,38,27,16,6,0,3,0,0,0,15,373,3,3,42,149,402,427,325,204,50,30,48,39,50,47,29,1838,0,20,11,18,9,4,3,3,0,0,0,0,0,4,0,75,0,78,49,28,29,22,48,46,14,9,7,17,28,7,11,393,10,31,113,350,585,586,856,412,154,139,103,90,95,73,99,3705,0,0,0,10,9,27,32,32,9,16,15,26,45,16,6,253,0,0,11,49,170,337,248,287,88,80,97,105,125,85,42,1720,9,31,37,28,119,56,73,60,14,23,17,32,27,19,17,542,3,3,24,67,138,128,160,108,27,23,40,53,44,35,29,878
CED133,13,13,3,0,0,3,3,219,12,115,80,27,11,10,16,0,0,0,7,0,3,0,10,300,0,3,0,4,6,10,33,17,3,15,0,3,5,0,5,102,0,0,0,0,11,11,16,13,0,5,0,5,8,5,9,88,0,0,4,5,0,0,0,0,0,0,0,0,0,0,0,13,0,4,18,31,14,16,15,14,0,0,8,0,0,8,7,142,0,24,23,6,0,0,0,0,0,0,0,0,0,0,5,66,0,184,129,66,49,13,32,16,0,0,0,0,7,0,12,515,11,26,81,319,557,354,264,119,40,22,15,19,7,14,107,1950,0,0,0,0,0,3,5,8,3,3,13,0,0,8,0,45,0,0,0,5,56,111,105,105,28,27,22,37,25,12,19,553,0,6,5,9,19,14,3,6,0,0,0,0,0,0,3,64,0,0,5,14,3,3,4,0,0,0,0,3,0,0,0,45
CED134,10,15,4,6,3,4,0,139,3,41,38,20,3,0,0,0,0,0,0,8,0,4,12,128,0,0,0,3,0,3,6,3,0,0,0,0,8,3,8,35,0,0,0,0,0,6,11,25,3,3,4,3,11,9,9,79,0,4,5,9,6,3,0,3,0,0,0,0,0,0,3,39,0,0,9,14,13,11,11,15,3,0,0,0,0,3,7,82,0,29,3,3,0,0,0,0,0,0,0,0,0,0,5,46,0,90,70,18,17,6,11,3,3,3,0,3,0,0,7,224,3,8,36,138,213,198,212,110,34,45,21,22,12,3,49,1112,0,0,0,0,3,0,7,35,15,10,6,8,21,10,5,126,0,0,0,3,41,75,70,132,34,55,72,63,43,13,28,624,0,4,0,0,6,10,0,3,0,3,0,0,0,0,3,36,0,0,4,5,4,7,8,8,0,0,0,0,0,0,0,36
CED135,3,20,13,8,4,8,12,272,6,98,248,187,28,14,10,30,0,6,15,17,21,3,39,723,0,0,0,4,15,39,98,53,21,7,10,13,18,6,24,308,0,0,0,24,263,830,1326,812,111,117,105,117,111,61,118,3993,9,105,308,1271,966,1056,789,320,63,52,60,56,45,38,217,5334,0,0,9,92,167,308,246,232,36,47,48,47,43,27,36,1349,3,155,136,65,23,0,0,0,0,0,0,0,0,0,30,410,0,55,47,17,10,12,11,12,3,0,0,0,0,3,15,183,7,8,27,102,311,415,695,378,135,145,103,76,74,43,128,2644,0,0,0,6,26,129,271,338,103,195,222,287,248,172,47,2050,0,0,10,80,327,925,663,617,140,180,216,192,155,137,81,3733,0,30,17,17,127,96,32,25,0,10,7,4,8,0,21,389,0,3,10,22,34,77,100,77,17,7,10,17,12,15,9,411
CED136,8,7,9,6,0,0,7,187,3,54,71,40,10,5,6,4,0,0,0,0,0,0,10,204,0,0,0,3,3,9,19,7,0,0,0,3,0,0,0,49,0,0,0,0,8,13,10,28,5,11,4,3,3,3,3,101,0,0,3,7,3,3,0,0,0,0,0,0,0,0,0,26,0,0,23,62,60,22,17,14,3,3,3,0,4,3,11,240,0,45,43,13,4,0,0,0,0,0,0,0,0,0,5,112,0,145,111,44,22,3,20,10,0,0,0,0,0,0,3,353,13,15,54,202,363,280,274,160,64,49,17,26,21,26,74,1629,0,0,0,7,8,3,29,13,5,3,7,0,6,0,0,83,0,0,0,8,94,158,100,107,30,39,36,36,29,7,24,670,0,47,15,7,20,14,10,6,0,0,0,0,0,0,3,127,0,3,0,11,3,7,7,7,4,0,0,0,0,0,0,43
CED137,69,64,34,20,22,7,29,820,32,830,1974,1158,148,67,80,73,14,51,60,74,42,15,173,4787,0,0,3,4,31,65,110,72,9,25,20,32,32,18,27,454,0,0,0,56,609,1292,2643,2162,416,527,563,538,640,382,480,10307,0,51,141,433,247,210,100,53,19,13,8,16,17,8,83,1390,0,4,37,95,285,357,249,194,30,55,66,45,92,46,68,1623,0,79,53,38,10,3,3,0,0,0,0,0,0,0,11,197,0,30,28,10,15,9,28,16,3,4,3,9,0,3,6,172,7,22,52,163,349,327,571,270,77,98,59,53,50,27,108,2232,0,0,0,15,32,64,132,104,27,49,57,73,83,43,20,703,0,4,3,44,227,557,314,296,87,81,128,114,130,75,82,2146,0,35,31,18,99,72,34,37,5,3,8,12,9,0,13,382,0,3,8,30,81,77,120,77,20,16,18,30,29,20,10,550
CED138,5,11,7,3,5,3,25,335,6,97,91,35,18,11,27,26,11,10,10,19,17,4,38,421,0,8,6,6,13,52,105,82,14,20,14,13,19,18,17,366,0,0,0,0,8,13,17,19,6,0,3,3,7,12,0,86,0,0,4,5,3,3,0,0,0,0,0,0,0,0,3,20,0,4,19,44,29,21,15,9,0,0,3,0,0,0,15,154,0,65,29,11,0,7,3,0,0,0,0,0,0,0,7,122,0,207,153,40,46,30,54,18,3,4,8,0,3,4,34,601,20,29,130,417,867,694,756,394,74,100,49,60,46,30,191,3864,0,0,3,3,0,0,9,6,0,0,0,0,0,0,0,26,0,0,3,13,84,107,95,95,31,31,18,43,35,20,47,624,0,15,17,11,23,14,11,5,3,0,3,3,4,0,10,122,3,0,6,28,13,11,8,4,4,3,3,0,3,0,6,90
CED139,13,24,3,0,5,4,3,165,3,39,46,17,8,0,0,0,0,3,0,0,3,3,15,148,0,9,0,3,0,0,12,5,4,0,0,0,0,0,0,32,0,0,0,0,7,9,16,18,3,9,0,6,15,3,13,100,0,5,0,13,18,14,17,11,3,0,0,0,0,6,14,91,0,0,14,26,17,26,22,17,7,9,3,11,12,8,14,170,0,19,6,9,4,0,0,0,0,0,0,0,0,0,3,47,0,130,85,22,17,6,23,4,0,0,0,0,0,0,7,290,9,16,46,124,206,189,207,97,36,30,19,17,11,8,67,1083,0,0,0,0,3,5,24,27,8,10,3,8,11,0,7,111,0,0,0,3,31,66,59,152,41,87,87,110,74,25,35,755,0,21,3,3,9,6,5,5,0,5,0,0,0,0,5,55,0,0,3,7,4,0,8,15,0,0,3,0,0,0,7,57
CED140,15,10,5,11,0,5,14,503,10,100,125,68,15,6,7,12,3,7,3,3,0,0,19,369,0,3,3,6,5,35,58,27,5,7,3,3,3,5,4,182,0,0,0,4,21,51,120,113,12,4,8,12,16,9,3,370,0,13,6,26,9,11,5,7,0,0,0,0,0,0,6,83,0,0,21,22,38,42,27,18,3,5,5,3,7,0,6,205,0,85,71,33,11,7,3,0,0,0,0,0,0,0,3,218,6,153,99,51,46,25,21,27,0,0,0,10,0,0,15,451,14,33,87,305,621,466,496,168,37,42,26,24,18,26,101,2455,0,0,3,4,0,5,5,10,0,3,4,4,7,3,8,56,0,0,11,25,100,211,132,116,7,31,50,29,33,12,29,786,0,12,12,11,59,34,22,17,6,0,5,0,3,0,3,189,0,0,9,15,22,12,30,15,0,3,6,3,3,5,3,118
CED141,7,18,3,0,0,0,4,242,8,79,132,78,11,9,5,16,0,0,0,0,0,0,21,358,0,0,3,5,9,3,19,8,0,0,6,5,0,6,3,61,0,0,0,3,5,21,20,28,0,3,10,4,6,3,3,110,0,4,6,12,7,3,0,0,0,0,0,0,0,0,0,34,0,3,18,51,57,23,19,33,5,7,10,9,12,0,8,252,0,74,52,22,5,0,3,0,0,0,0,0,0,0,4,159,0,161,106,31,19,3,15,6,0,0,3,0,3,0,14,367,10,19,60,179,387,280,295,112,46,30,10,20,10,9,61,1549,0,0,0,0,4,0,7,5,0,0,3,3,0,0,0,32,0,0,3,13,55,131,68,70,18,15,16,21,23,18,21,469,0,41,18,10,32,17,3,3,0,0,0,0,0,0,11,134,3,0,6,17,10,8,12,5,0,0,0,0,0,0,3,63
CED142,177,204,138,116,131,73,38,1870,0,66,122,102,35,36,88,178,79,131,185,212,217,113,110,1661,0,0,3,11,37,188,335,201,54,86,115,108,165,175,177,1661,0,0,0,15,117,243,530,595,161,207,238,284,349,415,342,3500,0,15,37,123,65,65,31,15,3,3,11,7,8,9,18,419,0,0,33,108,268,407,460,324,57,87,127,136,173,113,87,2387,0,41,53,20,9,0,6,3,0,0,0,0,3,0,0,142,0,38,36,22,31,30,60,55,23,22,30,44,63,42,22,529,10,22,73,327,716,781,1159,644,198,239,232,225,251,164,194,5230,0,0,0,0,7,29,26,30,17,16,17,26,39,32,6,245,0,0,4,52,201,514,247,204,75,84,79,82,110,107,68,1827,0,10,21,22,109,92,88,62,18,27,22,33,45,26,10,583,3,0,19,46,99,137,240,162,39,44,60,99,109,95,43,1194
CED143,58,49,43,43,25,29,15,1051,9,167,324,210,32,26,56,81,36,43,46,63,41,22,62,1222,3,0,8,36,56,136,240,125,44,31,34,33,30,23,26,819,0,0,0,7,65,113,123,91,17,18,22,12,26,18,9,518,3,5,22,34,28,22,8,5,0,0,0,0,5,0,4,133,5,6,27,65,136,94,69,46,13,10,6,16,6,3,10,508,0,13,7,11,9,0,4,0,0,0,0,0,0,0,3,48,0,90,54,44,48,25,90,66,23,22,31,47,27,27,13,603,26,47,139,353,652,624,979,503,126,127,120,93,106,65,98,4053,0,0,0,4,4,10,3,12,6,15,5,5,7,0,0,71,0,0,3,35,123,195,143,150,43,19,31,37,42,22,22,862,0,12,21,12,91,55,24,42,12,10,17,23,12,6,8,350,3,5,13,46,54,41,98,57,24,13,17,11,27,13,11,430
CED144,25,18,4,10,6,4,13,394,6,380,1030,805,97,43,63,39,6,13,30,36,23,5,101,2683,0,3,0,3,12,37,56,35,12,3,9,5,13,11,10,205,3,0,0,47,447,818,1124,519,71,111,85,105,140,54,142,3659,8,103,489,2684,2185,2248,1364,650,112,91,134,116,115,38,414,10759,0,0,15,49,138,223,190,124,38,58,101,84,125,74,101,1303,0,66,61,34,12,0,4,5,0,0,0,0,0,0,10,190,0,19,22,14,3,7,4,3,0,0,0,0,0,0,3,77,3,6,21,87,229,338,592,282,65,67,56,61,54,25,107,1982,0,0,0,13,44,223,544,648,200,287,265,397,408,199,85,3314,0,0,5,60,269,711,503,361,87,112,88,95,94,54,83,2514,0,31,23,24,88,50,23,20,3,4,3,5,0,0,16,277,0,0,3,20,38,60,59,34,3,11,6,14,6,22,8,278
CED145,162,126,136,109,123,63,31,1737,11,142,207,109,47,49,82,149,63,98,139,129,82,50,59,1403,3,0,5,30,43,95,158,79,21,28,22,34,11,22,24,579,0,0,0,3,38,71,87,67,21,6,14,7,15,20,14,363,0,11,9,61,34,24,18,7,3,0,4,3,3,0,8,192,3,3,19,67,135,113,74,44,7,5,5,9,16,9,15,518,0,47,26,10,7,6,0,0,0,0,0,0,0,0,6,103,5,53,36,19,23,22,36,55,22,15,22,28,29,18,17,405,16,37,96,338,601,587,821,528,185,145,146,140,117,101,135,3998,0,0,0,9,4,3,16,4,3,0,0,3,5,0,0,55,0,0,7,26,67,142,132,156,36,49,53,52,56,31,32,839,31,143,108,19,115,58,62,41,15,16,21,15,16,10,24,696,0,4,37,56,74,69,87,76,10,15,23,21,26,18,28,543
CED146,4,3,0,0,0,0,5,139,8,395,780,611,134,54,63,16,13,9,21,13,12,3,93,2214,0,0,0,0,3,6,13,11,0,0,3,0,0,0,4,50,0,0,0,0,16,29,44,21,0,6,0,3,0,0,3,127,0,10,49,570,715,868,664,290,56,32,39,61,35,19,130,3544,0,0,7,21,72,132,74,56,8,7,5,4,10,3,6,409,0,152,210,120,48,10,3,0,0,0,0,0,0,0,19,569,0,27,55,9,5,3,8,3,0,0,3,0,0,0,0,121,0,3,15,61,297,576,975,436,104,116,110,115,114,51,176,3150,0,0,0,6,32,176,340,257,37,34,28,50,44,22,23,1056,0,0,4,63,442,1663,725,374,70,44,48,54,56,28,77,3650,0,17,24,22,214,185,38,17,0,3,0,0,5,0,11,526,0,0,4,12,15,33,21,18,7,3,0,0,3,3,4,114
CED147,7,24,3,0,3,0,13,304,4,160,415,231,37,14,12,13,0,8,3,3,4,0,43,951,0,0,0,6,8,7,10,7,3,3,0,0,3,5,0,60,0,0,0,3,5,25,26,20,8,0,7,3,4,4,13,121,0,5,9,66,54,71,26,31,6,0,3,4,0,0,12,292,0,0,9,13,16,19,20,19,0,7,3,3,13,0,4,128,0,134,193,70,16,0,0,5,0,0,0,0,0,0,21,450,0,275,167,42,23,12,11,6,0,3,0,7,0,0,25,571,8,25,78,204,335,284,278,139,33,35,27,13,14,10,70,1548,0,0,0,5,7,3,10,11,10,0,3,5,3,0,0,62,0,0,0,22,132,197,113,97,12,14,29,25,24,14,31,715,0,24,31,18,93,40,9,10,0,3,0,0,0,0,5,232,0,3,7,9,4,4,13,13,0,3,0,4,5,3,8,87
CED197,0,0,0,0,3,0,0,13,0,13,15,12,0,0,0,0,0,0,0,0,0,0,0,39,0,0,0,0,0,0,0,0,0,0,0,0,0,0,0,0,0,0,0,0,0,8,0,0,0,0,0,0,0,0,0,5,0,0,0,0,0,0,0,0,0,0,0,0,0,0,0,9,0,0,0,3,4,6,0,0,0,0,0,0,0,0,0,14,0,5,9,3,0,3,0,0,0,0,0,0,0,0,3,22,0,16,6,3,0,0,0,0,0,0,0,0,0,0,0,25,0,0,3,10,8,4,6,0,0,0,0,0,0,0,14,55,0,0,0,0,0,0,0,0,0,0,0,0,0,0,0,0,0,0,0,0,3,7,0,10,3,0,0,0,0,0,0,21,0,0,3,0,0,0,0,0,0,0,0,0,0,0,0,9,0,0,0,0,0,0,0,0,0,0,0,0,0,0,0,6
CED201,7,18,17,3,0,3,16,369,6,188,383,292,40,10,11,6,3,0,6,10,0,0,39,1003,0,0,0,6,3,17,44,23,6,8,3,6,3,4,4,128,0,0,0,0,3,47,143,209,33,18,17,13,21,11,10,530,0,3,5,39,54,50,13,6,3,0,4,0,0,0,6,183,3,0,22,112,320,890,622,687,108,99,71,77,56,42,37,3143,0,45,51,23,18,3,0,0,0,0,0,0,0,0,0,146,0,211,264,67,48,15,13,13,3,0,0,0,5,0,16,658,10,13,32,105,264,328,402,233,75,65,33,49,30,18,46,1684,0,0,0,3,12,27,49,23,15,12,4,20,7,0,3,178,0,0,0,30,155,353,210,223,45,44,50,50,26,27,41,1259,0,28,41,33,145,155,32,8,0,5,4,0,3,0,11,461,0,0,8,28,64,132,227,256,26,31,26,22,30,14,8,881
CED202,4,8,10,0,0,0,8,253,3,101,118,57,13,6,3,10,0,0,0,4,0,3,17,339,0,4,3,5,6,10,39,21,0,3,0,0,0,0,6,97,0,0,0,0,5,5,10,14,4,0,3,0,3,0,4,49,0,0,3,3,3,3,3,0,0,0,0,0,0,0,0,21,3,0,15,27,24,29,40,50,17,3,3,11,9,0,6,240,0,58,98,54,22,12,6,9,0,0,3,0,0,0,16,279,0,318,267,56,43,13,27,15,0,3,0,0,5,0,34,787,0,12,46,139,281,251,299,144,39,55,31,19,21,16,61,1411,0,0,0,0,0,0,20,32,0,3,8,3,3,3,0,74,0,0,0,5,36,74,74,95,37,58,53,32,32,12,19,531,0,17,9,3,26,13,7,5,0,3,0,0,0,0,6,96,0,0,9,12,8,8,13,28,0,4,0,3,7,11,0,88
CED203,39,25,15,16,4,3,21,513,20,1431,2753,1292,133,66,67,47,17,36,52,57,56,25,321,6388,0,3,0,4,13,42,110,71,13,11,6,18,15,16,9,324,0,0,0,3,11,13,36,58,8,8,13,11,13,4,14,198,0,16,89,333,280,231,121,49,5,7,10,13,8,5,44,1215,0,0,9,29,128,199,167,144,19,21,53,69,87,56,40,1023,0,132,138,56,21,3,4,4,0,3,0,0,0,0,24,395,0,40,42,16,21,16,31,15,3,0,0,4,8,7,7,212,0,9,33,85,257,318,583,430,139,164,108,87,86,46,85,2441,0,0,0,0,4,18,47,102,36,56,62,96,98,48,14,587,0,0,0,6,82,257,107,153,27,65,70,72,73,43,27,989,0,21,34,27,53,42,15,12,4,0,3,8,0,0,7,229,0,0,7,13,27,45,105,48,6,13,15,13,35,14,9,349
CED204,8,8,10,3,0,0,9,230,4,69,96,42,7,5,0,3,0,0,0,0,0,0,22,259,0,0,0,0,4,3,18,13,6,6,3,0,0,0,6,59,0,0,0,0,4,3,20,9,8,3,6,3,3,4,0,64,0,0,0,0,3,8,7,3,0,0,0,0,0,0,18,36,0,0,11,22,37,26,41,35,3,12,0,9,7,8,15,223,0,39,40,16,0,0,0,0,0,0,0,0,0,0,14,108,0,149,134,36,37,8,16,15,0,10,7,0,0,0,24,436,7,10,34,136,275,217,250,144,30,26,25,3,12,6,81,1245,0,3,0,0,0,0,13,25,0,3,8,0,3,0,0,63,0,0,0,11,33,78,68,83,30,25,56,25,40,17,18,494,0,16,13,3,12,7,5,3,0,0,0,0,0,0,3,60,3,0,3,9,12,7,20,10,0,0,6,0,0,3,4,69
CED205,9,10,0,0,9,3,3,211,15,412,980,498,57,25,27,23,0,4,9,5,10,6,95,2167,0,3,0,4,20,37,80,51,3,12,5,15,13,0,6,248,0,0,0,4,26,78,257,339,72,47,39,41,39,22,25,992,0,7,16,122,142,112,66,39,9,4,10,8,7,4,19,555,4,4,38,203,584,967,652,604,182,152,194,204,214,141,102,4254,0,59,61,31,12,0,4,0,0,0,0,0,0,0,9,173,0,160,144,29,15,15,19,13,0,0,0,0,0,3,11,407,8,4,31,110,239,290,517,298,88,131,85,82,56,34,84,2053,0,0,0,9,13,46,155,329,132,232,302,206,188,98,48,1764,0,0,0,11,134,373,238,319,51,66,118,95,84,49,50,1592,0,53,67,58,200,249,47,15,3,0,4,0,7,0,21,719,0,0,6,26,75,141,230,200,47,47,51,49,46,45,18,980
CED206,9,9,11,6,5,0,12,198,3,646,1683,1068,138,45,67,20,4,15,19,7,10,6,169,3904,0,0,3,0,0,5,19,12,0,0,0,0,0,0,3,43,0,0,0,3,3,3,20,21,0,6,0,10,5,4,5,91,0,6,33,487,736,671,574,415,57,72,91,64,68,38,187,3502,0,0,3,23,51,108,53,54,6,22,17,14,12,13,28,400,0,331,633,378,101,44,21,0,0,0,4,0,0,0,68,1576,0,61,49,13,5,3,3,3,0,0,3,0,0,0,7,153,0,4,8,55,156,256,546,319,105,140,133,93,88,55,90,2041,0,0,0,4,6,67,228,310,102,160,149,217,162,129,50,1590,0,0,6,69,273,739,371,409,65,102,106,91,116,56,55,2448,0,31,45,43,185,102,9,9,3,0,0,0,3,0,3,441,0,0,3,6,20,50,65,52,3,17,8,4,13,10,3,244
CED207,4,6,4,3,0,0,4,307,6,268,333,156,28,15,11,18,7,4,0,3,6,0,48,895,0,3,4,5,6,12,27,18,3,0,3,5,3,0,4,90,0,0,0,0,3,7,21,15,5,3,0,4,3,0,0,68,0,0,3,15,16,20,9,9,0,0,0,0,3,0,3,85,0,0,17,25,52,45,57,89,18,13,15,7,14,12,8,384,0,46,45,5,5,0,0,0,0,0,0,0,0,0,13,117,4,401,507,158,149,37,46,19,0,10,8,3,3,5,44,1389,3,19,36,166,345,338,377,157,46,42,28,24,15,13,78,1692,0,0,0,0,3,3,12,6,0,0,0,11,3,0,0,43,0,0,4,0,45,131,104,101,17,11,32,24,14,4,16,508,0,16,37,29,77,42,21,11,0,5,0,4,0,0,5,248,0,0,3,17,12,5,40,28,9,4,3,0,0,0,10,129
CED208,9,15,16,9,9,3,15,359,14,416,875,352,41,19,18,10,4,16,19,28,5,8,82,1911,0,3,3,3,34,67,160,80,24,22,24,18,31,35,16,517,0,0,0,12,29,84,436,536,84,98,91,87,84,54,52,1663,0,3,5,38,31,32,6,6,0,0,0,0,0,3,3,137,3,6,38,149,479,876,767,658,157,183,206,319,419,358,173,4793,0,45,40,18,7,0,0,0,0,0,0,0,0,0,0,112,0,108,100,28,15,11,28,17,7,8,0,8,11,6,14,359,7,15,48,145,259,241,427,241,71,77,81,31,47,54,60,1817,0,0,3,0,3,19,50,81,21,45,42,72,78,35,12,473,0,0,5,18,105,238,123,156,69,65,79,71,104,70,28,1136,0,25,53,55,155,131,29,26,3,9,3,10,0,4,16,508,0,0,6,37,59,132,289,210,37,65,97,85,137,131,44,1340
CED209,17,8,15,12,12,0,14,355,3,177,204,74,13,3,5,20,0,0,7,0,0,0,22,542,0,0,3,3,10,4,38,30,6,3,3,3,4,0,6,122,0,0,0,0,0,4,21,24,5,3,8,0,5,0,4,86,0,0,4,9,7,3,11,4,4,0,0,0,0,0,7,52,0,0,13,32,31,51,32,52,7,23,7,18,12,8,7,299,0,46,48,15,8,6,3,5,0,0,0,0,0,0,8,137,0,306,211,35,32,27,25,31,0,0,3,3,7,3,29,713,4,16,28,127,242,256,353,199,61,59,34,43,33,21,66,1536,0,0,3,4,3,4,8,21,13,21,3,3,15,3,4,104,0,0,3,4,36,85,76,87,19,11,21,20,26,13,20,426,0,24,20,12,33,21,3,3,0,3,4,0,0,0,9,128,0,0,0,22,9,22,23,33,3,3,0,8,5,0,4,132
CED210,12,24,8,3,5,0,14,343,3,314,534,235,42,15,25,9,0,9,3,11,6,10,74,1287,0,3,0,3,3,7,14,10,3,3,0,0,6,4,0,63,0,0,0,0,0,15,14,24,3,8,11,5,0,8,3,83,0,0,0,8,10,10,3,5,0,0,0,0,0,4,17,54,0,0,8,23,30,33,43,41,13,10,16,15,18,12,19,272,0,104,91,52,8,3,0,3,0,0,4,0,0,0,18,282,0,437,291,63,32,10,14,4,6,3,0,0,0,7,46,917,3,10,36,147,246,252,307,191,41,46,33,18,15,11,89,1452,0,0,0,0,3,3,6,61,10,32,80,25,43,12,22,305,0,0,4,10,74,155,239,248,26,31,28,39,51,28,38,972,3,63,68,22,67,48,15,9,0,3,0,0,0,0,29,326,0,3,4,12,18,18,42,26,0,0,0,5,3,7,7,152
CED211,10,12,13,10,4,6,7,345,6,257,371,209,30,13,29,16,0,9,5,8,8,0,39,991,0,0,0,14,14,35,88,46,7,8,4,15,8,7,12,252,0,0,0,3,3,41,190,237,32,33,24,16,6,12,9,612,0,3,4,22,9,22,8,7,0,0,0,0,0,0,7,75,0,3,32,116,233,467,481,528,99,131,121,100,102,61,62,2540,0,56,31,12,14,4,3,0,0,0,0,0,0,0,10,130,0,217,170,33,47,18,29,11,0,4,0,4,0,0,15,548,9,24,42,152,279,286,428,225,75,54,60,30,42,18,53,1777,0,3,0,5,9,13,37,84,17,29,31,40,62,13,11,359,0,0,4,14,85,208,134,158,25,42,19,46,50,21,7,820,0,32,49,40,93,84,17,16,3,5,0,4,3,0,4,340,3,0,9,30,46,95,160,132,15,27,29,20,28,9,24,624
CED212,36,18,27,19,0,7,14,631,7,181,215,115,32,14,23,11,6,9,9,4,9,0,34,671,0,4,0,7,0,9,52,13,0,3,0,0,9,0,4,108,0,0,0,0,3,14,16,22,4,0,0,3,4,0,4,70,0,3,5,33,28,24,14,5,0,0,3,0,0,0,3,115,0,4,17,26,52,54,47,51,11,0,11,11,11,11,6,314,0,50,33,25,12,3,3,0,0,0,0,0,0,0,3,132,0,264,265,68,57,21,29,23,4,3,0,0,0,0,29,766,16,20,72,222,516,527,641,372,104,81,82,47,59,11,124,2893,0,0,3,8,3,8,3,13,4,3,11,4,3,0,0,67,0,0,0,14,64,163,101,134,23,48,28,42,24,21,28,685,0,21,31,17,113,89,39,13,4,0,6,0,0,0,8,349,0,0,6,14,18,24,38,12,5,0,11,4,3,3,3,140
CED213,24,9,5,0,9,0,18,472,8,343,460,216,27,8,18,12,4,10,3,0,4,3,60,1180,0,6,6,3,0,10,26,12,0,8,0,3,0,0,0,77,0,0,0,0,4,9,5,7,0,0,0,0,0,0,3,37,0,0,7,20,4,5,7,0,0,0,0,0,0,0,4,43,3,3,9,18,32,23,21,8,0,0,3,5,0,0,7,142,0,102,84,16,10,0,0,0,0,0,0,0,0,0,4,214,0,304,280,75,81,17,23,4,5,0,3,0,0,3,27,827,6,21,67,267,484,370,379,182,59,35,24,12,11,24,92,2030,0,0,0,0,3,0,0,3,0,0,0,0,0,0,0,8,3,0,3,9,48,67,66,59,20,13,24,37,22,25,32,415,0,20,23,18,36,23,11,7,0,0,0,3,0,0,4,141,0,0,5,18,8,6,6,7,5,0,3,4,11,0,7,85
CED214,59,25,20,15,16,4,17,621,13,456,1125,512,76,28,27,27,11,24,34,38,12,11,111,2502,0,6,0,4,4,27,70,63,15,20,18,9,22,13,12,290,0,0,0,0,4,14,52,58,22,12,9,11,24,7,9,225,0,6,12,162,191,205,169,126,18,19,18,30,23,9,32,1007,0,3,14,24,103,138,175,140,39,43,47,51,74,49,28,929,11,488,795,351,103,16,7,10,0,0,0,0,0,0,79,1864,0,77,56,17,19,11,24,29,7,3,6,6,9,7,4,270,3,7,23,116,331,413,907,633,206,244,165,131,131,62,113,3476,0,0,0,3,3,13,28,139,58,191,159,99,82,51,27,846,0,0,3,27,236,600,284,247,47,104,120,107,118,62,62,2017,0,100,84,39,175,113,41,19,4,7,9,3,5,3,29,649,0,0,0,15,23,54,82,46,16,10,17,16,14,3,5,292
CED215,10,10,0,3,3,0,18,218,5,198,347,153,26,3,3,9,0,5,0,0,0,0,57,809,0,3,0,0,0,5,7,3,0,7,3,0,3,6,3,38,0,0,0,0,4,3,4,14,6,0,10,0,0,0,0,43,0,0,3,3,3,0,0,3,0,0,0,0,0,0,9,22,0,0,12,32,23,17,21,38,3,5,18,19,13,7,20,226,0,109,87,29,17,3,0,0,0,3,0,0,0,0,14,258,0,363,391,64,51,22,19,20,0,0,0,0,0,0,33,971,8,20,51,137,310,186,263,159,31,41,43,29,28,13,100,1422,0,0,0,0,0,0,11,34,3,7,7,0,9,0,0,66,0,0,0,0,75,133,90,91,27,43,39,46,64,32,47,687,0,37,20,13,27,31,8,3,0,0,0,3,0,0,16,156,0,0,0,3,0,5,11,16,3,6,3,3,6,0,5,67
CED216,57,60,30,25,24,14,9,795,16,287,357,163,52,18,27,27,8,24,15,20,27,9,38,1093,0,4,7,19,20,71,101,69,18,23,49,54,67,41,37,583,0,0,0,0,10,34,75,96,38,18,20,15,18,22,6,358,0,0,9,43,51,27,14,3,0,5,0,0,0,4,7,169,4,5,24,96,124,152,147,69,17,22,21,21,22,9,14,743,0,26,49,9,9,7,0,0,0,0,0,0,0,0,3,104,3,71,71,17,27,25,53,45,18,13,12,16,9,0,9,395,21,20,74,184,398,390,645,370,102,93,78,54,72,29,62,2591,0,0,3,5,11,8,10,16,7,7,8,8,5,3,3,92,0,3,3,22,69,80,57,52,22,27,23,17,33,21,14,442,27,181,221,59,224,143,50,31,6,8,12,5,8,5,26,1003,5,3,9,34,41,48,87,78,17,22,15,31,31,17,3,454
CED217,7,3,11,8,3,0,5,253,0,219,544,431,97,48,46,30,5,4,9,8,6,0,71,1523,0,0,3,0,0,7,45,22,4,6,4,3,4,0,9,100,0,0,0,0,3,16,56,61,6,9,5,8,16,0,4,191,0,0,3,85,94,107,109,58,3,5,12,8,10,7,20,521,0,0,0,25,65,140,202,178,60,35,31,29,20,18,18,833,3,484,1058,812,367,119,85,81,13,21,0,4,13,3,97,3163,0,66,93,17,25,8,12,22,3,4,0,0,0,0,10,262,0,0,16,78,241,437,856,842,262,342,267,225,138,111,216,4028,0,0,0,8,29,75,261,291,77,129,127,80,78,56,23,1230,0,0,7,62,531,1751,1458,1713,248,244,196,186,233,118,134,6877,0,28,36,38,213,271,73,30,0,0,4,7,5,0,14,714,0,0,0,10,12,30,115,78,13,6,3,8,27,12,5,329
CED218,85,82,61,44,48,28,13,775,8,209,293,114,24,17,36,40,11,37,42,41,20,14,33,945,0,0,0,10,31,74,134,85,17,41,41,54,44,33,26,597,0,0,0,0,22,61,139,169,31,41,30,54,37,24,19,634,0,9,9,31,12,27,10,6,0,3,0,0,0,0,3,124,0,6,31,143,321,342,309,242,50,68,74,75,117,65,59,1910,0,30,21,15,6,0,3,0,0,0,0,3,0,0,0,79,0,68,49,18,17,22,27,28,14,7,11,17,8,6,5,307,12,24,64,170,310,352,665,544,195,200,191,170,194,120,86,3291,0,0,0,6,7,13,14,32,9,9,15,26,15,14,3,167,0,0,0,15,72,128,81,117,27,39,52,42,63,43,28,711,46,143,98,42,129,76,44,14,0,3,7,5,10,4,11,641,4,4,13,38,79,79,203,113,30,41,27,35,49,26,12,739
CED219,12,8,18,3,4,0,17,314,3,158,454,309,56,20,18,25,3,11,9,0,0,8,54,1127,0,0,0,3,3,5,26,21,3,6,0,0,6,3,3,75,0,0,0,0,3,16,58,58,7,14,6,9,10,0,3,180,0,3,0,94,124,130,89,27,6,3,12,12,10,3,13,516,0,0,7,39,86,249,230,222,28,45,33,29,35,15,19,1034,0,78,84,45,22,3,6,0,0,0,0,0,0,0,10,255,0,193,264,72,53,17,19,13,0,0,0,0,0,4,33,661,3,5,11,99,401,787,1427,1002,270,377,284,216,144,84,214,5321,0,3,0,14,17,112,325,485,143,201,220,224,127,55,37,1964,0,0,3,24,212,834,754,1115,195,173,166,153,109,77,81,3893,0,14,33,58,300,309,129,38,9,6,0,3,6,0,17,924,0,0,0,15,19,100,113,96,22,24,6,13,8,4,4,429
CED220,20,21,10,14,6,0,7,424,13,391,794,408,71,23,27,33,8,7,15,14,11,10,75,1911,0,3,0,17,17,60,137,74,16,22,10,24,19,20,13,432,0,0,0,3,20,39,174,251,40,33,55,38,41,25,14,719,0,5,13,80,101,44,37,20,3,9,0,0,0,0,11,320,0,3,8,47,164,238,194,167,24,65,62,51,131,71,46,1277,3,81,71,26,15,0,3,0,0,0,0,0,0,0,5,206,0,69,68,26,25,7,19,16,0,0,3,6,0,0,4,245,5,14,27,110,255,273,551,251,88,97,63,37,44,34,58,1912,0,3,0,13,11,18,52,67,25,42,53,44,49,19,14,405,0,0,0,18,172,387,197,224,53,79,94,63,73,48,39,1445,8,44,78,49,206,130,55,22,0,4,0,0,6,3,9,620,0,0,9,22,29,41,93,56,11,10,12,18,11,9,11,334
CED221,6,3,0,0,0,0,0,164,21,277,316,124,14,4,10,4,0,3,0,7,9,3,46,825,0,0,0,0,4,10,14,7,3,3,3,0,9,3,3,68,0,0,0,0,3,6,13,12,0,3,8,0,0,4,4,52,0,0,3,3,3,0,6,0,0,0,0,0,0,0,4,28,3,0,13,17,23,18,25,18,0,0,3,15,19,3,10,168,4,15,29,6,3,0,0,0,0,0,0,0,0,0,3,66,0,227,210,52,51,21,26,14,0,0,0,3,0,0,15,619,3,21,45,155,287,196,244,123,29,18,13,15,22,3,67,1256,0,0,0,0,0,0,3,18,0,8,7,0,5,5,0,48,0,0,0,7,46,74,54,121,19,49,44,14,38,23,21,511,0,38,19,11,17,7,5,4,0,0,0,3,0,0,3,104,0,0,0,17,7,3,10,7,0,3,3,0,0,0,3,65
CED222,33,43,19,5,3,0,13,542,9,224,413,245,64,10,19,21,3,12,18,13,3,6,49,1121,0,0,3,4,7,40,63,29,3,3,3,3,8,4,5,173,0,0,0,3,6,15,45,44,13,6,0,5,6,0,9,153,0,0,8,41,58,50,39,29,0,3,3,7,4,7,3,253,0,3,5,39,93,155,133,106,15,37,39,17,28,20,17,701,0,70,73,24,15,7,0,6,0,0,0,0,0,0,9,202,0,151,148,38,43,7,16,18,4,5,0,4,0,10,55,508,7,7,37,159,394,521,780,496,158,146,117,92,67,42,105,3125,0,0,0,11,18,37,60,119,30,83,92,37,64,32,4,597,0,0,0,12,155,452,320,302,54,66,87,77,77,39,37,1694,0,21,38,42,197,147,42,19,3,6,4,4,8,3,20,559,0,3,3,13,14,65,88,56,0,14,6,5,0,0,3,275
CED223,14,21,8,0,8,0,6,452,18,643,850,326,61,33,31,15,8,13,7,8,12,3,105,2130,0,4,0,5,12,37,87,57,4,8,4,6,9,7,7,262,0,0,0,3,8,17,52,79,9,0,13,11,5,0,7,214,0,11,26,90,82,71,20,15,4,3,3,3,0,3,21,348,0,3,18,72,191,235,205,129,33,30,34,25,34,7,16,1027,0,80,99,27,12,3,0,7,0,0,0,0,0,0,6,237,0,103,86,24,27,11,34,28,3,8,13,3,3,0,5,346,10,16,37,122,232,278,396,227,74,67,39,19,17,43,59,1631,0,0,0,4,5,14,32,45,0,16,13,13,23,11,3,182,0,0,6,16,91,107,83,98,13,24,16,16,25,16,23,529,3,29,27,20,71,64,21,7,9,3,5,0,3,3,8,271,0,0,10,25,28,33,85,50,7,12,12,23,3,4,19,315
CED224,26,31,18,5,5,3,9,420,18,438,561,153,35,13,30,22,4,23,26,23,18,5,48,1419,0,0,5,13,19,59,89,47,16,13,11,12,16,13,20,345,0,0,0,5,29,61,217,153,39,29,32,35,20,35,17,670,0,3,19,41,18,19,3,9,0,0,3,3,0,0,3,124,6,10,55,298,611,681,434,324,75,74,83,77,115,101,63,3004,0,34,29,15,0,3,0,0,4,0,0,0,0,0,0,88,3,64,59,16,27,19,39,24,3,0,4,7,5,0,9,273,13,29,67,176,266,291,527,313,86,120,83,90,87,54,62,2264,0,0,0,14,4,33,22,33,18,19,7,8,31,9,9,222,0,0,5,17,60,87,53,81,23,27,51,25,31,27,9,510,13,65,48,24,46,43,13,19,4,0,3,9,3,3,10,301,5,0,21,66,93,161,204,118,39,27,16,35,44,31,9,868
CED225,13,12,0,3,10,3,6,364,8,161,256,171,40,16,15,15,0,0,0,3,4,0,33,727,0,3,0,0,4,15,42,19,11,0,0,3,3,0,0,103,0,0,0,0,9,11,63,128,21,20,30,4,0,4,4,294,0,0,4,46,33,41,33,15,0,0,4,6,5,0,3,186,0,0,17,27,65,91,133,168,30,36,25,16,24,20,4,656,0,59,51,27,7,7,3,3,0,0,0,0,0,0,9,162,0,307,331,90,85,38,34,23,9,0,0,3,0,7,29,955,9,6,43,154,395,369,602,368,127,102,88,51,69,21,80,2491,0,0,0,4,16,46,137,119,28,24,29,22,23,20,12,471,0,0,0,10,99,243,149,238,29,37,59,28,37,18,24,973,0,21,25,22,155,163,48,27,0,7,0,0,3,0,11,479,0,0,9,14,17,64,119,63,6,22,14,14,32,20,14,404
CED226,36,43,12,7,14,5,10,431,15,338,744,417,71,23,45,35,5,8,11,12,10,6,105,1845,0,0,0,0,7,19,89,77,3,6,11,9,8,0,6,238,0,0,0,3,8,48,149,295,46,40,26,32,35,31,20,738,0,3,4,99,151,154,211,181,30,18,32,34,43,3,38,1006,0,0,17,64,144,227,473,518,98,140,114,101,100,60,75,2130,3,232,522,275,104,49,30,26,10,0,8,3,3,0,43,1298,0,72,89,34,26,13,21,16,6,11,6,0,3,0,9,305,0,8,20,124,434,698,1680,1723,604,762,630,434,380,202,367,8074,0,0,0,7,12,95,423,576,157,206,152,220,192,114,28,2176,0,0,0,41,359,1178,1235,1751,227,261,284,236,255,164,104,6090,0,30,29,31,178,173,70,24,10,6,17,9,8,3,10,579,0,3,3,24,32,75,307,351,50,50,63,33,45,30,24,1095
CED227,3,6,3,3,3,9,0,109,12,292,371,128,20,9,0,0,5,6,5,3,5,6,75,948,0,3,0,0,0,3,3,11,0,4,0,0,0,6,15,50,0,0,0,0,0,0,27,20,3,4,0,3,5,21,15,94,0,0,3,5,0,0,0,0,0,0,0,0,0,0,0,10,0,0,3,18,3,14,20,43,11,18,34,48,64,89,81,440,0,11,9,9,0,3,0,0,0,0,0,0,0,0,3,38,0,112,104,25,24,3,10,7,0,0,3,0,4,0,13,315,5,4,18,85,172,178,239,82,25,18,52,10,30,13,47,973,0,0,0,0,0,0,12,21,8,30,17,3,7,7,0,110,0,0,0,4,34,93,80,186,33,31,49,50,40,29,28,650,0,14,4,6,7,6,3,0,0,0,0,0,0,0,5,46,0,0,3,4,0,0,6,3,0,0,0,0,0,0,4,28
CED228,34,25,13,5,11,17,14,427,14,1163,2353,985,104,54,47,49,20,31,42,42,27,17,263,5208,0,0,3,3,12,26,59,46,5,5,7,13,5,8,4,197,0,0,0,0,16,29,77,94,4,19,19,15,12,11,13,315,0,3,33,131,134,80,51,31,6,4,3,3,5,0,30,519,0,0,10,35,99,168,192,144,43,47,74,44,59,50,42,1012,6,530,997,505,150,29,14,3,0,0,0,3,0,0,102,2338,0,65,52,16,17,4,8,9,0,4,0,3,6,4,9,196,0,9,16,73,161,231,489,409,143,159,142,115,126,58,104,2237,0,0,0,3,4,21,61,159,77,229,225,108,70,45,39,1031,0,0,3,32,266,605,287,360,71,78,103,103,121,55,91,2190,0,116,101,59,145,102,35,11,8,4,0,3,3,0,27,620,0,0,0,17,19,49,84,50,16,5,6,5,13,5,14,280
CED229,41,16,7,5,0,0,10,448,0,324,754,553,60,39,58,32,11,4,13,12,10,3,89,1966,0,7,0,0,7,10,23,22,7,5,3,0,4,0,3,92,0,0,0,0,0,12,33,37,5,3,10,3,5,4,10,134,0,0,14,94,88,94,85,54,14,14,8,14,8,3,12,502,3,0,13,25,55,69,95,122,20,16,36,18,25,11,22,540,0,198,319,133,66,35,16,10,0,4,0,0,0,0,30,819,0,148,140,27,28,18,17,17,3,0,0,0,0,0,9,422,3,10,32,116,355,450,784,559,206,186,194,154,149,47,153,3398,0,0,0,4,4,33,158,207,36,79,51,78,73,42,4,771,0,3,3,20,106,306,372,489,92,86,68,60,58,43,50,1747,0,25,24,12,61,38,14,22,4,0,5,0,0,0,9,225,0,0,3,21,9,40,128,113,13,22,13,19,14,5,10,414
CED230,11,10,7,12,17,0,11,324,16,236,253,117,22,11,9,4,5,0,3,3,0,0,47,733,0,0,3,4,3,0,19,16,3,7,0,7,0,0,3,73,0,0,0,0,3,4,10,24,5,0,3,12,9,4,0,79,0,0,3,6,12,7,13,10,0,0,0,0,0,0,0,39,0,0,11,18,22,23,44,57,5,12,6,5,12,6,5,212,0,134,103,26,12,0,3,3,0,0,0,0,0,0,11,297,0,480,470,115,133,35,30,8,3,11,4,3,0,0,35,1324,7,21,38,179,372,386,517,346,139,100,60,46,46,30,99,2378,0,0,0,0,3,7,19,40,12,8,14,8,16,3,8,137,0,0,0,6,68,139,128,268,35,50,27,27,48,17,25,828,0,19,19,22,45,34,19,3,0,0,0,3,0,0,0,164,3,0,3,7,7,11,23,30,4,0,0,0,3,0,3,100
CED231,92,79,55,59,79,40,17,896,14,365,593,230,37,20,48,96,46,74,123,134,161,87,97,2129,0,0,0,9,25,71,184,142,39,66,49,100,147,148,145,1127,0,0,0,3,28,61,337,511,128,194,243,305,377,378,296,2870,0,6,6,36,31,32,19,12,4,4,3,0,3,5,8,167,3,8,19,106,236,411,840,963,244,415,501,817,991,933,272,6755,0,52,88,34,14,9,4,0,0,0,3,3,0,0,10,222,0,45,63,29,29,26,39,31,3,16,18,23,28,32,26,401,7,14,56,165,379,492,896,826,334,348,328,346,372,284,185,5045,0,0,0,4,4,11,42,56,15,26,25,44,50,54,3,338,0,0,3,22,82,247,177,194,44,70,93,108,141,133,50,1365,6,17,31,10,82,63,11,21,3,7,7,15,27,11,12,315,0,0,12,19,56,107,322,279,87,111,149,221,266,293,70,1994
CED232,191,162,126,129,124,83,21,1530,7,195,217,120,25,28,40,88,45,98,118,111,96,67,51,1308,0,3,4,10,26,67,131,103,32,37,44,83,101,61,70,779,0,0,0,3,13,52,145,217,52,54,61,73,70,76,59,872,0,3,5,29,29,17,12,8,3,3,0,3,4,0,4,123,3,3,9,87,170,233,399,386,71,72,95,113,141,112,67,1976,0,63,32,17,15,3,5,0,0,0,0,0,0,0,6,138,0,62,57,21,29,38,41,52,13,8,21,8,33,19,4,401,3,9,55,210,462,445,785,708,279,325,284,249,286,175,106,4382,0,0,0,5,6,11,32,33,11,15,12,9,26,17,8,178,0,0,0,14,94,189,104,133,36,44,59,79,80,54,37,929,62,305,247,66,169,122,45,33,13,10,10,15,19,9,46,1168,0,7,6,20,56,84,160,128,26,54,45,45,61,31,18,731
CED233,12,3,3,0,0,0,11,215,26,1034,1399,424,59,44,39,31,7,13,18,10,10,3,171,3278,0,9,4,18,20,27,67,37,3,6,11,10,0,4,3,218,0,0,0,3,21,93,259,264,42,44,19,17,8,19,32,826,0,12,53,113,104,77,32,3,0,0,3,3,0,0,8,413,0,12,54,214,584,865,726,671,125,125,132,123,175,90,83,3959,0,101,76,18,13,3,4,0,3,0,0,0,0,0,9,231,0,121,110,20,26,12,16,10,3,0,3,3,0,0,14,336,15,16,37,102,208,203,344,140,41,40,25,18,17,15,33,1264,0,0,5,7,15,28,58,62,25,18,23,35,50,43,13,380,0,3,4,23,73,131,62,72,12,17,21,23,17,10,16,487,4,36,43,12,49,56,8,5,0,0,0,0,0,0,4,227,0,3,13,48,100,137,322,174,12,25,22,26,26,14,10,943
CED234,21,10,5,4,3,0,6,171,23,407,479,183,31,10,6,7,0,3,3,3,4,3,86,1240,0,0,0,0,0,0,3,6,0,0,0,6,3,0,3,33,0,0,0,0,0,4,10,15,3,5,3,3,15,8,3,70,0,0,0,5,3,0,9,3,0,0,0,0,0,0,3,24,0,0,4,6,26,10,35,51,18,22,15,41,46,25,21,322,0,33,35,4,4,0,0,0,0,0,0,0,0,0,4,84,0,154,160,26,36,13,26,15,0,10,0,3,0,3,24,466,0,12,33,120,255,221,386,227,54,57,56,58,50,20,88,1635,0,0,0,3,0,0,11,48,19,34,73,22,24,19,0,256,0,0,0,0,44,115,96,188,70,70,76,36,71,47,33,848,0,12,9,4,4,9,3,4,0,0,0,0,3,0,0,50,0,0,0,8,8,6,6,5,0,4,0,0,0,0,0,43
CED235,12,17,7,3,4,3,16,296,11,887,2281,1456,169,87,70,72,29,27,26,34,20,13,384,5570,0,3,0,3,8,8,40,34,0,3,0,3,0,3,3,103,0,0,0,0,7,14,50,61,3,0,4,6,0,0,3,151,0,4,21,279,337,355,213,143,19,23,17,4,20,3,58,1496,0,3,14,31,120,227,143,160,29,27,66,66,45,25,36,985,0,214,377,140,62,9,0,0,0,0,0,3,0,0,24,833,0,42,50,6,19,7,10,9,3,0,3,0,0,0,4,158,0,0,18,54,170,204,407,297,107,115,120,97,74,48,81,1790,0,0,0,6,10,55,125,167,31,59,84,63,62,40,20,722,0,0,3,28,168,474,368,361,56,83,85,86,61,35,53,1867,0,7,34,25,66,57,19,6,0,0,5,3,4,0,3,235,0,0,0,11,8,45,72,56,10,11,8,10,22,8,4,270
CED236,4,7,5,13,4,0,5,186,0,35,32,29,0,0,10,5,6,0,0,0,0,0,17,128,0,4,0,4,0,0,13,9,0,3,0,0,5,0,4,42,0,0,0,0,0,0,22,13,3,0,3,19,21,20,20,114,0,0,0,3,11,0,0,0,0,0,0,0,0,0,3,21,0,0,6,13,15,9,14,18,6,3,3,0,6,5,4,103,0,27,44,19,5,0,0,4,0,0,0,0,0,0,8,101,0,224,188,42,29,8,27,9,0,0,3,0,0,0,25,563,4,9,27,116,259,233,465,267,51,50,51,33,34,20,89,1713,0,0,0,0,0,0,3,13,0,7,3,0,0,0,3,38,0,0,0,4,36,71,71,99,20,43,48,29,47,37,30,540,0,8,5,0,12,6,0,3,0,0,0,0,0,0,3,44,0,0,0,8,4,3,9,9,0,0,6,0,0,0,3,39
CED237,39,29,37,12,17,8,10,510,56,1712,3337,1666,182,69,81,85,29,71,91,78,75,30,393,7968,0,4,4,7,14,42,108,90,11,14,13,3,22,14,30,365,0,0,0,0,3,22,76,77,15,15,14,11,16,10,14,285,0,12,63,576,709,465,304,197,32,41,46,48,38,22,114,2660,0,0,9,31,125,143,184,161,26,49,70,36,60,37,25,952,5,280,348,120,43,16,6,0,0,0,0,0,0,0,27,843,0,38,38,13,17,11,26,27,3,0,3,13,8,15,5,219,0,6,14,79,247,323,670,568,170,205,176,176,138,67,110,2957,0,0,0,3,14,81,335,670,257,306,312,357,402,241,92,3073,0,0,4,25,114,247,142,191,45,42,59,100,93,55,41,1162,3,57,68,25,93,82,23,22,8,9,9,3,4,3,18,426,0,0,8,17,40,40,78,48,11,15,13,14,13,9,12,312
CED297,0,0,0,0,0,0,0,0,0,0,0,0,0,0,0,0,0,0,0,0,0,0,0,0,0,0,0,0,0,0,0,0,0,0,0,0,0,0,0,0,0,0,0,0,0,0,0,0,0,0,0,0,0,0,0,0,0,0,0,0,0,0,0,0,0,0,0,0,0,0,0,0,0,0,0,0,0,0,0,0,0,0,0,0,0,0,0,5,0,0,0,0,0,0,0,0,0,0,0,0,0,0,0,0,0,0,0,0,0,0,0,0,0,0,0,0,0,0,0,3,0,0,0,0,0,0,3,0,0,0,0,0,0,0,0,4,0,0,0,0,0,0,0,0,0,0,0,0,0,0,0,0,0,0,0,0,0,0,0,0,0,0,0,0,0,0,0,6,0,0,0,0,0,0,0,0,0,0,0,0,0,0,0,0,0,0,0,0,0,0,0,0,0,0,0,0,0,0,4,4
CED301,16,13,7,8,0,0,8,220,3,29,24,16,0,0,4,0,0,0,0,3,0,3,8,90,0,0,0,0,0,7,27,11,8,3,0,3,3,3,3,84,0,0,0,0,0,7,27,37,14,4,12,4,17,14,14,150,0,0,0,3,0,0,0,0,0,0,0,0,0,0,0,10,0,0,35,84,59,34,28,14,5,3,4,3,4,7,20,307,0,29,17,5,10,0,3,3,0,0,0,0,0,0,0,70,0,139,157,66,58,20,17,7,0,0,3,0,0,0,22,490,0,13,39,256,743,955,1366,1173,342,412,288,243,181,68,304,6384,0,0,0,0,0,4,26,14,0,3,0,0,5,3,6,70,0,0,3,0,97,159,158,344,94,88,66,68,85,55,47,1255,0,13,5,7,26,16,6,6,3,0,0,0,0,3,5,101,0,0,9,20,10,8,28,12,0,4,3,3,0,3,0,104
CED302,48,45,40,13,7,6,11,650,11,123,183,83,12,8,16,16,3,5,3,3,4,4,23,494,0,3,3,4,19,52,99,60,17,8,13,7,19,13,30,345,0,0,0,0,13,81,290,381,60,60,85,42,70,48,36,1157,0,0,5,28,22,9,14,5,0,0,0,0,0,0,0,94,0,3,25,54,138,150,113,178,15,38,33,32,36,9,22,858,0,12,18,6,5,0,0,0,0,7,0,0,0,0,3,55,0,101,72,40,26,11,14,26,3,7,0,0,0,0,11,326,9,13,48,312,939,1142,1692,1268,387,302,235,172,171,90,221,7011,0,0,0,0,4,7,32,54,10,21,16,19,20,13,5,204,0,0,0,19,136,375,290,318,62,48,54,49,42,15,40,1456,0,19,15,13,59,49,16,19,4,3,3,3,9,0,7,216,0,3,8,34,42,57,99,86,17,11,13,5,11,3,13,396
CED303,27,14,11,17,5,4,8,427,0,98,86,38,6,7,17,20,0,11,0,0,4,0,13,301,0,0,0,4,7,13,50,30,3,4,3,4,6,3,8,128,0,0,0,0,8,17,21,35,4,4,0,0,6,0,4,100,0,0,0,10,9,3,4,7,0,0,0,0,0,0,0,36,0,0,19,51,44,41,24,27,4,0,0,3,11,0,3,230,0,38,29,17,7,10,7,0,0,0,0,0,0,0,0,102,0,203,181,52,70,32,45,11,3,4,0,7,0,0,18,628,8,23,86,370,1154,1494,2079,1334,293,276,172,124,103,61,220,7799,0,0,0,0,0,3,6,3,3,8,0,3,3,0,0,34,0,0,3,12,104,146,119,231,27,23,31,27,29,21,21,802,0,26,13,3,65,37,17,18,0,0,0,0,0,0,4,192,0,0,13,25,20,20,29,11,3,7,0,0,0,0,5,130
CED304,62,60,38,23,32,18,15,789,15,207,354,165,31,20,40,42,20,44,49,68,69,38,53,1214,0,3,3,9,19,52,166,142,30,46,57,78,118,137,124,985,0,0,0,4,18,75,233,342,86,132,127,163,193,236,226,1832,0,0,0,10,4,13,7,11,3,0,0,0,4,4,0,58,0,0,17,54,81,137,120,131,19,35,55,66,85,76,37,919,0,7,13,6,3,0,4,0,0,0,3,0,0,3,0,45,0,57,38,29,51,21,42,37,12,17,9,9,13,14,9,362,7,16,69,307,810,891,1122,752,214,189,152,156,134,75,154,5055,0,0,0,0,3,7,11,26,10,14,7,24,37,18,3,165,0,0,0,12,93,237,139,245,49,53,47,66,90,64,39,1126,0,20,16,17,72,72,36,30,10,15,5,4,13,3,8,310,0,0,9,28,45,48,96,79,23,28,44,62,43,61,22,583
CED305,14,26,7,20,0,0,5,198,0,32,29,17,6,5,4,6,0,3,3,0,0,0,8,119,0,3,0,3,0,9,17,20,0,0,3,6,3,0,3,70,0,0,0,0,4,4,20,35,4,8,7,8,4,5,3,94,0,0,0,3,0,0,0,0,0,0,0,0,0,3,0,15,0,0,15,21,25,6,15,20,0,11,10,3,0,7,3,143,4,54,37,12,4,0,0,0,0,0,0,0,0,0,8,125,0,100,74,40,21,10,10,10,3,0,0,0,3,0,8,279,3,15,43,280,605,555,644,528,150,151,97,69,28,33,145,3339,0,0,0,4,0,0,7,8,9,5,24,10,5,0,0,70,0,0,0,10,99,157,121,354,79,132,127,109,87,47,65,1391,0,3,0,3,4,3,0,10,0,0,0,3,0,0,3,35,0,0,0,10,4,4,8,10,0,0,0,4,8,3,4,49
CED306,21,37,12,5,5,16,17,286,24,225,200,57,20,3,10,3,5,9,6,18,26,13,49,662,0,0,0,0,0,12,28,17,3,3,4,14,36,23,39,179,0,0,0,0,3,12,36,60,5,12,4,32,59,35,70,326,0,0,0,0,3,0,0,3,0,0,0,0,0,0,3,15,0,0,8,23,33,23,20,24,4,12,8,12,15,12,7,215,14,120,44,26,13,3,3,0,0,3,0,0,0,0,9,229,0,107,101,41,58,23,29,26,0,8,5,3,3,6,7,421,4,17,69,386,729,592,775,612,259,176,101,92,72,43,166,4088,0,0,0,0,0,0,16,21,5,12,0,0,7,4,3,64,0,0,0,11,116,164,154,566,143,182,149,155,122,46,58,1866,0,7,8,3,20,14,12,13,3,4,3,0,0,0,0,83,0,0,3,9,9,7,16,6,0,4,0,0,0,4,7,63
CED307,4,24,13,3,3,0,3,392,4,55,98,81,16,7,11,9,0,10,0,11,0,3,9,325,0,3,5,5,9,25,63,23,4,4,4,4,8,3,3,154,0,0,0,0,3,7,31,28,3,3,0,4,3,3,3,84,0,0,0,6,4,3,0,3,0,0,0,0,0,3,0,22,0,0,40,49,47,50,29,19,0,4,3,0,0,0,8,252,0,21,10,8,3,0,0,0,0,0,0,0,0,0,0,40,0,106,90,43,57,28,64,20,0,5,5,0,4,0,7,446,3,19,47,285,887,1126,1434,964,274,220,178,114,79,54,167,5855,0,0,0,0,0,4,12,3,0,0,3,3,0,0,3,35,0,0,7,16,92,256,194,294,44,45,30,30,25,22,25,1083,0,9,4,5,41,43,17,16,0,0,3,3,0,0,3,153,0,0,8,43,16,20,32,17,0,3,0,3,0,0,6,154
CED308,26,28,7,21,4,8,12,393,3,96,111,72,18,15,20,20,3,8,3,6,0,3,13,387,0,3,3,9,22,217,299,136,22,20,18,14,20,19,23,832,0,0,0,3,22,109,257,263,25,37,36,35,38,21,32,879,0,3,9,22,16,15,3,4,0,0,0,0,9,0,3,86,0,0,21,41,66,76,123,73,7,20,9,14,19,8,17,502,0,60,59,27,11,8,0,0,0,0,0,0,0,0,3,166,0,161,132,58,47,32,50,30,3,3,4,0,5,0,21,549,13,23,124,541,1697,2536,3907,3331,768,713,568,499,325,232,525,15800,0,0,3,0,5,21,57,34,22,14,19,19,7,14,10,236,0,0,3,23,163,339,294,228,38,49,48,47,52,33,38,1355,0,19,17,20,65,58,21,28,0,3,0,9,3,0,7,246,3,0,4,21,26,42,98,60,8,13,7,13,18,4,14,326
CED309,26,20,26,3,10,7,18,367,3,56,73,37,13,9,9,17,3,6,7,4,5,7,20,270,0,0,0,0,6,18,61,23,4,6,9,11,9,5,3,172,0,0,0,3,0,11,21,43,17,19,14,15,42,19,14,228,0,0,4,6,4,0,7,0,0,0,3,0,0,0,0,27,0,6,26,44,35,23,35,14,3,9,3,10,8,4,8,225,0,41,18,17,5,8,0,0,0,0,0,0,0,0,0,89,3,205,165,74,73,23,61,36,3,18,7,8,7,0,15,703,10,37,146,517,1204,1241,1549,1036,240,207,147,105,81,52,222,6791,0,0,0,0,4,0,10,18,7,8,5,3,0,4,8,60,0,0,3,11,76,136,97,117,18,24,19,46,46,22,23,638,0,13,12,9,30,25,14,15,0,0,8,3,5,3,5,145,0,0,4,25,27,8,20,11,7,9,0,3,0,0,4,117
CED310,12,32,3,3,3,3,3,366,5,69,78,43,9,7,12,14,4,4,5,15,4,0,13,294,0,6,0,3,6,27,47,28,10,8,5,6,12,15,15,194,0,0,0,0,0,4,29,39,8,6,18,18,36,7,15,172,0,0,3,5,0,3,0,0,0,0,0,0,0,0,0,18,4,0,16,36,42,18,17,13,3,3,3,6,7,3,20,184,0,36,24,6,12,0,3,0,0,0,0,0,0,0,5,93,3,196,138,62,78,29,48,50,3,0,9,4,3,4,15,637,12,15,112,458,1096,1188,1461,1032,190,201,160,106,113,62,216,6439,0,0,0,0,3,0,0,9,0,0,0,3,0,0,0,19,0,0,0,7,54,90,73,117,20,22,30,38,36,14,19,533,0,15,20,9,39,10,10,9,0,11,3,0,6,3,4,141,3,0,13,17,8,16,11,7,0,0,6,3,6,0,3,103
CED311,18,37,4,11,7,4,3,228,3,41,24,17,3,0,5,8,3,3,4,3,17,12,10,160,0,0,0,0,3,3,13,9,0,0,0,3,4,5,7,48,0,0,0,0,0,4,23,23,0,9,7,15,59,19,17,174,0,0,0,4,0,0,0,0,0,0,0,0,0,0,0,9,0,0,16,21,22,18,15,16,3,6,12,10,7,6,4,159,0,21,9,10,0,0,0,0,0,0,0,0,0,0,0,45,0,147,122,52,15,17,26,13,0,5,0,0,3,0,10,418,3,10,56,338,872,732,890,791,261,213,204,90,68,31,173,4735,0,0,0,0,0,3,4,9,4,9,4,6,10,0,0,45,0,0,0,10,107,147,135,427,122,147,147,145,106,58,58,1613,0,4,5,3,13,16,3,10,0,0,0,3,0,0,3,73,0,0,3,12,5,6,6,9,0,6,3,4,0,0,3,60
CED312,16,7,13,0,0,5,4,322,3,43,59,57,3,11,13,6,0,0,0,0,4,0,20,229,0,0,0,3,8,43,90,38,6,7,5,9,4,7,11,228,0,0,0,0,8,36,120,149,17,5,10,11,10,4,10,387,0,0,4,14,33,10,19,4,0,0,0,0,0,3,0,85,0,0,10,45,66,49,57,66,8,9,10,10,4,6,25,372,0,34,23,20,6,3,0,0,0,3,0,0,0,0,3,91,0,162,200,57,84,25,33,23,0,3,3,4,0,0,25,613,3,10,79,390,1589,2167,3310,3178,716,810,579,422,369,205,544,14376,0,0,0,3,7,4,48,43,19,16,26,16,9,8,0,194,0,0,3,17,147,301,261,325,44,63,66,43,48,36,38,1396,0,13,7,15,69,45,19,17,3,3,6,4,4,0,3,211,0,0,4,19,19,35,57,21,5,4,0,0,0,0,7,169
CED313,121,72,57,46,50,18,29,1001,14,115,186,84,24,20,27,40,12,21,40,40,57,27,46,739,0,6,0,7,12,66,174,116,33,36,32,49,65,44,75,715,0,0,0,9,23,66,203,299,46,79,97,95,137,103,88,1246,0,0,8,26,13,22,6,6,8,0,3,3,0,3,3,110,0,0,17,60,73,111,135,139,28,53,46,62,87,46,15,885,0,10,15,3,0,4,0,0,0,0,0,0,0,0,0,40,0,58,59,29,35,13,40,35,4,18,12,21,18,16,7,362,3,10,64,295,795,917,1153,836,221,172,156,132,133,69,128,5061,0,0,0,7,3,11,16,34,13,22,24,27,18,17,6,190,0,3,0,10,129,237,135,189,52,54,54,53,67,32,45,1067,3,15,7,9,64,48,28,21,3,9,8,4,10,3,6,252,0,0,3,27,24,39,81,62,15,21,16,23,20,36,12,393
CED314,17,11,4,8,3,0,6,183,0,29,26,20,3,0,0,4,0,0,9,8,12,0,8,121,0,3,0,0,0,3,25,19,0,6,8,5,8,3,8,92,0,0,0,0,0,9,43,65,15,14,5,11,20,15,8,220,0,5,0,3,0,3,0,0,0,0,0,0,0,0,0,13,3,0,18,25,28,24,48,48,14,15,9,8,11,6,12,267,0,8,4,7,0,0,0,3,0,0,0,0,0,0,0,24,0,114,105,33,25,13,15,11,0,3,0,0,0,3,8,333,3,12,45,172,463,414,455,241,89,65,63,19,23,14,72,2155,0,0,0,0,0,8,3,38,0,17,39,32,26,13,5,184,0,0,0,3,53,131,122,300,59,81,76,63,56,29,32,1005,0,7,7,0,11,13,3,8,0,3,0,0,0,0,3,54,0,0,10,21,4,10,39,18,3,6,9,17,14,7,9,152
CED315,30,16,11,6,3,0,3,269,10,92,113,57,19,10,12,20,3,9,6,7,10,0,25,382,0,3,0,0,3,14,24,26,5,3,0,12,8,3,3,107,0,0,0,0,8,10,33,55,18,6,17,20,7,10,9,189,0,0,0,4,4,0,3,0,0,0,0,0,0,0,3,13,0,0,56,56,36,24,25,46,12,14,5,9,11,10,19,316,0,22,16,5,6,0,0,0,0,0,0,0,0,0,3,58,0,80,92,41,36,13,33,19,3,5,3,5,3,0,8,332,9,11,54,302,751,676,750,506,121,154,112,63,64,38,149,3746,0,0,0,0,0,0,6,23,3,15,6,11,3,6,0,75,0,0,0,14,122,236,157,516,99,94,75,66,62,32,42,1524,0,10,11,6,16,17,9,17,0,0,0,3,0,0,8,90,0,0,5,28,10,17,13,14,0,3,0,3,3,0,7,110
CED316,3,3,0,11,5,7,12,212,4,106,105,62,11,3,17,10,0,3,0,7,13,22,30,399,0,0,3,0,0,5,18,9,4,0,0,3,19,8,29,101,0,0,0,0,0,3,26,31,5,14,9,7,22,24,29,169,0,0,0,4,0,0,0,0,0,0,0,0,0,0,3,8,0,0,20,35,25,25,17,33,0,3,5,0,10,5,8,189,0,57,44,24,4,0,0,0,0,0,0,0,0,0,4,142,0,265,188,71,68,21,34,9,0,0,0,5,3,0,22,696,3,23,94,400,869,767,657,415,73,74,52,42,44,26,150,3687,0,0,0,0,0,0,8,20,3,8,4,3,8,3,0,65,0,0,4,11,147,194,160,142,14,28,42,51,46,8,30,872,0,16,9,6,22,5,0,10,0,3,0,0,3,0,0,74,0,0,0,15,9,7,8,6,4,0,0,0,4,0,3,59
CED317,9,12,9,3,21,12,7,247,85,541,585,136,16,17,15,11,0,11,11,16,19,14,85,1559,0,0,0,0,0,23,48,46,8,14,6,15,31,17,35,254,0,0,0,0,7,4,11,20,11,11,4,10,24,15,42,147,0,0,0,3,0,0,0,0,0,0,0,0,0,0,0,9,3,0,19,25,21,18,14,18,0,3,4,0,8,3,5,141,3,63,27,13,3,6,0,0,0,0,0,0,0,0,7,121,0,177,147,60,40,19,14,13,4,0,0,0,7,14,14,513,4,20,98,435,720,601,605,421,148,156,99,67,57,42,156,3625,0,0,0,3,0,6,7,8,4,4,0,8,3,0,0,46,0,0,0,11,145,217,164,360,56,59,55,82,82,29,66,1334,0,9,7,6,41,12,4,8,6,0,0,0,0,0,0,90,0,0,6,15,6,4,3,0,0,0,0,0,0,0,0,39
CED318,10,10,19,10,20,17,15,448,17,147,212,76,14,13,36,45,14,31,32,26,36,14,54,771,0,3,3,15,24,232,620,363,57,62,45,50,39,44,143,1712,0,0,0,0,11,25,137,252,62,76,83,53,63,87,89,941,0,3,3,6,9,3,0,0,0,0,0,0,0,0,0,23,3,0,22,56,65,53,48,41,4,10,14,15,9,10,8,359,0,38,31,12,9,4,4,0,0,0,0,0,3,3,3,112,0,139,166,81,92,47,83,50,13,14,6,7,8,13,16,750,11,23,120,513,1047,1048,1061,687,174,153,124,87,84,66,208,5419,0,0,0,0,4,3,15,13,4,6,6,4,3,3,0,70,0,0,5,21,190,368,336,411,96,92,79,89,68,48,58,1866,3,16,18,3,64,33,25,22,3,3,0,6,5,0,10,218,0,0,12,32,20,30,25,11,4,3,5,3,8,0,5,164
CED319,60,26,18,11,20,13,14,573,17,267,388,180,42,21,29,16,6,10,6,24,7,7,34,1060,0,5,0,7,3,35,110,86,19,14,10,13,22,10,17,348,0,0,0,0,12,23,122,209,27,38,28,23,33,21,15,547,0,0,0,9,11,3,8,5,0,0,0,0,0,0,0,39,3,0,31,62,74,77,94,83,9,15,20,21,11,12,16,529,0,17,24,11,8,3,7,3,0,0,0,6,0,0,3,73,0,80,74,34,30,15,21,23,3,10,9,0,5,0,15,325,18,28,71,295,891,1047,1386,977,215,289,133,139,139,86,190,5908,0,0,0,0,5,4,19,32,10,14,14,11,18,11,11,146,0,0,4,17,192,446,297,596,143,114,135,93,109,35,59,2237,3,17,20,9,49,55,25,17,6,0,8,4,4,6,12,233,0,0,6,34,30,22,54,36,4,12,8,10,6,0,5,226
CED320,4,9,4,0,7,0,13,298,3,76,66,55,3,3,6,14,0,0,0,0,8,0,10,244,0,0,0,3,3,9,25,25,3,3,0,3,15,29,29,149,0,0,0,0,0,4,39,54,18,19,28,43,78,73,47,401,0,0,3,5,3,0,3,3,0,0,0,0,0,0,3,22,0,3,26,54,20,22,13,19,0,4,11,0,10,3,13,196,0,39,36,5,3,4,3,0,0,0,0,0,0,0,0,89,0,191,132,49,70,34,38,36,0,3,5,5,0,5,8,570,17,22,62,396,1135,1385,1602,1235,323,315,183,138,96,53,276,7236,0,0,0,0,3,0,3,3,3,4,0,3,0,0,0,26,0,0,3,20,140,240,160,222,85,55,38,39,45,12,44,1108,0,17,11,4,31,31,13,4,0,3,0,5,0,0,0,124,0,0,4,26,12,11,16,9,0,0,0,0,0,0,0,91
CED321,23,24,8,4,3,0,9,234,6,107,92,25,7,6,0,4,0,4,0,0,0,0,21,284,0,0,0,0,3,5,7,3,0,0,3,0,7,0,3,30,0,0,0,0,3,3,12,21,0,10,14,7,20,10,19,120,3,0,0,6,0,0,0,0,0,0,0,0,0,0,0,12,0,0,10,14,16,10,12,13,3,0,0,0,3,0,10,88,0,20,14,0,0,6,0,0,0,0,0,0,0,0,5,40,0,146,131,36,47,15,18,4,0,0,4,0,4,0,10,425,3,16,53,243,619,448,439,281,85,53,56,33,20,14,134,2497,0,0,0,0,0,0,0,10,3,3,5,0,8,0,0,31,0,0,0,10,74,123,122,378,124,118,125,116,69,41,63,1356,0,3,8,6,7,8,0,3,0,0,0,0,3,0,0,44,0,0,4,14,4,7,10,8,0,0,0,0,0,0,0,50
CED322,14,3,4,0,9,0,16,410,4,91,110,78,17,20,20,20,7,3,11,10,7,5,31,431,0,4,4,12,22,185,377,204,54,57,47,22,15,26,43,1082,0,0,0,3,19,62,128,127,22,3,32,20,22,19,19,474,0,10,9,18,12,13,3,0,0,0,0,0,0,0,4,74,3,3,20,62,50,84,77,54,21,16,12,26,25,18,8,485,0,74,50,19,3,0,0,0,3,0,0,0,0,0,11,169,0,187,133,44,45,27,56,33,3,3,0,6,0,0,17,554,9,30,120,441,1304,1713,2473,1618,365,288,210,169,145,101,312,9311,0,0,0,0,0,4,13,6,3,6,5,6,3,3,0,53,0,0,8,28,115,233,180,138,31,42,38,36,55,23,28,953,0,31,26,12,85,38,31,23,3,3,5,4,0,0,3,269,0,3,8,35,15,29,46,24,5,5,10,7,0,3,5,195
CED323,25,18,23,27,15,15,22,454,5,236,330,161,38,34,39,32,11,21,17,40,30,18,49,1052,0,6,5,19,72,374,547,333,68,86,81,101,101,123,177,2090,0,0,0,4,36,136,328,360,73,108,94,104,138,130,85,1591,0,0,12,44,25,11,4,4,0,0,0,3,0,0,4,108,8,0,15,55,78,89,84,85,11,25,27,26,33,26,32,586,0,58,60,22,8,0,0,0,0,0,0,0,0,0,4,156,0,202,144,56,52,28,35,16,4,4,0,5,11,5,24,589,11,34,161,585,1665,2123,2911,1929,508,423,340,295,263,179,519,11941,0,3,3,0,4,0,17,16,4,9,9,10,13,13,5,108,0,3,9,34,168,332,266,225,59,75,53,64,81,61,57,1490,8,48,39,34,96,76,39,26,5,4,3,7,8,0,8,402,3,3,11,26,27,50,64,33,3,3,3,18,11,16,16,286
CED324,24,15,15,13,6,9,10,331,0,84,102,41,12,12,24,29,4,10,14,11,11,6,21,384,0,3,7,9,3,74,206,103,21,30,22,36,35,22,43,617,0,0,0,7,36,195,680,948,188,235,227,197,253,149,162,3280,0,0,3,27,17,19,19,8,0,0,0,0,4,0,4,96,0,3,20,80,235,359,366,328,72,58,73,112,92,49,40,1892,0,20,14,4,4,0,0,0,0,0,0,0,0,0,0,38,0,98,65,19,34,19,18,23,0,0,0,4,10,0,8,317,8,7,42,230,688,762,1201,748,183,176,154,98,71,55,157,4588,0,0,3,3,17,36,128,196,53,64,122,122,116,88,34,980,0,3,0,12,152,360,272,379,91,78,78,63,59,30,38,1613,0,39,10,15,66,63,22,19,3,4,6,3,8,0,8,263,0,0,6,20,44,71,130,78,17,13,18,12,20,14,10,459
CED325,14,20,3,9,3,0,13,301,9,58,69,40,0,9,13,6,9,3,5,6,3,0,20,251,0,3,3,4,9,45,79,47,3,8,9,8,6,4,15,250,0,0,0,0,16,74,138,201,30,15,16,11,25,9,16,551,0,3,9,32,12,27,10,5,4,0,0,0,0,0,0,106,0,0,27,78,142,180,134,121,32,16,19,25,19,12,33,824,0,29,23,10,8,4,0,3,0,0,0,0,0,0,0,83,0,135,142,63,55,23,35,24,3,0,0,3,0,0,19,506,0,13,38,234,792,1320,2501,2170,477,547,516,312,311,125,487,9843,0,0,0,4,4,12,47,49,8,9,23,12,15,4,0,186,0,0,3,14,154,415,370,622,83,114,71,85,83,37,59,2119,0,28,14,13,89,76,29,19,6,4,3,0,5,0,10,298,0,0,9,28,28,59,103,68,8,6,14,4,5,0,13,359
CED326,26,28,14,0,13,3,11,458,7,103,127,71,13,16,15,7,4,3,12,12,4,3,35,424,0,0,9,3,7,24,56,58,10,7,6,3,6,0,20,208,0,0,0,0,3,19,63,103,15,12,9,18,12,6,3,261,0,3,3,18,6,3,3,0,0,0,0,0,0,0,0,37,0,0,27,53,56,55,72,65,23,14,6,6,13,5,9,398,0,29,26,15,5,0,10,4,0,4,0,0,0,0,3,91,0,174,122,52,32,30,41,29,10,0,4,8,3,0,16,515,10,19,65,340,1105,1503,2278,2032,535,571,427,279,244,143,342,9894,0,0,0,0,4,10,27,26,11,14,8,9,0,4,0,112,0,0,0,22,196,456,348,720,113,119,101,99,87,46,50,2356,0,16,10,9,31,29,16,21,6,3,6,7,0,0,4,153,0,0,11,35,17,31,40,37,6,7,4,12,9,3,6,204
CED327,16,15,11,7,5,0,8,305,0,44,74,52,16,5,7,5,0,3,0,3,3,0,11,230,0,0,0,0,9,33,98,41,14,12,15,6,18,0,9,254,0,0,0,3,15,97,372,517,92,66,49,54,76,33,41,1415,0,0,4,30,42,40,43,18,4,0,3,3,0,3,9,221,0,0,10,63,111,230,300,294,56,61,73,45,28,15,24,1308,0,21,35,19,7,0,6,0,0,0,0,0,0,0,3,82,0,111,109,44,48,11,16,0,0,0,0,4,4,0,13,364,3,10,45,273,1317,2013,3600,2902,587,724,603,421,366,198,506,13572,0,0,0,12,28,32,216,237,45,86,141,74,81,31,23,997,0,0,3,29,230,560,395,591,88,76,97,94,75,38,62,2341,0,13,8,9,73,65,35,12,0,0,0,3,3,0,8,221,0,0,6,27,38,61,111,96,0,13,9,5,3,4,7,388
CED328,47,34,16,9,11,8,6,619,7,68,69,54,13,20,25,31,11,11,9,17,6,15,9,369,0,8,5,14,21,92,175,72,22,23,32,17,50,42,32,592,0,0,0,3,15,61,180,192,50,68,79,49,50,53,23,829,0,5,3,6,0,12,0,7,0,0,4,0,7,0,0,47,3,6,43,127,142,178,137,188,35,57,84,199,277,228,35,1742,0,15,3,8,0,3,0,0,0,0,0,0,0,0,0,29,0,88,85,38,41,44,76,59,7,15,0,6,9,3,16,492,9,26,86,295,683,658,911,624,125,103,114,77,63,62,105,3936,0,0,0,7,0,6,18,19,6,7,11,26,18,29,9,160,0,0,3,14,74,146,109,144,28,25,48,40,32,23,11,706,0,22,7,0,57,55,32,27,3,0,4,3,14,3,5,230,3,3,8,49,33,62,150,123,33,42,70,121,170,167,40,1079
CED329,6,9,3,0,3,0,9,207,3,43,44,32,12,4,16,17,3,3,10,5,9,0,15,214,0,4,0,0,3,14,39,28,3,3,8,4,3,3,8,112,0,0,0,0,4,10,8,15,3,3,0,3,9,5,4,64,0,0,0,4,0,0,0,0,0,0,0,0,0,0,0,9,3,4,19,41,21,14,23,10,7,3,0,0,3,0,6,147,0,35,26,6,11,0,0,0,0,0,0,0,0,0,9,90,0,190,167,66,57,34,49,42,3,3,9,11,0,0,30,663,12,26,113,502,980,820,815,389,90,88,63,60,43,26,186,4220,0,0,0,0,0,0,0,0,4,0,0,0,0,0,0,14,0,0,0,11,96,153,121,127,28,24,25,16,28,6,30,667,0,13,10,3,34,10,15,7,4,0,0,0,0,0,0,93,0,0,4,17,12,13,15,6,0,0,0,0,3,3,3,77
CED330,13,10,3,3,3,9,10,283,3,41,35,35,4,4,8,3,0,0,0,0,11,11,6,172,0,3,4,0,4,60,82,29,12,3,6,11,19,27,31,294,0,0,0,0,3,27,54,48,6,6,11,13,52,42,29,307,0,0,0,8,3,3,0,0,0,0,0,0,0,0,3,15,0,0,24,48,23,26,21,18,3,6,4,7,6,4,6,212,0,24,29,18,5,0,0,0,0,0,0,0,0,0,3,83,0,163,157,72,93,25,64,31,4,0,4,0,8,5,12,635,7,22,66,397,1303,1474,1621,880,191,133,103,79,55,28,241,6598,0,0,0,0,0,5,5,15,3,6,6,3,3,0,0,43,0,0,0,7,61,118,90,102,17,15,22,24,27,8,20,517,0,7,10,5,39,42,16,14,0,0,0,0,3,0,5,149,0,3,4,20,9,11,39,24,6,3,11,0,6,6,3,153
CED397,0,0,0,0,0,0,0,0,0,3,4,4,0,0,0,0,0,0,0,0,0,0,0,10,0,0,0,0,0,0,0,0,0,0,0,0,0,0,0,0,0,0,0,0,0,0,0,0,0,0,0,0,0,0,0,0,0,0,0,0,0,0,0,0,0,0,0,0,0,0,0,0,0,0,0,0,3,0,0,0,0,0,0,0,0,0,0,3,0,6,0,0,0,0,0,0,0,0,0,0,0,0,0,6,0,3,4,0,3,0,0,0,0,0,0,0,0,0,0,9,0,0,3,4,12,14,21,11,0,4,0,3,0,0,11,91,0,0,0,0,0,0,0,0,0,0,0,0,0,0,0,0,0,0,0,0,3,3,0,7,0,0,0,0,0,0,0,15,0,0,0,0,0,0,0,0,0,0,0,0,0,0,0,0,0,0,0,0,0,0,0,0,0,0,0,0,0,0,0,0
CED401,11,16,13,0,3,9,9,329,15,544,1067,357,45,19,25,22,15,28,24,18,17,18,94,2323,0,6,4,7,10,34,88,58,16,19,18,26,37,18,30,371,0,0,0,0,10,45,135,298,55,46,53,49,53,49,45,849,0,4,6,44,21,29,30,3,6,3,0,7,3,4,8,161,3,0,23,81,161,203,263,340,78,112,124,195,257,251,56,2143,0,47,52,24,15,3,7,0,0,0,0,0,0,0,11,161,0,91,137,41,20,5,33,20,11,6,5,3,3,4,13,388,9,16,57,166,260,230,231,141,45,67,39,33,32,34,53,1414,0,0,0,6,3,7,31,112,43,114,128,101,139,61,30,774,0,0,4,9,115,193,160,259,66,64,91,79,96,52,22,1208,0,74,60,45,144,110,41,25,0,6,6,12,4,3,16,544,0,0,11,31,50,57,118,111,25,37,50,47,61,56,22,671
CED402,4,3,7,3,3,4,10,114,9,109,307,69,7,3,3,4,0,0,6,9,9,11,54,604,0,3,0,0,0,4,6,8,5,3,0,3,8,0,3,40,0,0,0,0,0,3,6,17,0,0,12,4,17,20,5,92,4,3,0,7,10,3,0,0,3,0,0,0,0,0,0,35,0,0,7,13,11,3,15,25,3,3,4,7,15,8,6,128,0,3,11,7,0,0,0,0,0,0,0,0,0,0,0,26,3,265,212,56,30,8,32,16,3,0,0,0,3,0,28,647,3,12,25,105,197,196,313,185,57,28,47,25,43,7,72,1316,0,0,0,0,0,0,0,5,3,28,20,12,18,0,5,105,0,0,0,5,54,88,107,310,68,92,105,115,50,38,52,1091,0,20,10,10,19,11,3,0,0,0,0,0,0,0,6,78,0,0,0,8,5,3,3,3,0,0,0,0,0,0,0,26
CED403,26,28,8,20,3,0,10,428,18,220,314,104,16,11,14,21,0,3,4,9,6,3,27,776,0,4,3,8,3,31,46,46,12,7,3,9,8,24,9,224,0,0,4,3,17,21,83,125,30,46,23,11,30,13,9,416,3,3,12,68,43,17,24,14,0,8,7,0,0,3,3,209,0,4,23,69,90,118,102,99,49,35,32,22,49,28,20,745,0,39,26,10,6,0,0,0,0,0,0,0,0,0,7,89,3,187,260,85,48,13,33,43,6,4,0,3,4,6,29,712,7,13,46,149,264,247,209,115,22,25,26,9,23,7,26,1182,0,0,4,4,0,5,57,61,16,10,33,30,52,14,3,296,0,0,0,16,79,151,139,161,45,44,45,40,46,15,24,809,0,53,29,20,148,184,40,15,3,4,4,3,3,0,5,527,3,0,12,27,38,38,57,37,16,3,13,29,37,40,15,358
CED404,10,3,3,4,7,9,9,152,8,97,142,68,4,3,3,4,0,0,0,3,3,0,16,359,0,4,0,3,0,3,12,3,0,3,5,3,0,0,0,32,0,0,0,0,8,10,7,7,3,0,3,0,0,0,0,39,0,0,0,0,0,0,0,3,0,0,0,0,0,0,0,4,3,0,14,17,10,15,19,19,10,3,0,3,0,0,0,109,0,29,9,15,0,0,0,0,0,0,0,0,0,0,5,58,0,206,217,57,22,3,13,16,0,0,3,3,0,0,15,541,4,4,30,139,245,178,163,136,45,31,27,17,22,10,59,1104,0,0,0,0,0,0,12,17,3,0,5,12,4,3,11,73,0,0,0,0,92,88,92,192,51,62,68,50,61,28,41,833,0,14,17,5,18,13,3,3,0,0,0,3,3,0,6,91,0,0,5,5,3,3,11,0,0,0,0,0,0,0,0,29
CED405,55,29,21,9,3,4,8,437,36,769,1302,462,44,26,31,25,6,11,26,24,16,19,112,2901,0,3,0,4,6,20,51,39,5,8,6,4,16,20,13,199,0,0,0,0,13,22,56,108,10,17,15,18,17,14,10,298,0,9,16,28,30,20,26,17,3,0,0,12,0,0,6,156,0,0,5,51,72,98,142,165,30,32,20,49,68,42,16,793,0,81,85,22,13,0,0,0,0,0,0,0,0,0,3,218,0,107,139,44,18,11,20,12,9,3,0,8,8,8,16,401,0,6,24,104,221,203,159,136,37,43,21,24,17,11,52,1067,0,0,0,4,3,3,44,93,34,42,57,69,75,44,5,472,0,4,3,7,94,241,148,303,63,89,77,70,99,43,32,1275,0,67,56,30,144,119,42,22,5,11,10,15,5,0,20,529,0,0,6,21,18,30,46,40,6,3,9,9,12,4,0,224
CED406,23,14,10,0,0,0,8,365,0,76,121,82,6,16,11,7,0,3,0,4,3,4,15,346,0,0,0,0,6,4,27,18,7,0,0,4,0,5,4,82,0,0,0,0,10,6,22,21,0,7,5,0,0,6,0,88,0,3,12,26,34,25,31,5,0,0,0,0,0,0,7,149,0,0,10,27,31,38,35,30,8,9,4,3,0,0,3,206,0,38,31,19,3,3,0,3,0,0,0,0,0,0,0,100,0,190,357,97,47,19,22,12,3,5,16,0,0,6,25,798,3,6,28,128,344,350,270,127,32,35,14,13,14,12,55,1422,0,0,0,0,0,3,96,66,16,15,10,17,0,0,0,232,0,0,0,5,102,229,158,251,30,24,36,27,32,7,20,935,0,14,14,16,204,232,62,22,3,3,4,6,9,0,7,608,0,0,3,17,18,6,36,32,4,0,4,5,0,3,0,131
CED407,7,5,10,0,3,0,8,299,7,281,577,253,41,27,14,17,0,7,7,5,0,3,69,1297,0,3,0,0,3,14,25,20,3,3,3,0,0,12,3,92,0,0,0,5,20,23,83,137,22,13,16,3,23,12,5,362,0,5,12,57,45,37,41,25,12,0,3,3,0,3,4,248,0,0,12,44,42,71,106,123,16,34,31,25,30,19,19,576,0,79,84,40,11,10,0,0,0,0,0,0,0,0,7,228,3,172,287,56,23,12,14,15,0,0,0,0,0,0,13,600,0,4,22,98,202,199,175,82,25,30,20,18,13,9,43,942,0,0,0,3,3,8,32,86,35,41,69,72,42,24,13,415,0,0,4,3,127,272,193,393,59,57,69,60,71,27,42,1385,3,36,66,38,213,221,37,23,0,0,0,3,0,0,18,656,0,3,0,23,29,16,36,26,3,7,5,7,4,3,0,165
CED408,16,14,0,0,0,0,12,275,3,145,187,66,13,10,13,8,0,3,0,0,3,4,33,480,0,0,0,3,3,13,30,22,5,5,0,4,0,0,0,96,0,0,0,0,9,5,13,19,0,4,0,0,0,0,10,66,0,0,0,6,7,0,0,3,0,0,0,0,0,0,0,18,3,0,14,40,38,27,16,23,3,8,3,11,3,8,6,204,0,24,26,8,3,0,4,0,0,0,0,0,0,0,0,65,3,214,372,87,71,22,33,31,0,3,0,0,0,0,11,852,7,17,43,181,273,254,221,90,26,31,10,11,4,7,56,1236,0,0,0,0,4,0,7,0,0,0,0,0,0,0,0,8,0,0,3,0,27,47,46,94,15,23,38,35,31,6,23,402,0,17,14,15,42,42,14,3,0,0,0,0,4,0,3,156,0,3,6,20,8,7,19,6,3,3,3,6,0,3,6,100
CED409,15,17,9,6,0,4,10,281,18,631,1085,533,71,37,39,38,5,7,7,9,9,0,142,2643,0,3,0,0,3,8,29,20,0,0,3,8,8,0,7,88,0,0,0,0,12,14,20,29,4,6,9,7,7,3,6,117,0,0,6,26,30,21,27,26,5,0,0,0,3,4,6,159,0,0,4,23,40,55,73,99,22,22,33,22,29,12,18,457,0,75,71,38,12,4,3,3,0,3,0,0,0,0,16,218,0,98,196,47,17,4,18,18,3,0,0,0,0,3,5,405,8,0,27,103,249,229,260,166,40,32,23,26,14,5,35,1213,0,0,0,0,0,8,25,112,37,50,106,57,81,23,14,511,0,0,0,14,171,402,365,702,131,154,123,139,139,74,66,2483,4,116,102,64,275,215,43,45,4,0,15,3,0,3,40,926,0,0,8,10,12,12,24,30,3,10,4,0,0,6,3,117
CED410,12,14,9,11,0,0,5,289,46,1327,2930,878,139,57,58,29,9,29,20,25,32,9,244,5831,0,3,3,8,7,35,81,48,13,11,3,10,10,12,10,258,0,0,0,3,12,52,257,512,116,107,52,50,56,32,32,1289,3,23,29,60,56,63,39,12,0,13,6,3,3,3,7,330,3,3,29,130,243,398,343,390,91,102,106,115,96,86,28,2161,0,43,48,11,10,6,0,0,0,0,0,0,0,0,4,126,3,131,179,47,23,4,24,10,3,3,9,0,5,0,5,463,4,15,56,102,196,149,189,111,36,29,18,22,28,9,20,973,0,0,0,0,3,11,31,79,40,39,48,30,58,13,6,363,0,0,0,21,83,159,127,260,49,62,67,64,66,28,17,988,3,100,77,25,135,164,53,26,0,3,0,0,3,0,15,612,0,0,17,38,61,79,102,89,19,15,28,47,39,27,13,581
CED411,7,11,0,0,3,3,19,313,4,223,356,167,25,10,11,3,3,4,0,0,7,0,57,866,0,3,0,0,0,0,8,8,0,0,3,3,4,0,3,46,0,0,0,0,4,11,11,12,0,0,0,0,0,0,8,48,0,0,3,13,13,5,8,12,0,0,3,4,3,4,0,68,0,0,4,26,22,18,15,31,10,13,14,3,10,14,13,212,0,30,42,33,5,4,0,0,0,0,0,0,0,0,0,125,0,156,311,69,44,6,22,18,4,0,0,0,0,0,13,641,3,8,17,93,234,218,238,134,19,13,28,18,12,7,52,1092,0,0,0,0,0,0,10,40,24,15,55,25,21,8,3,206,0,0,3,10,84,163,142,279,44,54,44,75,74,19,38,1009,0,25,18,11,51,62,20,5,0,7,0,0,3,0,8,208,0,0,3,12,10,4,14,3,0,0,0,3,3,0,3,72
CED497,0,0,0,0,0,0,0,0,0,0,0,0,0,0,0,0,0,0,0,0,0,0,0,0,0,0,0,0,0,0,0,0,0,0,0,0,0,0,0,0,0,0,0,0,0,0,0,0,0,0,0,0,0,0,0,0,0,0,0,0,0,0,0,0,0,0,0,0,0,0,0,0,0,0,0,0,0,0,0,0,0,0,0,0,0,0,0,0,0,0,0,0,0,0,0,0,0,0,0,0,0,0,0,0,0,0,0,0,0,0,0,0,0,0,0,0,0,0,0,3,0,0,0,0,0,0,0,0,0,0,0,0,0,0,0,4,0,0,0,0,0,0,0,0,0,0,0,0,0,0,0,0,0,0,0,0,0,0,0,3,0,0,0,0,0,0,0,3,0,0,0,0,0,0,0,0,0,0,0,0,0,0,0,0,0,0,0,0,0,0,0,0,0,0,0,0,0,0,0,0
CED501,73,109,18,19,9,0,30,775,3,69,93,95,12,7,22,9,5,13,9,6,0,0,27,357,0,0,0,0,0,9,48,46,4,3,4,4,5,0,4,141,0,0,0,0,6,10,39,73,13,19,5,8,4,0,8,175,0,0,3,3,7,3,4,7,5,0,3,0,0,0,0,37,4,3,7,54,64,64,82,110,36,25,35,17,12,13,20,546,0,16,8,6,9,3,0,3,0,0,0,0,0,0,0,50,0,211,75,68,55,21,40,40,7,3,3,4,4,0,18,559,4,11,26,236,601,1011,1378,2128,778,839,485,299,199,95,309,8385,0,0,0,6,0,9,20,58,8,13,17,16,3,8,0,165,0,0,0,4,83,171,159,1019,355,303,233,170,169,115,57,2839,0,17,3,3,45,37,18,23,3,7,5,6,3,0,3,178,0,4,10,43,46,24,85,113,5,24,13,20,17,4,12,426
CED502,26,39,30,14,7,3,16,646,0,143,192,126,25,4,10,16,6,6,17,8,3,4,29,592,0,0,0,3,4,31,62,39,12,9,7,0,3,4,7,186,0,0,0,0,18,31,94,232,35,44,35,25,32,20,29,589,0,0,3,22,31,53,11,7,6,7,3,3,0,0,5,150,0,0,24,152,452,1044,911,1124,232,233,191,180,133,92,130,4897,0,14,12,28,10,0,0,8,0,0,0,0,0,0,0,72,0,313,126,88,90,43,37,18,3,11,4,3,3,3,17,766,0,8,36,183,563,844,1116,1194,438,444,293,217,130,53,232,5752,0,0,0,4,15,30,122,231,97,94,83,103,62,57,14,930,0,0,0,5,87,235,239,1183,265,272,244,194,166,103,72,3070,0,15,6,9,57,53,12,35,10,12,4,10,0,0,0,227,0,3,21,103,196,336,729,629,100,77,87,63,88,29,46,2510
CED503,39,59,56,11,7,10,21,679,10,191,148,86,15,10,13,17,4,4,11,4,0,4,27,526,0,0,4,0,3,4,26,20,0,4,0,0,3,0,8,76,0,0,0,0,7,5,21,36,16,7,11,4,3,0,12,123,0,0,0,3,3,0,3,0,0,0,0,0,0,0,0,5,3,0,13,52,53,57,57,64,3,12,22,22,5,4,17,384,0,14,16,11,3,3,0,0,0,0,0,0,0,0,0,44,0,366,130,74,96,31,55,40,8,9,11,5,3,0,36,863,6,5,44,327,654,798,877,933,360,338,170,107,94,45,168,4943,0,0,3,4,3,0,7,31,7,13,16,15,6,6,0,111,0,0,0,6,47,94,97,397,120,114,94,88,54,57,33,1192,0,22,10,3,37,30,8,12,4,4,3,3,5,0,8,148,0,10,17,41,33,34,55,49,12,9,12,5,4,3,14,305
CED504,109,93,39,11,11,3,23,1005,5,229,294,258,51,25,26,30,18,8,12,21,4,7,83,1069,0,5,0,0,6,21,50,24,4,0,0,0,0,0,7,128,0,0,0,0,17,4,46,57,10,6,0,3,0,3,6,144,0,0,0,20,11,29,17,22,3,0,0,3,0,3,5,112,3,4,29,100,228,419,194,212,37,31,46,57,38,36,68,1503,0,14,27,17,3,6,3,0,4,0,0,0,0,0,0,82,0,182,55,47,39,10,24,36,6,5,0,5,4,0,9,419,4,4,25,170,567,782,816,721,269,269,179,106,78,53,138,4179,0,0,0,12,8,36,50,82,19,26,20,17,11,9,13,307,0,0,0,10,117,295,226,602,133,149,94,118,93,61,37,1940,0,23,13,16,175,139,50,20,4,4,5,3,14,8,6,471,0,0,16,67,97,145,175,115,15,19,13,8,16,4,10,706
CED505,183,190,97,50,76,29,23,1583,18,254,169,80,46,20,43,72,26,48,63,62,56,8,60,1039,0,6,3,6,18,79,148,110,30,29,41,84,49,33,26,662,0,0,0,4,21,21,42,72,19,19,23,20,37,11,22,311,0,0,3,9,6,3,8,0,0,0,0,3,0,0,0,40,27,10,63,273,411,397,288,228,66,66,94,84,91,64,41,2193,0,8,6,4,5,4,0,0,0,0,0,0,0,0,6,33,0,127,38,32,46,29,80,74,19,21,23,29,24,13,14,567,4,20,97,260,471,470,392,407,132,178,106,78,72,38,61,2780,0,0,0,4,6,15,31,24,7,19,12,31,18,13,0,196,0,0,3,13,41,80,70,86,18,34,54,53,48,15,16,533,0,30,8,5,135,78,29,21,11,11,24,6,16,6,8,412,19,14,22,111,181,217,330,178,45,42,54,89,110,101,49,1547
CED506,163,181,53,39,25,7,32,1179,6,128,107,73,10,7,7,24,10,11,14,31,23,15,31,502,0,4,0,0,4,8,36,28,6,5,3,7,18,7,29,152,0,0,0,0,16,16,44,41,3,4,9,7,27,15,19,222,0,0,0,5,0,10,0,3,0,0,0,0,3,0,0,27,4,3,27,39,74,76,84,95,13,15,12,10,10,6,23,487,0,24,19,9,3,3,0,6,0,0,0,0,0,0,3,69,0,237,126,72,53,25,35,43,5,9,9,9,19,0,30,687,0,12,55,463,1142,1331,1648,1916,541,626,370,229,157,62,343,8907,0,0,3,6,0,3,14,46,5,15,20,8,5,11,0,144,0,0,0,6,111,172,218,870,254,346,311,248,252,131,102,3017,0,16,7,10,41,21,19,18,3,3,3,5,0,3,4,142,0,3,10,29,44,45,43,38,9,6,4,3,0,0,6,239
CED507,20,54,57,13,10,8,15,575,21,251,206,52,10,7,27,24,9,9,13,19,8,14,44,711,0,0,0,0,0,12,26,22,5,6,11,4,10,3,24,128,0,0,0,0,11,3,20,52,9,19,13,11,53,43,58,287,0,0,0,9,5,12,10,3,0,0,0,0,0,0,3,35,3,7,20,35,29,34,32,29,8,12,7,13,8,4,13,244,0,3,11,5,0,0,0,0,0,0,0,0,0,0,0,26,0,224,82,53,60,37,47,38,5,0,18,6,5,3,21,588,3,16,45,263,653,742,736,768,201,224,125,112,100,23,182,4191,0,3,0,3,3,0,4,30,7,3,16,11,5,0,0,91,0,0,0,3,48,67,68,489,80,122,148,126,143,63,42,1396,0,30,17,5,52,14,13,9,4,3,0,0,3,0,6,160,3,3,13,22,14,18,44,19,0,7,3,13,0,3,9,175
CED508,93,121,49,24,18,8,18,1002,28,604,899,494,105,58,57,93,28,44,74,29,48,25,127,2710,0,3,4,5,9,45,95,57,8,8,6,7,12,6,5,278,0,0,0,0,18,27,88,126,30,36,30,30,27,6,19,437,0,0,0,13,16,7,5,14,0,3,3,3,4,0,0,74,0,4,23,86,120,291,245,268,46,68,46,39,39,25,38,1342,0,21,5,9,3,0,0,0,0,0,0,0,0,0,0,45,0,156,51,51,53,48,37,42,6,15,7,12,6,7,12,496,0,3,35,216,503,721,663,748,271,273,198,136,119,49,121,4059,0,0,0,6,3,8,19,28,17,13,12,7,15,17,0,152,0,0,3,12,64,137,140,783,268,320,275,189,262,104,61,2613,0,12,10,3,149,128,31,35,3,4,10,9,9,3,13,404,0,10,20,46,66,130,299,169,29,38,39,46,26,12,32,968
CED509,33,54,20,9,9,12,26,696,12,314,440,208,23,17,12,13,0,0,8,14,10,0,57,1126,0,0,3,0,3,21,56,35,0,3,0,0,10,0,3,142,0,0,0,0,13,13,29,46,10,7,8,3,3,3,13,154,0,0,0,13,12,25,19,6,0,3,3,0,0,0,7,81,3,10,34,81,95,149,174,186,32,44,20,52,23,15,38,968,0,16,10,14,6,3,0,3,0,0,0,0,0,0,4,51,3,237,99,78,78,34,56,34,3,13,8,6,0,0,27,655,3,4,57,269,664,833,809,886,259,310,196,140,99,58,223,4815,0,4,3,5,4,21,30,70,24,26,37,31,20,15,12,292,0,0,0,18,78,195,187,1013,242,271,175,178,196,107,54,2723,0,39,15,20,78,69,21,17,5,6,0,0,3,0,9,289,6,5,17,70,58,63,123,74,11,25,9,17,7,3,8,493
CED510,175,239,114,34,40,6,28,2077,5,158,190,116,56,12,29,32,4,23,8,4,5,5,20,671,0,0,3,6,8,41,68,33,14,12,6,6,7,0,12,212,0,0,0,0,10,8,29,38,11,4,3,19,3,3,10,126,0,0,0,7,8,8,3,0,0,0,0,0,0,0,0,42,0,3,31,106,152,214,107,94,13,21,19,21,14,16,18,827,0,3,14,11,3,4,9,3,0,0,0,0,0,0,0,52,0,176,83,56,76,31,47,33,7,7,8,5,3,0,10,550,0,10,27,208,629,859,718,526,216,207,136,63,52,33,92,3784,0,3,3,9,3,9,12,11,0,9,11,3,6,7,0,86,0,0,0,15,105,125,81,71,31,40,31,31,30,18,17,589,0,17,9,13,230,151,40,31,8,10,16,13,10,3,10,565,0,3,17,65,104,136,154,93,14,8,12,16,28,12,12,678
CED511,43,64,26,16,11,7,15,455,8,153,145,56,8,7,10,6,4,3,13,14,7,4,33,474,0,6,0,3,0,6,13,13,0,0,5,5,3,0,3,60,0,0,0,0,12,3,10,21,0,0,7,4,10,3,4,68,0,0,0,3,0,3,0,0,0,0,0,0,0,0,0,10,4,6,14,34,30,52,29,29,7,4,7,0,3,3,13,228,0,11,7,10,0,0,0,0,0,0,0,0,0,0,0,29,0,235,114,63,77,27,39,24,0,0,4,3,0,0,18,605,6,11,51,294,752,1011,1032,1255,415,351,200,142,135,69,284,6002,0,0,4,0,0,0,6,11,0,17,9,13,0,5,0,74,0,3,0,3,76,145,149,620,108,173,140,97,124,60,60,1746,0,41,8,12,30,16,10,10,3,0,0,0,0,0,0,145,5,5,4,17,16,13,21,26,3,0,0,5,0,0,13,140
CED512,112,140,57,27,12,4,24,1230,3,128,136,96,21,7,24,38,7,22,17,4,11,6,38,568,0,0,0,0,3,19,51,45,13,13,4,0,3,4,11,157,0,0,0,0,6,10,39,45,7,5,6,4,11,6,15,161,0,0,3,8,3,9,10,0,0,0,0,0,0,0,3,35,0,0,17,69,63,133,113,168,27,40,36,20,20,18,48,768,0,24,28,13,4,9,12,3,0,0,3,0,0,0,9,97,0,186,77,53,56,31,58,36,0,9,0,3,0,0,19,533,0,7,27,248,738,1129,1403,1689,491,627,370,187,159,91,341,7507,0,0,0,7,3,23,38,34,11,12,4,4,9,3,19,176,0,0,0,4,74,145,190,919,211,211,140,110,90,73,55,2222,0,26,5,11,100,122,27,43,18,10,20,15,11,4,8,416,0,0,15,45,46,97,160,154,22,13,20,33,20,16,18,660
CED513,270,286,113,94,68,36,42,1874,18,710,924,471,98,46,49,68,39,72,99,123,84,50,155,3003,0,0,0,5,16,57,160,97,25,39,57,62,90,72,64,753,0,0,0,0,30,37,114,251,66,69,118,115,135,104,75,1122,0,0,0,15,19,15,10,12,0,0,0,3,0,3,7,79,0,6,35,183,332,478,279,327,60,88,89,88,100,72,73,2222,0,38,33,19,4,5,3,0,0,0,0,0,0,0,3,106,0,186,52,54,38,20,33,31,6,14,7,10,6,6,17,494,0,6,44,252,565,620,570,588,223,272,173,96,89,52,144,3696,0,3,7,14,15,8,24,97,42,37,69,87,73,31,26,528,0,0,0,10,85,166,124,309,134,169,137,124,146,70,41,1524,6,59,38,39,215,135,39,47,3,11,16,21,16,4,33,694,0,3,29,123,158,190,203,155,26,32,23,42,34,30,31,1092
CED514,302,264,201,85,69,27,46,1806,22,843,1135,587,121,78,86,68,24,67,67,91,50,24,129,3397,0,0,4,9,10,44,143,86,11,22,5,19,9,5,18,382,0,0,0,0,16,28,56,107,26,19,19,28,26,12,26,368,0,0,0,10,21,16,24,11,0,0,0,3,3,0,3,96,4,10,41,140,246,467,275,263,52,63,58,78,95,52,87,1925,0,25,17,9,7,3,0,0,0,0,0,0,0,0,0,57,5,182,72,42,26,20,23,22,6,11,10,4,11,4,5,434,7,5,27,227,424,603,524,554,244,269,182,122,93,34,121,3420,0,3,5,10,9,12,49,158,51,72,95,95,80,39,14,707,0,0,3,20,104,147,136,392,130,142,141,94,113,59,39,1510,0,62,29,27,186,135,42,38,15,6,17,12,8,0,9,582,0,7,22,55,105,139,188,86,8,21,8,14,12,5,16,681
CED515,231,264,119,82,51,27,49,1556,18,347,485,226,38,26,39,45,14,47,67,34,34,9,91,1530,0,4,0,10,12,64,145,74,13,22,27,22,37,15,29,474,0,0,0,3,60,67,196,405,110,121,146,123,131,75,74,1522,0,3,9,38,20,33,30,16,0,5,9,0,0,3,3,174,3,11,30,183,407,655,688,707,180,219,234,230,309,215,143,4233,0,7,12,10,10,4,0,0,0,0,0,0,0,0,0,49,0,223,56,40,34,20,35,21,7,6,8,3,4,0,28,484,7,11,34,211,591,711,680,774,309,344,258,147,143,50,153,4418,0,4,4,12,9,11,60,255,76,169,154,166,131,93,26,1165,0,0,0,12,100,207,174,828,250,419,307,229,249,151,91,3009,3,53,29,28,121,115,26,26,9,18,12,10,14,3,19,479,3,6,21,97,168,269,429,260,36,56,56,66,79,61,43,1650
CED516,70,93,41,23,14,4,19,832,15,250,277,162,27,30,30,18,5,26,24,18,10,3,45,932,0,3,3,3,22,61,110,63,11,18,12,16,23,11,14,374,0,0,0,4,34,86,266,271,82,90,70,46,55,17,40,1078,0,4,3,23,9,27,22,6,0,3,3,0,0,0,0,99,6,14,51,303,778,1743,999,1032,213,247,265,185,239,126,110,6326,0,15,8,11,3,5,0,0,0,0,0,0,0,0,0,51,3,224,58,54,38,23,53,20,8,4,13,3,0,3,21,522,7,9,44,230,420,501,411,338,120,107,107,71,48,19,72,2519,0,3,3,11,0,22,52,55,14,36,46,38,22,8,7,309,0,0,0,14,61,86,80,213,70,92,75,72,75,43,26,914,0,30,7,3,85,55,17,21,3,3,6,3,8,0,6,252,3,6,22,143,312,543,660,446,68,90,93,81,96,58,52,2681
CED597,3,3,0,0,0,0,0,34,0,0,0,0,0,0,0,0,0,0,0,0,0,0,0,6,0,0,0,0,0,0,0,0,0,0,0,0,0,0,0,3,0,0,0,0,0,0,0,0,0,0,0,0,0,0,0,3,0,0,0,0,0,0,0,0,0,0,0,0,0,0,0,0,0,0,0,0,7,0,0,3,0,0,0,0,0,0,0,18,0,0,0,0,0,0,0,0,0,0,0,0,0,0,0,0,0,0,0,0,0,0,0,0,0,0,0,0,0,0,0,5,0,0,0,12,29,47,46,40,13,7,3,6,3,0,11,209,0,0,0,0,0,0,0,3,0,0,0,0,0,0,0,3,0,0,0,0,0,3,4,9,0,4,0,0,0,0,0,28,0,0,0,0,0,6,0,0,0,0,0,0,0,0,0,6,0,0,0,0,3,0,0,0,0,0,0,0,0,0,0,10
CED601,0,0,4,12,0,3,4,131,0,53,99,16,4,3,3,4,0,3,0,0,0,0,12,195,0,0,0,0,0,9,14,12,4,3,0,0,0,5,3,54,0,0,0,3,6,16,28,35,3,4,3,10,8,19,8,137,0,0,0,3,3,0,3,0,0,0,0,0,0,0,0,10,0,0,7,15,20,17,30,49,16,32,43,60,93,67,16,452,0,8,10,4,0,0,0,0,0,0,0,0,0,0,3,23,3,179,155,32,46,14,18,3,0,0,0,0,0,0,7,450,5,5,32,97,170,166,166,83,27,21,15,14,13,12,35,862,0,0,0,0,0,0,3,8,8,8,8,12,21,8,0,73,0,0,0,3,42,63,82,82,12,14,14,17,12,8,8,365,0,22,11,0,24,23,3,4,3,0,0,0,0,0,5,96,4,3,0,15,5,6,20,13,5,4,13,16,26,19,4,152
CED602,10,3,0,3,0,0,3,80,0,13,24,11,3,0,0,0,0,0,0,0,0,0,6,57,0,0,0,0,0,0,7,7,0,3,0,3,0,0,0,28,0,0,0,0,0,5,9,0,0,4,3,7,10,10,5,53,0,0,0,3,0,0,3,0,0,0,0,0,0,0,0,5,0,0,9,11,9,9,13,17,10,5,4,0,6,4,4,87,0,4,5,8,3,0,0,0,0,0,0,0,0,0,0,21,0,165,125,32,34,9,32,10,0,4,0,0,0,0,20,433,10,12,37,127,193,218,243,92,25,31,22,4,15,12,29,1067,0,0,0,0,0,3,0,3,3,0,0,3,0,0,0,22,0,0,0,3,50,66,61,68,24,15,16,11,5,14,15,357,0,7,6,0,17,6,0,5,0,0,0,0,0,0,0,44,0,0,12,6,3,4,0,3,3,0,0,0,7,0,0,39
CED603,11,7,7,4,4,3,8,211,3,72,175,57,6,9,8,5,0,3,4,4,0,4,21,374,0,3,4,3,10,26,39,34,10,10,0,8,6,7,15,178,0,0,0,3,14,43,49,70,6,17,9,14,11,19,19,267,0,3,0,13,11,6,3,0,0,0,3,0,0,0,0,33,0,0,24,32,31,47,68,68,17,41,37,42,75,101,24,608,0,6,8,4,3,4,0,0,0,0,0,0,0,0,0,22,0,92,63,23,30,10,25,10,0,3,0,0,3,0,3,260,3,10,46,123,191,178,176,71,15,14,13,24,8,11,30,927,0,0,0,0,3,4,11,28,9,23,31,38,37,18,7,209,0,0,0,13,41,86,66,97,20,27,19,22,19,14,14,436,0,53,46,23,56,43,17,16,0,0,0,5,0,3,12,273,4,0,7,9,8,10,41,28,12,25,26,23,36,35,7,268
CED604,3,0,5,5,4,0,0,151,0,23,45,24,5,3,7,0,0,0,3,0,0,0,14,129,0,0,3,9,3,17,30,22,3,5,3,10,3,4,4,118,0,0,0,0,5,15,29,43,0,0,3,4,10,0,11,121,0,0,0,5,3,0,0,0,0,0,0,0,0,0,0,14,0,7,10,17,24,21,49,20,9,12,6,3,11,4,5,204,0,7,9,5,0,0,0,0,0,0,0,0,0,0,0,22,0,183,145,49,41,30,33,18,0,3,0,4,0,0,14,529,6,7,46,147,236,197,179,93,18,32,24,15,15,12,45,1070,0,3,0,0,0,0,0,12,3,8,0,0,0,0,0,34,0,0,0,3,26,61,40,41,15,5,7,12,11,7,16,243,0,13,4,4,24,23,7,5,0,0,0,3,0,0,4,96,3,0,5,4,9,14,20,12,0,3,3,0,3,0,4,74
CED605,3,3,0,0,0,0,3,101,0,17,23,14,6,0,0,4,0,0,0,0,0,0,11,75,0,0,0,0,0,7,7,4,4,0,0,0,7,0,0,40,0,0,0,0,3,5,3,3,0,0,0,0,0,0,5,17,0,0,0,0,0,0,0,0,0,0,0,0,0,0,0,7,0,0,4,21,6,10,8,4,3,3,0,0,3,0,0,66,0,12,4,3,0,0,0,0,0,0,0,0,0,0,0,27,0,132,99,47,41,18,23,12,3,0,0,3,3,0,5,396,0,11,21,153,273,203,156,64,6,6,14,17,19,10,43,1004,0,0,0,0,0,0,0,3,0,3,0,0,3,0,0,9,0,0,0,5,29,37,41,33,0,6,10,19,25,4,19,225,0,11,7,3,28,15,5,0,0,0,0,0,0,0,0,68,0,3,0,12,4,3,9,0,0,0,3,0,0,0,3,38
CED697,0,0,0,0,0,0,0,0,0,0,0,0,0,0,0,0,0,0,0,0,0,0,0,4,0,0,0,0,0,0,0,0,0,0,0,0,0,0,0,0,0,0,0,0,0,0,0,0,0,0,0,0,0,0,0,0,0,0,0,0,0,0,0,0,0,0,0,0,0,0,0,0,0,0,0,0,0,0,0,0,0,0,0,0,0,0,0,0,0,0,0,0,0,0,0,0,0,0,0,0,0,0,0,0,0,3,0,0,4,0,0,0,0,0,0,0,0,0,0,4,0,0,0,0,3,0,4,0,0,3,0,0,0,0,0,16,0,0,0,0,0,0,0,0,0,0,0,0,0,0,0,0,0,0,0,0,0,0,0,0,0,0,0,0,0,0,0,0,0,0,0,0,0,0,0,0,0,0,0,0,0,0,0,3,0,0,0,0,0,0,0,0,0,0,0,0,0,0,0,0
CED701,33,24,16,10,10,4,6,305,0,24,48,26,4,0,5,13,9,0,6,4,10,13,28,196,0,0,0,0,0,9,24,11,0,0,0,6,11,7,10,82,0,0,0,3,7,6,12,37,3,9,3,11,22,9,16,130,0,0,0,3,5,0,0,0,0,0,0,0,0,0,5,15,0,0,14,69,174,99,41,50,17,5,17,11,4,6,30,537,0,9,9,11,0,0,0,0,0,0,0,0,0,0,3,36,0,90,75,33,29,10,23,22,3,3,0,0,6,3,18,317,3,5,41,220,433,352,398,353,98,149,125,107,105,56,172,2603,0,0,0,0,0,0,0,29,3,4,3,3,0,0,8,53,0,0,3,5,76,191,134,327,101,79,77,87,78,32,83,1268,0,0,0,3,17,7,9,6,0,0,0,0,0,0,3,46,0,0,5,18,25,11,16,13,3,0,4,0,0,0,8,111
CED702,155,125,65,47,36,23,24,845,0,37,90,72,17,12,16,31,6,13,23,17,14,9,22,375,0,0,3,9,5,16,33,27,3,12,20,68,102,46,37,388,0,0,0,0,11,19,55,73,10,11,14,21,32,17,19,288,0,0,0,3,6,3,3,9,3,3,5,0,0,0,4,48,0,0,24,80,121,97,58,85,21,6,25,17,22,15,17,595,0,7,5,9,3,0,0,4,0,0,0,0,0,0,4,25,0,50,59,31,24,12,19,21,4,0,3,3,16,7,11,256,4,6,42,233,520,424,432,352,89,131,108,62,55,34,84,2581,0,0,3,5,9,10,15,84,22,39,31,29,35,19,10,312,0,0,7,47,288,426,374,1457,280,390,389,335,345,217,156,4708,0,3,10,3,23,15,6,6,0,3,0,3,3,7,4,92,0,0,8,50,35,41,40,23,9,9,4,13,9,4,32,276
CED797,0,0,0,0,0,0,0,4,0,0,0,0,0,0,0,0,0,0,0,0,0,0,0,0,0,0,0,0,0,0,0,0,0,0,0,0,0,5,0,8,0,0,0,0,0,0,0,0,0,0,0,0,0,0,0,0,0,0,0,0,0,0,0,0,0,0,0,0,0,0,0,0,0,0,0,0,0,0,0,0,0,0,0,0,0,0,0,0,0,0,0,0,0,0,0,0,0,0,0,0,0,0,0,0,0,0,0,0,0,0,0,0,0,0,0,0,0,0,0,0,0,0,0,0,5,0,3,3,0,0,0,0,0,0,0,15,0,0,0,0,0,0,0,0,0,0,0,0,0,0,0,0,0,0,0,0,0,0,0,0,0,0,0,0,0,8,0,12,0,0,0,0,0,0,0,0,0,0,0,0,0,0,0,0,0,0,0,0,0,0,0,0,0,0,0,0,0,0,0,0
CED801,29,31,22,7,4,6,5,423,4,179,369,206,44,27,27,22,3,16,11,12,11,3,39,965,5,8,10,16,29,40,123,68,14,10,15,18,19,18,28,409,0,0,0,10,49,86,152,171,40,53,48,45,39,37,37,769,0,4,4,40,52,71,36,25,0,5,0,9,3,0,11,257,6,9,75,187,220,224,130,107,27,51,39,67,81,75,40,1331,0,49,40,36,7,10,3,10,0,0,0,0,0,0,4,167,0,170,153,66,42,20,29,28,11,7,6,3,8,3,15,556,14,37,116,354,489,422,483,234,92,97,66,58,87,42,154,2741,0,4,0,10,16,48,90,101,33,37,48,47,74,28,13,538,0,0,8,52,145,293,218,371,111,144,108,133,129,83,55,1840,0,40,63,27,156,148,25,30,0,3,4,3,3,3,16,521,3,0,31,69,60,57,75,46,14,21,22,24,57,44,12,538
CED802,48,39,21,14,3,3,3,424,3,133,346,218,54,32,36,26,16,23,6,17,13,4,28,964,0,8,7,19,20,49,109,75,14,18,6,14,12,10,20,372,0,0,0,3,44,116,346,427,98,123,87,82,81,62,64,1527,0,0,0,25,24,33,19,13,0,3,0,0,0,0,3,132,3,0,47,123,170,196,163,132,35,40,37,46,59,32,33,1116,0,28,33,21,4,3,3,8,0,3,0,0,0,0,3,108,0,148,117,38,32,27,34,30,3,5,8,3,16,4,3,473,8,20,71,222,377,404,476,241,97,96,105,54,52,25,67,2328,0,0,3,3,16,79,326,363,79,112,140,129,115,58,33,1455,0,5,14,53,154,363,345,410,92,84,111,140,117,73,40,2000,0,32,24,28,116,114,39,21,3,11,4,10,0,0,11,425,3,4,20,62,37,70,106,74,14,13,16,11,26,27,17,490
CED897,0,0,0,0,0,0,0,0,0,0,0,0,0,0,0,0,0,0,0,0,0,0,0,0,0,0,0,0,0,0,0,0,0,0,0,0,0,0,0,0,0,0,0,0,0,0,0,0,0,0,0,0,0,0,0,0,0,0,0,0,0,0,0,0,0,0,0,0,0,0,0,0,0,0,0,0,0,0,0,0,0,0,0,0,0,0,0,0,0,0,0,0,0,0,0,0,0,0,0,0,0,0,0,0,0,0,0,0,0,0,0,0,0,0,0,0,0,0,0,0,0,0,0,0,0,0,0,0,0,0,0,0,0,0,0,0,0,0,0,0,0,0,0,0,0,0,0,0,0,0,0,0,0,0,0,0,0,0,0,0,0,0,0,0,0,0,0,0,0,0,0,0,0,0,0,0,0,0,0,0,0,0,0,0,0,0,0,0,0,0,0,0,0,0,0,0,0,0,0,0
CED997,0,0,0,0,0,0,0,0,0,0,0,0,0,0,0,0,0,0,0,0,0,0,0,0,0,0,0,0,0,0,0,0,0,0,0,0,0,0,0,0,0,0,0,0,0,0,0,0,0,0,0,0,0,0,0,0,0,0,0,0,0,0,0,0,0,0,0,0,0,0,0,0,0,0,0,0,0,0,0,0,0,0,0,0,0,0,0,0,0,0,0,0,0,0,0,0,0,0,0,0,0,0,0,0,0,0,0,0,0,0,0,0,0,0,0,0,0,0,0,0,0,0,0,0,0,0,0,0,0,0,0,0,0,0,0,0,0,0,0,0,0,0,0,0,0,0,0,0,0,0,0,0,0,0,0,0,0,0,0,0,0,0,0,0,0,0,0,0,0,0,0,0,0,0,0,0,0,0,0,0,0,0,0,0,0,0,0,0,0,0,0,0,0,0,0,0,0,0,0,0
