CED_CODE_2016,OneMeth_Train_M,OneMeth_Train_F,OneMeth_Train_P,OneMeth_Bus_M,OneMeth_Bus_F,OneMeth_Bus_P,OneMeth_Ferry_M,OneMeth_Ferry_F,OneMeth_Ferry_P,OneMeth_Tram_inc_lt_rail_M,OneMeth_Tram_inc_lt_rail_F,OneMeth_Tram_inc_lt_rail_P,OneMeth_Taxi_M,OneMeth_Taxi_F,OneMeth_Taxi_P,OneMeth_Car_as_driver_M,OneMeth_Car_as_driver_F,OneMeth_Car_as_driver_P,OneMeth_Car_as_passenger_M,OneMeth_Car_as_passenger_F,OneMeth_Car_as_passenger_P,OneMeth_Truck_M,OneMeth_Truck_F,OneMeth_Truck_P,OneMeth_Motorbike_scooter_M,OneMeth_Motorbike_scooter_F,OneMeth_Motorbike_scooter_P,OneMeth_Bicycle_M,OneMeth_Bicycle_F,OneMeth_Bicycle_P,OneMeth_Other_M,OneMeth_Other_F,OneMeth_Other_P,OneMeth_Walked_only_M,OneMeth_Walked_only_F,OneMeth_Walked_only_P,OneMeth_Tot_OneMeth_M,OneMeth_Tot_OneMeth_F,OneMeth_Tot_OneMeth_P,TwoMeth_Train_Bus_M,TwoMeth_Train_Bus_F,TwoMeth_Train_Bus_P,TwoMeth_Train_Ferry_M,TwoMeth_Train_Ferry_F,TwoMeth_Train_Ferry_P,TwoMeth_Trn_Trm_inc_lt_rl_M,TwoMeth_Trn_Trm_inc_lt_rl_F,TwoMeth_Trn_Trm_inc_lt_rl_P,TwoMeth_Train_Car_as_drvr_M,TwoMeth_Train_Car_as_drvr_F,TwoMeth_Train_Car_as_drvr_P,TwoMeth_Trn_Car_as_pass_M,TwoMeth_Trn_Car_as_pass_F,TwoMeth_Trn_Car_as_pass_P,TwoMeth_Train_Other_M,TwoMeth_Train_Other_F,TwoMeth_Train_Other_P,TwoMeth_Train_Tot_M,TwoMeth_Train_Tot_F,TwoMeth_Train_Tot_P,TwoMeth_Bus_Ferry_M,TwoMeth_Bus_Ferry_F,TwoMeth_Bus_Ferry_P,TwoMeth_Bus_Trm_inc_lt_rl_M,TwoMeth_Bus_Trm_inc_lt_rl_F,TwoMeth_Bus_Trm_inc_lt_rl_P,TwoMeth_Bus_Car_as_driver_M,TwoMeth_Bus_Car_as_driver_F,TwoMeth_Bus_Car_as_driver_P,TwoMeth_Bus_Car_as_pass_M,TwoMeth_Bus_Car_as_pass_F,TwoMeth_Bus_Car_as_pass_P,TwoMeth_Bus_Other_M,TwoMeth_Bus_Other_F,TwoMeth_Bus_Other_P,TwoMeth_Bus_Tot_M,TwoMeth_Bus_Tot_F,TwoMeth_Bus_Tot_P,TwoMeth_Other_TwoMeth_M,TwoMeth_Other_TwoMeth_F,TwoMeth_Other_TwoMeth_P,TwoMeth_Tot_TwoMeth_M,TwoMeth_Tot_TwoMeth_F,TwoMeth_Tot_TwoMeth_P,ThreeMeth_Trn_2_othr_mthd_M,ThreeMeth_Trn_2_othr_mthd_F,ThreeMeth_Trn_2_othr_mthd_P,ThreMth_Bu_2_ot_met_exc_tra_M,ThreMth_Bu_2_ot_met_exc_tra_F,ThreMth_Bu_2_ot_met_exc_tra_P,ThreeMeth_Oth_ThreeMeth_M,ThreeMeth_Oth_ThreeMeth_F,ThreeMeth_Oth_ThreeMeth_P,ThreeMeth_Tot_ThreeMeth_M,ThreeMeth_Tot_ThreeMeth_F,ThreeMeth_Tot_ThreeMeth_P,Worked_home_M,Worked_home_F,Worked_home_P,Did_not_go_to_work_M,Did_not_go_to_work_F,Did_not_go_to_work_P,Meth_travel_to_work_NS_M,Meth_travel_to_work_NS_F,Meth_travel_to_work_NS_P,Tot_M,Tot_F,Tot_P
CED101,7453,7730,15181,350,543,889,6,0,7,6,4,6,49,21,73,21865,15904,37768,922,1611,2532,581,7,586,233,20,248,137,19,164,196,100,291,602,831,1433,32389,26789,59181,896,1024,1926,17,4,21,54,60,108,683,582,1267,159,279,441,72,33,101,1878,1984,3858,0,0,0,0,0,0,27,21,50,11,39,59,4,8,12,45,76,119,165,99,263,2094,2153,4250,233,234,464,4,5,10,4,0,10,240,237,484,978,1390,2374,2021,3524,5539,329,283,611,38050,34377,72433
CED102,10311,10468,20782,751,1271,2021,18,7,27,62,62,121,121,39,154,22232,14183,36414,1065,2061,3125,574,7,578,431,52,480,403,107,515,274,144,418,1172,1532,2701,37400,29931,67329,1508,1767,3278,21,6,25,74,56,132,555,494,1052,138,278,413,113,63,179,2407,2665,5077,3,0,3,7,6,17,46,60,103,21,63,83,5,9,13,72,144,221,228,129,351,2705,2940,5648,281,278,557,8,7,17,8,9,15,299,289,583,1017,1356,2375,2277,3534,5812,520,379,903,44214,38429,82646
CED103,5638,5313,10955,3009,3553,6566,120,99,213,7,3,9,72,59,134,22932,17458,40385,869,1994,2871,404,8,409,520,44,565,399,50,445,192,134,327,1395,1437,2834,35555,30154,65709,1335,1369,2698,22,11,26,24,27,48,618,408,1030,151,298,450,81,35,115,2233,2140,4376,15,13,27,7,0,5,157,157,312,48,118,168,24,24,46,245,315,558,254,195,443,2733,2647,5381,298,264,570,25,20,37,12,3,13,336,285,621,1500,1961,3461,2291,3872,6171,326,277,605,42746,39208,81948
CED104,4020,3212,7229,1906,1613,3515,4,5,11,7,3,9,29,14,42,21175,18140,39316,828,1449,2283,612,7,623,325,28,356,165,25,193,174,110,282,618,631,1249,29867,25238,55106,778,601,1384,8,4,14,3,4,8,1077,759,1833,178,259,442,104,33,134,2151,1662,3811,0,0,0,0,0,0,204,154,351,36,83,113,14,3,20,250,238,490,209,129,342,2609,2027,4640,294,228,517,12,5,21,11,7,15,310,241,557,2174,2735,4915,2066,3917,5977,271,211,477,37303,34367,71673
CED105,4912,4323,9240,361,575,937,8,3,11,15,6,25,151,42,189,24149,13201,37349,1538,1967,3505,791,14,810,142,6,148,131,14,142,262,107,373,636,735,1372,33096,21003,54100,823,841,1665,5,3,14,25,28,53,519,329,850,126,210,342,50,25,70,1554,1435,2990,0,0,0,0,0,0,25,24,54,11,53,65,8,9,11,47,82,136,287,118,404,1893,1638,3533,205,211,416,6,6,14,8,3,15,219,227,445,497,1068,1572,1705,2164,3870,585,357,945,37999,26460,64455
CED106,8797,7227,16020,913,830,1748,0,3,6,3,4,9,69,31,97,18131,14933,33066,657,1546,2198,176,10,185,328,20,343,356,43,398,214,131,340,1219,1560,2772,30858,26330,57190,1043,906,1953,0,0,0,16,10,24,1262,852,2112,233,374,609,107,33,142,2668,2175,4838,0,0,0,0,0,0,75,40,117,15,25,43,8,0,8,101,71,173,155,109,263,2923,2360,5280,247,210,455,11,7,15,16,5,18,274,219,487,2507,3023,5533,2021,3754,5772,237,202,441,38815,35889,74703
CED107,70,36,106,104,92,200,15,0,15,4,0,3,48,79,128,24823,22039,46862,1764,1818,3579,878,36,912,246,24,267,205,42,244,230,106,333,1431,1253,2688,29819,25518,55340,11,5,21,0,0,0,0,0,0,21,11,27,0,0,3,6,3,4,32,20,53,0,0,0,0,0,0,14,10,17,10,9,18,4,3,9,24,18,46,247,119,368,307,157,467,13,17,22,9,3,8,24,10,28,41,26,68,1892,2124,4015,2689,4119,6808,437,402,841,35186,32349,67538
CED108,3659,3688,7349,475,725,1201,4,3,6,7,5,8,100,33,134,25590,17191,42783,1857,2366,4224,776,11,785,269,16,288,98,12,116,185,112,293,330,458,787,33355,24621,57973,1071,1331,2404,4,3,4,10,15,28,738,611,1351,170,408,579,50,31,81,2040,2404,4441,0,0,0,0,4,4,54,44,97,36,77,114,9,5,7,97,128,220,258,137,396,2395,2663,5060,333,411,750,0,3,8,6,3,13,350,420,763,493,924,1417,1856,2827,4687,505,362,871,38954,31823,70775
CED109,3285,3489,6769,220,367,589,4,3,10,3,3,9,44,49,99,23462,18775,42234,995,1523,2518,568,15,581,308,23,331,227,45,271,169,79,249,695,1079,1772,29981,25457,55437,544,640,1186,4,0,3,14,19,31,606,584,1193,103,222,327,38,17,55,1315,1475,2796,0,0,0,0,0,0,21,30,48,10,17,28,4,3,9,34,51,81,211,108,316,1566,1632,3196,133,154,288,0,4,5,9,0,7,144,159,305,1206,1961,3163,2058,3668,5726,321,280,599,35274,33152,68434
CED110,18,13,28,107,130,230,6,6,15,0,3,3,35,43,74,21191,20141,41325,1417,1860,3277,695,22,722,387,54,442,328,84,413,217,146,369,1024,1039,2058,25420,23541,48960,4,5,13,0,0,0,0,0,0,9,3,13,5,0,5,3,0,3,16,15,30,0,0,0,0,0,0,10,3,13,11,21,26,3,3,5,18,28,48,250,140,387,284,178,459,11,0,12,4,0,3,17,5,21,27,5,35,1558,1918,3479,2647,4080,6724,401,395,796,30342,30124,60458
CED111,1502,1143,2643,563,753,1310,7,3,11,4,3,7,43,53,99,23754,20383,44135,1407,1839,3249,453,6,464,299,31,330,413,109,521,162,85,253,1142,1258,2398,29751,25655,55408,139,110,251,0,0,0,12,0,12,569,335,909,58,97,159,63,20,81,844,567,1408,0,0,0,0,0,0,22,35,59,26,49,76,19,15,32,71,94,161,253,143,394,1167,802,1967,81,79,154,9,13,16,16,3,15,101,95,196,1051,1571,2617,2733,4382,7113,310,242,551,35110,32745,67853
CED112,929,645,1578,259,397,653,3,3,6,3,0,0,11,23,37,23386,20629,44014,1581,1532,3115,750,16,763,242,21,263,133,29,165,157,84,235,447,461,909,27908,23836,51742,251,130,387,0,0,0,3,3,7,487,310,794,67,77,147,35,10,46,843,533,1377,0,0,0,0,0,0,18,7,27,19,48,66,5,4,6,46,62,106,272,113,386,1160,705,1865,125,79,208,3,9,11,12,0,12,144,86,230,1111,1793,2900,2464,4342,6813,339,344,684,33128,31109,64233
CED113,74,49,124,264,292,553,16,4,23,3,0,7,30,42,72,25776,22184,47958,1662,2215,3875,894,32,930,401,57,454,278,64,341,410,239,654,1597,1551,3153,31401,26719,58124,14,8,28,0,0,0,3,0,3,82,52,138,26,26,59,0,0,0,129,98,222,3,0,3,0,0,0,44,58,99,21,42,68,9,8,16,77,108,184,315,176,491,528,378,901,34,17,50,7,6,12,23,10,41,69,33,103,2076,2338,4415,4678,5663,10341,469,399,867,39212,35544,74754
CED114,21,30,49,133,123,258,8,3,14,4,8,13,37,35,74,27169,23028,50194,1891,1902,3795,721,21,747,258,30,294,362,111,472,385,161,544,1695,1488,3181,32691,26944,59631,3,0,4,0,0,0,0,0,0,6,9,15,0,0,0,3,0,3,10,13,23,0,0,0,0,0,0,11,7,18,8,11,20,3,3,6,26,18,42,287,117,405,321,147,470,7,3,13,3,0,6,23,8,35,39,14,53,2373,2232,4601,2303,3983,6295,504,475,976,38236,33792,72033
CED115,2625,2585,5210,374,595,968,0,3,3,3,9,9,50,36,78,22863,14678,37541,1536,2387,3924,783,12,801,121,14,133,83,16,100,177,86,260,624,980,1608,29245,21394,50637,535,637,1168,3,0,3,11,11,19,635,429,1058,125,255,380,30,10,38,1334,1335,2667,3,0,3,0,0,0,36,44,77,21,51,75,7,9,14,64,100,159,254,151,407,1648,1580,3229,191,204,392,0,4,5,7,0,10,198,208,407,460,849,1310,1422,2097,3514,513,346,856,33488,26478,59965
CED116,126,95,226,75,91,161,4,0,3,0,3,4,26,27,50,20308,17948,38252,1229,1408,2643,693,19,709,257,15,272,279,85,361,175,87,260,842,810,1647,24014,20583,44595,15,21,33,0,0,0,3,0,3,44,35,85,12,4,14,8,5,10,85,67,149,0,0,0,0,0,0,6,3,6,7,13,21,3,5,12,18,21,41,180,91,271,284,174,461,21,15,35,0,3,3,10,0,10,33,14,46,1382,1957,3342,2514,3954,6474,375,356,729,28604,27041,55643
CED117,7238,7380,14611,3775,5223,8999,417,307,725,672,682,1356,154,156,303,15698,13249,28948,703,1394,2102,261,7,269,831,177,1009,1600,620,2216,265,164,427,1853,2282,4139,33456,31637,65094,1338,1566,2906,58,49,109,137,124,258,232,210,447,60,128,193,148,88,241,1974,2170,4147,69,68,143,70,71,135,68,93,164,33,86,116,79,57,133,311,378,688,293,176,470,2579,2723,5301,284,222,506,44,42,88,19,14,30,344,276,626,1723,2202,3922,2156,3829,5984,309,247,558,40564,40916,81481
CED118,3958,3452,7412,2088,2045,4129,4,0,4,5,4,10,123,30,149,28380,21010,49394,1356,2048,3405,650,4,656,306,27,332,151,38,185,238,93,339,454,481,936,37720,29238,66957,951,1009,1963,0,6,3,8,13,22,911,626,1532,163,278,440,65,18,83,2102,1938,4042,0,0,0,0,0,0,192,147,338,47,105,155,14,11,23,250,269,518,274,133,402,2623,2338,4966,298,313,609,5,10,22,8,0,9,316,328,642,942,1523,2466,2110,3695,5810,416,315,725,44128,37436,81568
CED119,4450,4245,8696,162,230,394,6,7,9,3,4,10,41,27,67,24578,20478,45057,1019,1283,2303,689,13,700,276,17,297,233,34,268,195,86,274,608,595,1202,32250,27012,59262,556,497,1050,12,7,23,10,13,24,1356,1154,2509,142,330,471,82,39,119,2159,2038,4197,0,0,0,0,0,4,9,27,37,10,37,48,4,4,3,26,66,95,236,111,346,2421,2216,4640,224,208,432,0,3,3,7,0,7,232,206,442,1160,1899,3057,2327,4331,6653,265,201,467,38647,35864,74517
CED120,533,483,1017,161,171,333,3,4,8,0,3,6,36,23,62,27284,23046,50331,1575,1521,3096,1463,49,1507,254,19,275,80,25,108,240,105,344,766,667,1430,32401,26117,58523,107,96,207,0,0,0,0,0,0,663,527,1186,51,93,144,9,3,16,834,717,1553,0,0,0,0,0,0,5,18,28,9,26,40,0,0,0,17,50,68,270,109,376,1123,876,1999,88,71,166,0,4,10,7,5,15,101,89,192,1646,2357,4000,2573,4333,6908,412,337,749,38263,34107,72372
CED121,186,145,332,107,124,230,11,0,15,3,0,3,17,16,33,25457,21303,46759,1507,1411,2918,755,28,781,332,46,372,106,22,131,363,97,465,837,564,1403,29685,23761,53447,56,34,87,0,0,0,0,0,0,88,71,156,16,22,39,10,0,13,171,121,297,0,0,0,0,0,0,12,11,24,9,23,28,4,0,9,31,33,62,322,108,426,517,266,782,47,48,99,4,0,7,9,3,12,60,53,114,1080,1630,2707,3068,4407,7469,378,314,693,34788,30423,65209
CED122,1305,1324,2626,7165,9139,16307,11,5,17,9,3,9,161,96,253,21675,16480,38150,1155,2170,3316,447,4,453,1002,202,1205,1149,322,1473,290,154,443,2365,2762,5125,36721,32667,69387,1384,1363,2753,5,0,3,11,19,26,139,101,238,45,75,117,42,22,61,1625,1582,3202,13,9,18,42,48,83,208,274,489,83,170,253,112,71,190,457,580,1036,277,152,431,2360,2310,4668,194,171,365,51,48,97,13,7,21,261,218,483,1420,1950,3376,2486,4237,6718,418,367,784,43666,41754,85421
CED123,2414,2400,4818,216,416,630,9,0,9,0,3,6,43,23,69,28807,23255,52064,1898,1974,3870,1397,20,1413,351,29,379,141,26,167,186,97,286,592,593,1183,36056,28836,64892,590,596,1192,0,0,0,20,3,23,850,777,1623,129,228,357,69,21,85,1649,1630,3277,0,0,0,0,0,0,18,11,29,28,45,78,13,6,16,63,67,124,323,120,445,2035,1813,3847,249,227,481,0,0,0,13,4,17,266,233,499,841,1604,2442,2356,4303,6660,365,299,667,41910,37096,79004
CED124,29,17,53,93,64,157,5,0,4,0,3,5,14,27,44,18358,16954,35312,1108,1265,2373,827,24,855,246,21,267,168,34,203,178,97,272,838,832,1672,21872,19333,41206,0,5,7,0,0,0,0,0,0,17,21,32,3,3,3,3,0,3,28,24,48,0,0,0,0,0,0,9,6,14,4,10,11,8,0,8,23,14,34,207,82,286,248,117,367,3,12,18,3,3,9,5,5,8,12,16,31,1576,1894,3471,2416,3636,6053,384,377,761,26509,25378,51888
CED125,3160,2951,6109,255,392,648,3,0,0,3,6,11,61,31,94,26581,20448,47033,1685,1966,3652,902,11,917,266,21,286,90,17,108,176,90,272,414,426,841,33600,26363,59964,653,644,1299,4,3,4,10,15,21,962,799,1759,178,302,481,63,20,79,1875,1775,3653,0,0,0,0,0,0,9,23,33,35,57,87,4,4,9,46,81,126,247,129,380,2167,1985,4154,264,259,523,5,5,13,5,3,8,275,265,543,716,1290,2007,2271,3701,5965,478,361,843,39508,33971,73483
CED126,94,66,161,3590,3702,7300,23,29,53,0,0,6,68,36,104,23875,20625,44497,1079,1608,2688,653,9,661,709,69,778,375,73,448,249,122,370,918,1045,1964,31631,27397,59024,365,294,659,0,5,5,0,0,0,182,89,273,21,37,49,3,0,4,569,423,989,31,20,50,0,0,4,248,235,489,78,131,212,46,30,71,405,422,831,386,178,562,1362,1020,2381,109,104,215,39,31,70,14,3,15,158,145,303,2297,3176,5467,2008,3787,5795,307,314,619,37756,35835,73596
CED127,1934,1703,3638,75,150,225,5,0,4,0,0,3,47,33,76,23347,20587,43933,1136,1328,2466,1237,21,1256,311,30,334,184,32,221,206,101,303,809,720,1529,29295,24703,54002,212,177,386,0,0,0,8,0,14,533,473,1008,96,111,209,86,22,105,935,785,1723,0,0,0,0,0,0,15,24,41,8,13,17,4,0,3,27,36,58,262,129,397,1227,956,2179,134,133,262,0,0,0,10,0,11,146,133,280,1706,2429,4144,2414,4194,6607,306,268,571,35095,32680,67777
CED128,2442,2397,4837,454,707,1162,7,0,7,5,8,11,75,24,100,25425,17853,43284,1640,1964,3599,1056,13,1075,192,21,208,120,15,133,233,117,349,357,437,796,32004,23556,55562,664,767,1434,0,0,0,11,13,24,650,519,1167,126,250,374,29,18,45,1481,1571,3050,0,0,0,0,0,0,33,46,86,17,60,81,3,7,13,52,118,174,253,111,362,1795,1796,3587,224,241,465,3,9,11,5,0,11,233,256,484,570,1210,1784,1734,2734,4467,457,325,785,36797,29871,66665
CED129,460,374,838,4715,4076,8796,4,0,4,4,3,10,37,18,62,26397,21751,48145,1031,1759,2790,542,3,548,301,15,318,165,23,189,176,115,289,416,488,911,34258,28635,62888,602,490,1091,0,0,0,0,0,3,430,247,678,35,61,101,16,0,16,1079,801,1883,0,0,3,0,0,0,485,397,880,66,180,245,28,10,40,575,592,1168,229,117,354,1886,1517,3401,191,174,366,29,21,48,10,3,14,231,202,427,1647,2400,4046,2009,3884,5892,234,227,462,40265,36862,77123
CED130,18,6,27,108,94,206,7,3,14,0,0,0,59,42,103,22266,20263,42536,1701,1820,3522,1053,59,1108,411,47,459,237,51,285,333,165,501,1640,1342,2982,27831,23901,51732,3,0,3,0,0,0,0,0,0,6,7,13,3,0,3,3,0,3,11,10,23,0,0,0,0,0,0,10,3,14,12,14,19,4,0,11,23,20,42,272,130,406,311,159,468,4,0,8,3,0,8,21,3,23,30,9,41,2623,2656,5278,2230,3643,5871,477,452,930,33504,30824,64324
CED131,225,156,381,686,913,1600,39,33,70,4,9,7,60,56,115,25630,23190,48823,1433,1927,3363,357,10,374,504,98,608,1000,348,1350,182,87,265,1286,1468,2757,31417,28291,59711,51,33,83,0,0,0,3,0,4,58,39,94,8,15,25,37,9,47,161,89,244,12,9,24,0,0,0,39,64,105,41,61,107,17,23,34,110,165,270,350,207,555,613,463,1075,41,17,56,12,26,33,22,11,26,73,48,121,1057,1502,2558,2891,4958,7855,289,264,553,36340,35529,71873
CED132,6750,6437,13182,6055,6326,12390,350,231,575,5,3,10,174,136,312,17463,14214,31673,749,1699,2453,157,8,159,712,77,791,774,127,898,279,190,464,3301,3537,6836,36762,32989,69749,1154,1313,2469,57,48,108,11,13,25,248,162,416,56,138,198,108,62,162,1636,1730,3365,44,25,70,3,0,3,124,118,248,50,98,145,88,70,154,308,305,613,270,150,420,2212,2187,4403,231,191,419,27,26,54,12,11,21,268,224,491,2363,2818,5183,2016,4036,6049,275,272,545,43899,42513,86414
CED133,15,4,19,106,125,227,3,3,14,5,6,5,17,31,51,21700,20210,41906,1457,1787,3242,856,22,882,319,30,352,285,114,400,271,123,399,1183,1022,2203,26229,23467,49700,4,0,4,0,0,0,0,0,0,6,3,8,0,0,3,0,0,0,15,11,21,0,0,0,0,0,0,3,7,13,14,23,39,6,4,6,22,33,54,241,127,366,283,162,445,8,3,5,7,0,4,18,0,17,27,3,29,1955,2081,4041,2513,4063,6575,424,357,776,31434,30140,61569
CED134,11,7,23,265,143,407,6,3,12,3,0,3,39,52,94,23043,19971,43015,1832,1853,3687,1024,36,1067,356,57,417,212,68,285,407,191,599,1957,1798,3750,29168,24189,53350,0,0,3,0,0,0,0,0,0,11,0,13,0,3,3,0,0,0,13,3,20,0,0,0,0,0,0,41,7,46,3,6,13,3,4,6,49,18,70,265,108,373,332,132,460,8,4,13,5,3,11,44,13,56,58,19,75,2607,2419,5023,2334,3466,5802,481,415,903,34978,30633,65614
CED135,8255,5996,14251,1612,2087,3700,11,7,22,5,6,11,136,49,182,26012,15623,41636,1289,2182,3470,570,6,576,318,39,354,236,62,298,292,127,417,1676,1797,3470,40415,27983,68401,1965,1893,3860,8,4,13,53,34,93,601,361,964,117,264,380,87,43,131,2836,2606,5447,0,0,0,0,0,0,138,115,256,56,98,158,21,15,35,217,227,450,239,126,364,3293,2961,6260,340,353,689,11,9,18,6,4,12,354,363,714,937,1390,2319,2293,3271,5559,545,323,864,47832,36288,84119
CED136,135,113,246,161,200,362,12,17,21,4,0,4,18,21,42,25049,21416,46466,1563,1527,3091,633,7,639,302,20,325,174,27,206,158,93,253,600,582,1185,28807,24032,52838,45,62,108,0,0,0,3,0,3,44,17,63,5,9,11,15,0,17,104,90,195,0,3,3,0,0,0,20,12,33,10,27,39,6,0,8,33,45,83,335,190,522,476,322,804,37,52,92,3,17,20,11,4,21,55,75,130,812,1472,2284,2949,4398,7343,318,282,596,33412,30573,63981
CED137,9144,8384,17532,1946,2568,4513,535,497,1033,42,40,79,100,51,158,23818,16817,40628,981,2023,3005,442,8,450,476,43,521,490,136,626,252,168,419,1405,1672,3074,39631,32404,72038,1715,1839,3556,70,43,109,52,36,90,537,364,900,123,254,381,94,41,137,2595,2579,5168,62,60,124,12,12,32,96,130,224,26,78,108,34,26,56,226,306,532,313,227,533,3131,3105,6234,339,323,663,27,33,57,9,5,16,378,365,741,1490,1950,3443,2185,3873,6062,465,353,818,47285,42054,89339
CED138,31,21,53,173,204,375,15,7,20,5,3,10,32,30,63,21215,19960,41173,1167,1445,2611,657,27,688,336,39,377,551,269,817,267,155,423,913,1012,1929,25366,23178,48541,9,7,17,0,0,0,0,0,0,41,20,62,0,0,3,4,0,7,54,38,89,0,0,0,3,3,6,7,16,20,15,29,43,4,7,10,32,53,81,238,127,367,329,215,542,11,11,25,15,11,24,17,3,21,46,21,68,2184,2959,5142,2770,4432,7209,456,437,889,31147,31230,62378
CED139,20,15,35,200,81,286,10,6,12,4,0,6,70,69,142,24023,21199,45217,1964,1801,3761,878,31,902,290,37,329,245,55,301,698,227,923,1992,1598,3593,30390,25114,55501,3,4,9,0,0,0,0,0,0,8,4,13,0,0,0,0,0,0,11,10,22,0,0,0,0,0,0,25,13,35,3,3,8,3,0,5,28,21,45,245,91,330,285,115,396,7,0,8,5,3,7,27,10,36,36,10,48,2558,2386,4943,2118,3893,6013,486,394,873,35874,31905,67781
CED140,2118,1508,3628,252,375,626,23,3,27,7,3,12,28,27,47,19958,18098,38055,1252,1424,2668,556,15,570,257,13,268,157,46,204,176,97,274,592,607,1198,25369,22212,47578,496,366,862,10,11,18,8,10,15,976,602,1584,95,168,260,110,26,132,1695,1177,2869,4,6,8,0,0,0,4,10,13,23,33,52,0,3,4,35,50,79,284,122,398,2005,1344,3349,313,190,503,13,7,19,14,3,13,338,201,539,1599,2177,3776,2419,4057,6470,319,303,614,32044,30287,62326
CED141,138,80,221,291,355,642,0,0,0,0,0,4,32,23,46,23672,21338,45013,1368,1406,2776,591,9,607,322,24,348,228,33,258,129,77,204,402,422,824,27178,23771,50945,38,23,59,0,0,0,0,0,0,90,57,142,12,13,30,8,5,13,155,89,247,0,0,0,0,0,0,11,25,36,30,31,55,6,0,5,46,59,105,245,69,314,447,216,666,28,17,46,3,7,8,5,0,8,36,22,58,885,1487,2374,2472,4200,6679,231,240,472,31252,29936,61188
CED142,10662,9033,19690,6324,7393,13721,92,36,127,342,378,721,669,539,1214,14429,9199,23630,968,1607,2577,151,3,158,1127,217,1348,2536,994,3527,1261,557,1814,15075,12892,27971,53641,42846,96493,2032,1972,4006,32,25,55,127,129,253,155,91,248,75,82,153,292,177,466,2714,2474,5189,10,12,22,55,85,140,41,67,112,34,78,114,140,134,273,280,375,656,401,222,627,3404,3063,6469,456,337,799,47,50,94,73,32,100,573,418,996,2436,2216,4649,3541,4786,8331,614,499,1113,64211,53834,118046
CED143,230,208,434,5765,6252,12016,2069,1465,3536,3,3,5,119,95,216,18451,15758,34208,865,1499,2364,327,4,331,903,152,1049,818,235,1048,248,156,401,1568,1925,3492,31365,27750,59112,647,666,1322,441,465,913,0,0,0,47,40,87,21,33,58,8,9,18,1176,1218,2393,476,375,853,0,0,0,198,164,363,84,131,222,59,51,106,814,728,1544,545,277,828,2541,2225,4758,442,346,785,91,65,159,34,9,45,571,415,988,2362,3037,5395,1948,3722,5667,310,286,596,39089,37433,76519
CED144,5735,5110,10848,594,1140,1735,3,4,5,27,37,56,222,32,257,23762,13960,37722,1364,1925,3292,692,10,699,279,30,309,200,30,229,305,134,437,821,904,1730,34007,23311,57319,1320,1498,2818,21,6,31,46,44,92,491,415,905,126,250,382,86,35,125,2086,2263,4348,0,0,0,4,3,11,47,32,83,22,62,83,11,12,25,84,114,197,278,159,437,2453,2531,4984,228,250,484,15,3,17,12,0,7,254,260,513,687,1272,1961,1997,2659,4658,602,355,960,39995,30387,70386
CED145,4250,4054,8299,3180,4286,7466,660,393,1052,18,11,29,306,229,537,15601,12480,28086,871,1558,2432,211,3,212,1314,273,1587,1204,396,1602,271,231,503,2910,3672,6585,30802,27584,58394,2966,3356,6319,67,36,100,11,6,17,217,160,377,94,125,219,133,79,214,3487,3763,7247,37,20,57,10,9,16,54,63,117,28,53,76,60,61,115,186,203,386,301,189,488,3975,4156,8126,317,282,603,25,23,44,10,16,23,350,318,671,2307,3132,5445,1564,3149,4716,360,310,671,39366,38660,78020
CED146,2411,2355,4763,424,679,1104,11,3,10,4,0,5,78,18,93,26873,19288,46153,1655,2123,3771,1070,12,1084,165,15,185,78,11,85,184,87,272,276,336,612,33219,24927,58143,582,618,1204,3,0,4,5,4,12,905,719,1629,110,305,413,22,11,35,1633,1662,3296,3,0,3,0,0,0,39,55,98,35,68,102,9,6,13,79,136,215,278,165,440,1998,1960,3953,237,273,514,9,7,13,4,0,5,252,281,529,670,1354,2020,1683,2665,4354,494,407,905,38317,31595,69912
CED147,545,334,878,210,292,497,7,0,7,5,3,6,27,31,61,24414,21042,45453,1543,1611,3156,688,14,700,229,27,258,152,26,180,190,110,302,503,556,1062,28524,24044,52570,41,47,87,0,0,0,0,0,0,258,131,391,35,31,67,37,0,39,374,211,588,5,0,5,0,0,0,11,14,22,9,31,42,3,9,8,30,48,75,230,115,338,631,372,1002,49,37,87,3,3,7,8,3,9,58,45,100,1037,1629,2668,2620,4152,6771,324,299,625,33193,30540,63729
CED197,5,8,8,3,0,8,0,0,0,0,0,0,0,0,0,109,100,205,14,4,16,3,0,3,0,0,3,0,0,0,16,9,19,10,5,15,159,126,283,0,0,0,0,0,0,0,0,0,0,0,0,0,0,0,0,0,0,0,0,3,0,0,0,0,0,0,0,0,0,0,0,0,0,0,0,0,0,0,0,0,0,0,0,3,0,0,4,0,0,0,0,0,0,0,0,4,9,5,19,359,486,852,12,22,34,546,648,1190
CED201,1300,958,2257,321,358,683,3,3,7,9,11,25,37,20,58,26468,22349,48813,1183,1653,2835,400,7,404,173,11,190,165,29,190,162,82,244,322,313,635,30538,25802,56342,294,223,511,0,0,0,33,36,69,817,439,1253,70,144,215,16,5,24,1235,844,2082,0,0,0,4,3,14,24,26,44,34,52,83,3,0,3,66,78,147,229,129,359,1526,1056,2585,275,205,483,4,10,18,10,4,9,288,219,510,962,1390,2352,2019,3848,5872,242,215,451,35572,32528,68102
CED202,613,491,1106,182,249,431,19,3,24,6,8,15,66,57,128,25086,21843,46930,1503,1721,3217,493,12,507,138,15,149,278,62,345,176,90,266,953,890,1844,29512,25450,54963,42,29,66,0,0,0,35,35,76,246,147,396,20,39,62,34,3,41,381,255,637,0,0,0,0,0,0,12,12,23,17,37,52,5,4,11,36,49,82,237,118,347,654,418,1072,121,136,259,12,5,15,13,0,10,138,142,286,1489,1781,3275,2658,4927,7584,373,350,721,34831,33071,67904
CED203,4423,4515,8938,500,623,1119,14,0,19,1487,2176,3669,102,53,151,21135,17711,38847,901,1486,2387,306,4,312,382,65,450,2433,1311,3745,208,114,320,831,1027,1854,32714,29085,61804,418,412,830,0,0,0,563,569,1131,372,422,787,74,124,193,173,106,275,1594,1631,3227,0,0,0,150,249,390,14,24,42,20,44,56,12,18,28,189,329,520,349,375,725,2136,2333,4471,334,390,729,14,31,49,25,20,46,378,441,818,1273,1643,2916,2355,4431,6789,383,313,698,39253,38250,77494
CED204,528,401,922,218,214,434,14,7,20,11,8,17,43,50,89,23611,20724,44342,1413,1691,3101,450,20,464,199,31,229,383,115,499,168,77,247,1064,1018,2083,28094,24351,52447,24,20,44,0,0,0,34,28,62,154,97,254,17,25,45,40,15,51,271,184,457,0,0,0,0,0,0,19,10,24,13,17,34,15,6,22,44,31,80,240,137,380,560,349,910,81,87,175,5,4,13,11,5,17,102,101,203,1558,1867,3421,2673,4894,7569,343,328,672,33326,31889,65216
CED205,2260,1758,4015,518,693,1206,9,0,16,22,21,45,118,41,161,25553,17493,43047,1235,1823,3059,353,4,353,141,7,154,209,25,236,280,114,393,513,540,1060,31215,22521,53736,520,394,911,0,0,0,111,93,202,697,431,1124,69,146,214,26,8,37,1427,1071,2500,0,0,0,9,11,16,37,16,51,38,78,113,7,6,17,84,109,196,271,152,425,1787,1334,3121,371,324,696,9,9,16,10,4,11,394,335,728,1080,1294,2377,1814,2818,4632,417,291,712,36707,28590,65302
CED206,1832,1893,3727,276,294,563,6,3,13,29,58,85,144,35,174,27480,18963,46443,1532,1876,3411,542,7,554,139,13,145,119,15,134,247,110,363,227,265,496,32571,23528,56098,287,246,535,0,0,0,79,83,164,468,383,855,68,114,177,24,3,28,923,835,1757,0,0,0,10,12,14,40,37,80,22,45,69,4,6,17,71,102,173,283,169,448,1282,1102,2387,215,249,462,3,9,17,8,4,16,225,268,492,524,1073,1591,2051,3127,5176,539,377,911,37194,29467,66661
CED207,1100,861,1957,197,196,394,13,8,19,4,3,12,24,8,34,27012,22328,49337,1364,1285,2655,755,10,767,171,8,183,121,28,141,155,81,238,483,420,904,31399,25233,56636,202,149,350,0,0,0,42,32,66,566,392,958,61,91,147,28,8,35,897,669,1564,0,0,0,0,0,0,13,17,28,27,33,57,0,3,3,34,52,90,249,119,374,1182,835,2023,186,159,344,4,3,8,9,0,9,199,164,362,1309,2011,3319,2222,4495,6718,341,295,637,36658,33041,69697
CED208,3855,3153,7011,606,849,1455,11,0,11,297,317,609,63,47,101,22706,18486,41198,968,1833,2799,250,4,250,225,9,237,517,84,597,211,96,309,1026,1139,2164,30731,26016,56740,822,678,1504,0,0,0,262,257,518,743,520,1266,101,207,309,77,32,107,2009,1695,3704,0,0,0,57,77,134,25,23,51,23,60,77,17,13,30,117,171,287,206,182,381,2327,2045,4375,502,483,983,13,19,28,11,3,15,525,502,1023,1447,1676,3117,2442,4173,6613,260,214,478,37731,34618,72348
CED209,605,308,911,259,305,562,7,4,17,13,24,42,37,21,58,26102,22351,48449,1272,1565,2838,417,11,429,149,20,167,399,106,505,200,89,293,875,813,1683,30330,25617,55949,35,22,58,0,0,0,22,24,41,327,167,493,17,26,38,26,3,29,422,241,659,0,0,0,0,0,0,23,28,48,24,37,57,3,5,12,49,71,120,239,127,370,710,436,1149,182,106,284,7,5,8,17,0,19,203,110,317,2011,2330,4340,2725,5180,7909,353,327,682,36340,34004,70338
CED210,901,590,1492,333,443,775,18,10,21,7,8,17,78,63,137,23264,20180,43447,1434,1739,3171,363,11,375,166,22,190,413,134,553,166,76,244,929,1068,1995,28081,24340,52420,49,43,93,0,0,0,59,54,111,261,189,456,35,24,58,46,8,56,449,321,769,0,0,0,0,0,0,31,33,61,17,42,54,13,5,16,56,88,144,211,137,350,723,541,1260,144,148,292,6,8,17,10,11,21,165,167,336,900,1275,2178,2431,4391,6825,355,308,668,32661,31031,63692
CED211,3677,2792,6469,420,426,844,10,0,9,49,42,93,58,29,83,23264,19889,43150,982,1565,2547,299,10,306,200,19,220,324,64,389,162,72,226,524,535,1052,29954,25437,55394,640,459,1102,0,0,0,204,169,377,706,480,1190,106,177,284,110,27,140,1774,1323,3094,0,0,0,19,17,39,20,24,46,17,33,52,4,10,12,64,89,149,217,113,331,2057,1518,3573,337,335,667,4,11,23,16,8,18,360,351,709,1347,1629,2976,2095,4250,6345,258,210,467,36060,33397,69462
CED212,844,615,1456,265,289,557,10,0,12,9,11,15,46,25,66,25516,22001,47516,1373,1458,2823,465,15,481,164,11,174,165,51,214,160,95,261,428,523,953,29445,25089,54535,183,119,302,0,0,0,27,22,44,404,235,642,50,63,117,38,7,40,700,440,1140,0,0,0,0,3,0,4,9,18,35,38,77,10,7,18,55,59,110,243,116,360,992,620,1610,142,137,282,6,0,8,5,3,8,159,143,298,1206,1835,3041,2145,4198,6340,313,315,628,34262,32194,66449
CED213,221,125,348,158,120,280,12,10,21,14,16,27,17,10,30,25313,21220,46534,1349,1328,2679,792,17,809,136,17,152,158,56,215,249,134,377,1231,763,1989,29640,23811,53446,30,25,56,0,0,0,10,7,15,228,139,364,13,24,40,0,3,3,280,197,477,0,0,0,0,0,4,7,13,20,25,25,47,3,0,4,40,36,72,266,99,365,586,329,913,62,49,113,4,6,12,8,6,13,76,62,143,1839,2565,4404,2423,4497,6924,377,366,744,34938,31629,66571
CED214,5270,5252,10523,514,678,1190,11,10,19,40,59,106,135,48,181,25020,18138,43158,1196,1783,2981,259,9,266,415,58,472,1247,396,1642,215,109,323,755,909,1663,35068,27451,62519,706,748,1455,3,0,3,427,459,887,547,544,1095,84,207,292,180,90,270,1954,2050,4001,0,0,0,27,45,72,24,20,43,14,34,44,6,7,15,71,108,178,305,184,493,2331,2347,4672,486,540,1029,9,10,21,16,9,30,512,565,1079,1079,1629,2706,2387,4016,6404,407,301,710,41784,36304,78088
CED215,76,49,127,122,102,228,9,6,18,4,10,12,39,38,79,20921,18525,39446,1269,1365,2641,437,12,448,195,38,233,282,89,376,281,116,399,1123,974,2100,24772,21331,46106,4,9,9,0,0,0,0,3,3,15,15,29,6,10,14,4,0,4,21,35,59,0,0,0,0,0,0,11,8,20,9,17,26,3,7,7,26,26,49,221,115,338,277,168,446,19,14,28,3,6,8,16,3,24,38,24,58,1437,1597,3038,2636,4033,6663,383,390,769,29533,27548,57084
CED216,4630,3674,8309,217,307,525,10,3,12,211,205,411,43,45,87,21398,18861,40258,692,1315,2007,182,0,179,241,26,265,868,203,1071,221,126,345,645,897,1543,29355,25657,55009,493,321,817,0,0,0,339,323,663,586,431,1017,98,132,232,140,47,191,1649,1262,2915,0,0,0,17,23,42,10,17,21,13,18,39,4,3,8,44,64,108,226,164,381,1923,1483,3404,299,272,573,9,4,11,20,8,30,330,291,617,2117,2826,4940,2002,3804,5805,229,223,457,35942,34283,70229
CED217,2114,2418,4534,217,333,553,14,6,17,17,19,40,129,28,157,33970,24332,58302,1833,2499,4331,688,12,698,164,14,180,77,36,108,269,122,396,270,318,580,39764,30148,69911,365,388,756,0,0,0,70,103,171,794,713,1505,83,196,279,36,17,53,1351,1412,2763,0,0,0,0,0,3,34,16,55,30,46,76,3,8,8,65,69,136,326,175,501,1741,1655,3399,369,460,830,3,5,7,16,3,16,387,467,855,701,1430,2131,2459,4258,6726,510,420,932,45567,38378,83947
CED218,7142,6397,13536,289,374,659,10,3,20,1375,1886,3265,104,85,189,20437,17306,37740,662,1314,1973,106,12,116,301,34,333,1531,490,2022,216,167,384,2030,2518,4552,34193,30587,64783,401,351,757,0,0,0,903,973,1879,333,290,616,77,103,183,162,85,248,1878,1805,3682,0,0,0,58,61,116,8,14,23,7,14,26,9,4,17,73,101,175,325,237,561,2277,2145,4419,300,314,620,12,12,17,26,12,37,334,340,673,2027,2362,4390,2209,4012,6220,282,254,532,41322,39698,81018
CED219,1956,1800,3761,279,417,690,15,6,21,3,3,14,120,36,155,37424,26154,63577,2129,2472,4598,805,15,821,215,9,228,94,14,106,292,125,422,272,323,595,43607,31369,74982,331,368,700,0,0,0,54,65,119,638,386,1022,58,173,235,22,10,34,1101,1005,2104,0,0,0,0,0,0,27,24,53,27,64,87,9,3,8,65,89,159,346,163,511,1509,1262,2770,317,362,679,12,4,11,14,4,19,340,372,709,804,1548,2350,2406,4231,6636,530,351,884,49201,39133,88340
CED220,3157,2760,5918,427,587,1015,9,3,9,23,24,43,88,46,130,24381,19063,43448,1141,1933,3082,375,13,384,190,20,209,449,89,536,215,118,329,557,643,1203,31011,25295,56303,486,495,980,0,0,0,152,137,288,683,532,1209,106,165,269,77,31,108,1501,1354,2856,0,0,0,7,6,14,34,13,42,24,69,92,10,9,13,76,93,164,237,157,390,1811,1602,3414,298,390,685,9,8,13,3,4,7,306,401,708,1067,1444,2510,1910,3342,5246,300,229,530,36404,32314,68716
CED221,53,41,94,211,180,387,17,3,21,9,16,31,44,23,70,22715,19672,42393,1323,1472,2794,538,21,561,247,38,281,408,129,537,490,254,747,2110,1769,3887,28174,23628,51802,4,0,3,0,0,0,3,3,3,36,26,59,0,3,3,6,3,4,41,31,80,0,0,0,0,0,0,3,15,17,9,8,22,18,0,20,29,29,58,234,111,345,307,167,479,13,10,19,6,3,7,14,3,13,30,9,40,2140,2235,4376,3640,5327,8966,438,406,839,34727,31776,66496
CED222,2693,2285,4982,292,357,650,11,3,17,10,20,24,50,35,82,28471,22912,51376,1334,1759,3097,430,10,437,211,17,228,314,67,382,193,105,296,344,490,840,34357,28053,62410,307,276,585,0,0,0,109,86,198,579,435,1008,74,114,191,60,29,88,1121,936,2061,0,0,0,0,0,0,21,13,38,22,49,63,8,0,7,49,63,111,249,144,397,1421,1148,2567,219,233,450,4,7,8,11,0,8,233,235,473,1121,1735,2859,2084,4042,6120,340,235,573,39549,35448,74997
CED223,3631,2882,6514,422,477,900,8,9,15,27,42,73,54,31,88,22450,19517,41961,857,1347,2204,335,11,346,249,38,283,579,106,681,177,93,267,754,760,1516,29544,25298,54847,377,249,621,0,0,0,214,207,419,648,531,1182,104,155,255,98,25,126,1446,1166,2609,0,0,0,28,32,55,34,17,53,23,35,58,6,3,7,83,91,178,199,138,340,1727,1398,3122,288,291,575,7,11,16,9,10,21,306,306,613,1442,1921,3359,2176,4386,6557,258,236,496,35447,33542,68991
CED224,3701,3139,6843,759,733,1487,3,0,10,1689,1925,3616,79,49,132,19710,16966,36678,727,1548,2274,99,3,105,234,31,269,1026,245,1277,208,125,336,1190,1406,2598,29430,26180,55605,165,177,339,0,0,0,649,595,1248,300,242,543,51,87,142,81,43,121,1246,1140,2392,0,0,0,138,137,277,29,37,69,15,23,40,16,3,17,201,200,401,319,235,552,1768,1574,3339,239,222,467,25,18,42,17,11,26,284,255,538,2047,2527,4567,2162,3908,6068,200,250,445,35878,34693,70568
CED225,1846,1353,3196,181,194,372,18,5,24,3,7,9,26,21,48,30323,24722,55041,1432,1702,3134,644,15,661,206,17,224,110,17,124,181,112,296,338,370,705,35302,28534,63838,261,176,434,0,0,0,51,53,108,577,394,973,81,122,203,41,11,51,1018,754,1770,0,0,0,0,0,0,16,10,25,29,37,66,0,0,0,51,47,96,265,126,391,1330,927,2259,227,204,431,0,4,3,14,0,15,239,204,449,1470,2319,3786,2415,4533,6947,357,287,640,41107,36810,77919
CED226,4552,4009,8565,221,371,594,17,4,23,16,21,39,197,49,251,39901,26605,66508,2150,3064,5213,599,8,604,332,18,349,248,49,291,371,163,533,447,520,969,49058,34879,83940,911,785,1695,0,0,0,204,211,418,1269,863,2135,183,368,548,127,43,174,2705,2273,4978,0,0,3,0,4,7,25,24,47,18,54,74,5,11,18,53,92,143,429,234,661,3181,2592,5775,870,922,1788,4,13,18,13,9,21,887,939,1827,1228,2419,3646,3077,5123,8199,569,432,1001,58011,46384,104388
CED227,13,10,20,120,99,214,16,7,21,4,4,10,33,29,55,21261,17920,39178,1442,1608,3051,478,18,490,183,23,209,298,86,387,407,115,524,1736,1500,3239,25982,21414,47392,3,3,3,0,0,0,0,3,3,0,3,3,0,0,0,0,0,0,4,7,15,0,0,0,0,0,0,12,8,13,4,14,18,3,0,3,16,20,33,172,91,266,197,121,316,9,0,9,7,0,7,26,5,31,37,5,42,2294,2083,4382,1928,3408,5338,457,365,821,30898,27393,58295
CED228,2853,3039,5891,320,471,798,9,0,10,507,854,1362,118,62,177,26437,19111,45550,1306,2180,3480,345,9,358,289,28,324,571,139,709,256,126,385,603,706,1305,33608,26732,60341,656,650,1307,0,0,0,505,517,1021,472,427,902,79,150,228,51,14,63,1775,1757,3530,0,0,0,60,67,131,40,40,78,21,25,52,4,8,12,123,144,265,315,259,577,2207,2162,4369,442,539,977,7,9,22,18,9,25,466,557,1020,905,1332,2240,2232,3772,6001,462,374,836,39881,34935,74813
CED229,2009,2021,4037,192,212,403,13,9,19,11,22,31,125,27,154,38751,29864,68610,1847,2096,3943,964,19,988,177,17,192,133,21,150,260,124,385,791,571,1356,45283,34995,80280,396,314,710,0,0,0,59,70,130,926,710,1640,104,167,274,39,8,49,1533,1274,2802,0,0,0,3,3,10,29,44,69,22,43,64,3,4,5,56,90,150,377,171,553,1970,1530,3507,371,399,771,3,11,8,18,4,22,392,409,801,1491,2514,4004,3266,6178,9443,511,419,929,52914,46046,98962
CED230,746,565,1312,105,92,194,0,5,7,6,7,17,43,24,64,26598,21998,48592,1512,1479,2987,658,24,685,214,32,251,150,44,197,257,120,376,1034,870,1902,31314,25261,56581,120,94,214,0,0,0,32,18,45,163,132,297,31,33,65,38,6,40,379,281,652,0,0,0,0,0,0,10,3,16,9,11,22,0,4,8,25,21,49,259,99,362,663,404,1064,127,111,245,6,0,6,12,5,16,150,116,265,2025,2397,4424,2681,4821,7501,423,418,842,37254,33422,70678
CED231,4576,4451,9033,637,757,1395,20,10,29,8002,9071,17075,308,238,541,16979,13621,30600,754,1514,2267,91,0,91,508,87,598,3940,2280,6214,480,342,823,10187,9953,20144,46480,42330,88811,401,388,790,3,3,7,1140,1294,2435,128,127,260,54,75,126,194,110,307,1915,1997,3915,0,0,0,116,218,335,17,14,29,3,12,15,20,26,43,155,269,425,695,632,1331,2768,2907,5677,439,432,868,29,30,63,89,71,159,555,535,1093,2306,2355,4660,3916,6512,10420,471,442,912,56494,55078,111574
CED232,2993,2949,5941,446,608,1052,17,3,26,5740,6755,12497,211,171,384,20101,16602,36701,810,1495,2306,101,7,109,557,91,646,2291,1097,3391,368,283,652,4845,4743,9588,38487,34801,73286,188,199,383,4,0,4,861,890,1747,150,117,264,21,48,69,101,66,160,1316,1323,2632,0,3,3,124,204,333,21,14,37,6,10,18,21,19,36,168,257,426,574,534,1104,2052,2110,4163,327,301,629,35,27,58,57,42,103,414,374,787,2345,2647,4990,2373,4053,6421,294,270,567,45964,44249,90213
CED233,664,517,1184,2018,1982,3999,0,5,4,13,17,34,32,21,48,23034,18736,41771,929,1718,2649,330,3,336,178,7,184,130,14,143,151,96,250,330,361,692,27817,23473,51288,370,225,596,0,0,0,23,14,35,427,223,645,44,67,109,11,0,14,866,532,1396,0,0,0,138,118,254,130,142,278,53,85,133,14,9,22,331,348,685,221,154,368,1421,1033,2455,222,174,398,41,41,87,11,3,11,269,220,493,1621,1958,3583,1939,3495,5428,254,204,461,33318,30387,63703
CED234,26,29,54,58,74,138,5,0,10,5,6,9,34,35,70,22242,18832,41073,1350,1594,2945,493,16,514,287,43,334,349,125,476,259,99,358,1483,1297,2786,26601,22162,48759,0,3,3,0,0,0,4,4,6,14,5,23,4,0,4,0,0,0,24,20,39,0,0,0,0,0,0,9,6,11,3,7,11,5,0,5,16,13,33,208,87,298,251,114,364,3,6,15,0,0,0,11,3,11,15,12,26,2317,2059,4373,2150,3751,5909,466,391,857,31810,28485,60295
CED235,2313,2211,4528,279,359,637,18,3,21,113,121,233,162,29,189,29554,22056,51610,1413,1912,3322,610,3,615,179,14,192,157,26,179,208,101,309,287,312,595,35292,27141,62437,395,367,760,0,0,0,113,109,222,665,504,1171,81,153,240,39,13,53,1294,1153,2445,0,0,0,20,17,31,26,17,41,16,46,56,6,7,17,66,89,149,247,165,418,1605,1404,3014,301,339,639,7,7,9,11,0,13,318,346,666,746,1292,2033,2260,4078,6335,488,427,914,40716,34686,75402
CED236,22,19,39,90,55,141,11,3,14,11,3,13,48,32,78,20034,17338,37372,1327,1396,2728,539,18,553,253,51,304,273,84,355,312,109,417,1712,1288,3003,24623,20393,45021,0,3,5,0,0,0,0,3,3,10,6,15,3,0,3,4,0,4,17,11,30,0,0,0,0,0,0,3,8,10,9,6,11,4,0,4,15,15,26,182,81,269,221,106,330,12,4,14,3,3,4,12,0,15,23,5,30,2691,2278,4968,2207,3862,6072,412,366,783,30174,27026,57198
CED237,4196,3836,8036,234,374,608,13,4,11,3299,4415,7712,129,69,199,22612,17349,39959,990,1570,2562,286,4,295,431,64,494,2921,1809,4728,271,148,421,919,1092,2011,36301,30739,67038,357,338,695,0,0,0,685,709,1394,347,318,660,56,106,160,153,83,237,1591,1559,3151,0,0,0,161,307,470,17,20,39,8,20,24,10,12,19,197,359,553,492,467,958,2279,2380,4662,375,378,754,27,31,54,28,30,61,431,431,864,1314,1675,2988,2400,4445,6850,461,325,789,43192,40001,83195
CED297,0,0,0,0,0,0,0,0,0,0,0,0,0,0,0,27,4,28,11,0,8,0,0,0,0,0,0,0,0,0,146,0,151,31,0,31,217,9,225,0,0,0,0,0,0,0,0,0,0,0,0,0,0,0,0,0,0,0,0,0,0,0,0,0,0,0,0,0,0,0,0,0,0,0,0,0,0,0,17,3,22,17,3,22,0,0,0,0,0,0,0,0,0,0,0,0,0,0,0,6,6,15,3,0,3,252,15,264
CED301,730,883,1608,142,165,312,4,0,3,0,3,3,39,20,60,24450,20426,44873,1636,1821,3452,824,28,856,575,53,623,174,35,207,211,109,322,514,583,1102,29303,24116,53415,100,154,252,0,0,0,0,0,0,376,422,798,60,100,167,33,9,41,567,687,1258,3,0,3,0,0,0,12,25,36,14,18,33,3,3,8,26,49,75,319,127,449,916,872,1782,86,107,193,10,0,10,14,3,17,104,114,223,989,1434,2421,2583,3916,6498,339,278,615,34228,30724,64950
CED302,953,1203,2154,2142,2582,4722,30,28,53,0,3,4,56,27,90,24533,20758,45291,1377,2172,3552,471,11,486,628,44,674,488,95,579,276,105,382,642,645,1290,31601,27678,59276,124,155,284,0,0,0,0,0,0,205,241,444,43,48,96,36,13,47,412,461,876,4,8,10,0,0,0,194,285,485,76,178,252,33,20,45,306,485,793,330,228,553,1047,1176,2223,72,81,152,24,24,50,11,6,19,104,113,217,1459,2128,3592,2538,4217,6759,253,213,471,37006,35529,72535
CED303,698,754,1453,477,684,1160,40,47,82,3,3,8,35,33,66,25152,22222,47377,1328,1688,3015,750,14,761,545,31,573,194,56,255,251,116,369,442,535,980,29909,26183,56098,68,60,130,0,7,8,0,0,0,212,258,471,33,44,74,25,9,35,344,372,717,22,30,51,0,0,0,128,195,323,34,72,104,11,10,20,187,306,496,595,382,976,1124,1058,2188,82,77,156,34,50,87,57,35,89,171,161,333,1322,2153,3476,2589,4073,6668,235,215,446,35360,33846,69207
CED304,2614,2515,5129,4072,5235,9308,136,147,282,13,6,17,270,215,485,23304,19014,42316,1551,2569,4121,204,9,214,933,150,1079,1835,571,2412,449,270,715,5374,4869,10240,40753,35563,76315,454,444,899,3,3,9,3,3,4,170,172,341,50,74,122,59,30,90,741,728,1474,39,34,76,0,5,5,109,121,226,56,131,185,76,91,163,273,378,651,374,218,586,1386,1324,2714,127,100,226,51,38,97,46,15,58,223,157,386,2124,2539,4667,3401,5118,8513,276,257,536,48161,44961,93125
CED305,10,7,14,1540,353,1896,11,3,12,0,0,0,60,63,123,25047,21091,46144,2514,2030,4544,676,18,696,437,56,491,344,109,450,415,176,589,1377,1138,2515,32428,25052,57484,0,0,0,0,0,0,0,0,0,6,11,18,0,4,4,7,0,7,12,12,26,4,0,4,0,0,0,144,13,159,39,18,58,41,8,44,222,47,272,344,128,471,580,190,771,19,4,21,69,18,81,38,3,42,122,21,143,1322,1842,3167,3700,3856,7552,412,308,721,38572,31271,69840
CED306,20,18,33,614,290,903,70,25,91,0,0,0,71,60,135,25500,23189,48688,1981,2193,4173,666,29,701,516,65,581,542,177,717,471,276,742,1554,1416,2971,32007,27739,59744,3,3,5,0,0,0,0,0,0,11,6,19,0,0,0,0,0,0,13,14,28,12,4,13,0,0,0,53,11,62,24,23,45,8,11,19,94,49,140,378,156,530,485,211,699,3,0,10,18,13,32,22,10,32,48,22,69,1104,1918,3026,3891,4426,8315,373,348,718,37906,34661,72571
CED307,1495,1769,3259,321,415,736,3,0,3,3,3,9,27,27,54,25047,21668,46713,1289,1788,3074,642,9,651,789,61,856,276,55,328,231,98,331,388,359,742,30511,26254,56763,230,195,428,0,0,0,0,0,0,826,852,1674,109,169,286,77,15,87,1241,1224,2469,0,0,3,0,0,0,55,106,162,19,44,61,7,0,6,83,147,226,284,142,426,1604,1518,3124,121,151,268,10,8,16,13,3,19,143,156,299,1472,2184,3655,2810,4415,7223,259,212,471,36802,34733,71535
CED308,447,412,858,260,374,639,13,4,17,44,46,90,27,43,70,28876,25661,54535,1786,2218,4004,600,8,614,572,72,644,318,106,424,352,186,539,509,603,1117,33807,29734,63543,83,96,183,0,0,0,0,0,3,196,148,344,40,29,68,18,7,19,338,284,621,3,3,7,36,63,104,26,22,48,22,39,59,5,8,16,92,136,225,342,195,534,769,608,1378,76,83,166,19,36,55,19,10,32,119,128,251,1793,2621,4412,2692,4120,6810,314,298,615,39497,37508,77007
CED309,93,69,162,310,375,688,15,3,18,7,0,8,25,24,50,24040,23024,47064,1275,1764,3033,677,8,685,458,26,485,320,131,446,341,133,477,704,820,1524,28260,26385,54639,7,15,22,0,0,0,0,0,0,93,49,141,0,9,6,6,0,8,111,68,178,0,0,0,0,0,0,21,15,34,25,36,57,11,3,18,57,55,108,284,133,425,453,258,707,17,13,31,21,18,45,25,7,28,65,32,102,2077,3000,5077,2888,4223,7111,300,263,560,34039,34160,68199
CED310,190,141,331,272,323,593,12,4,13,4,4,10,27,18,44,20997,19662,40654,1280,1515,2796,631,21,658,342,24,369,385,156,534,315,120,436,705,788,1497,25156,22775,47933,24,30,49,0,0,0,0,0,0,135,86,220,7,10,21,6,4,12,179,125,303,3,0,3,0,0,0,13,10,18,20,33,54,10,10,17,46,49,95,280,97,373,502,273,776,32,33,72,15,7,26,20,7,23,64,49,116,1738,2558,4298,2901,4268,7172,328,298,627,30694,30217,60913
CED311,14,10,19,1622,199,1825,125,19,143,3,3,6,49,31,82,23878,19493,43371,2136,1831,3965,693,24,722,608,58,669,271,69,340,460,213,669,1587,1450,3038,31452,23405,54855,0,0,0,0,0,0,0,0,0,10,8,13,0,0,0,0,0,0,9,8,18,157,23,174,0,0,0,135,24,157,13,10,25,20,0,23,322,58,381,699,174,876,1039,240,1274,13,3,17,588,98,681,42,17,61,647,115,764,2158,2533,4687,3663,3665,7324,489,344,826,39440,30291,69724
CED312,517,574,1098,468,728,1197,7,3,12,4,4,9,30,24,54,28537,23828,52370,1903,2078,3982,1066,32,1090,584,44,637,113,34,146,261,125,386,328,428,756,33824,27897,61728,88,98,180,0,0,0,0,0,0,171,184,349,35,52,85,33,4,38,325,332,658,3,0,3,0,0,0,109,188,293,33,80,111,9,7,13,151,275,423,310,143,449,782,752,1528,85,108,189,14,15,24,13,3,14,109,123,231,1123,1984,3103,2477,3776,6255,354,310,659,38666,34836,73504
CED313,1161,1201,2361,4146,5637,9782,782,845,1624,6,3,5,143,112,258,23976,19776,43754,1299,2366,3670,282,12,291,832,141,974,1904,708,2611,308,174,487,2174,2361,4537,37022,33322,70347,285,283,567,7,12,19,0,3,3,112,135,252,32,43,74,30,9,42,466,493,958,159,186,348,0,3,3,136,209,343,80,159,234,100,66,160,469,622,1086,474,334,805,1410,1444,2851,111,83,195,70,86,155,36,11,48,217,182,396,1888,2327,4214,2866,5017,7883,244,225,473,43644,42517,86165
CED314,15,10,25,136,111,250,12,4,13,0,0,0,65,82,151,24529,22024,46552,1846,2153,3997,676,12,692,492,34,524,420,88,513,228,101,330,1106,978,2081,29531,25603,55129,3,0,3,0,0,0,0,0,0,15,7,18,0,0,3,0,0,0,14,10,24,0,0,0,0,0,0,14,15,28,4,17,23,4,10,13,21,38,59,290,167,461,332,217,545,0,0,0,6,8,16,15,0,15,20,13,34,1446,1906,3350,2411,3945,6355,292,269,559,34031,31954,65984
CED315,14,12,27,324,334,656,34,22,58,3,0,8,74,71,145,25988,25357,51342,1938,2424,4362,484,15,500,798,114,913,837,281,1119,383,139,518,1234,974,2210,32107,29737,61844,0,4,3,0,0,0,0,0,0,0,9,5,0,4,3,0,3,3,7,14,16,3,3,7,0,0,0,23,15,38,26,40,66,19,10,31,64,75,141,381,249,631,455,337,790,8,0,11,23,20,41,42,31,73,77,48,120,698,1287,1985,3107,4229,7333,325,232,557,36764,35866,72627
CED316,18,8,26,190,128,313,19,8,24,0,0,0,24,31,58,17061,16887,33952,1331,1862,3192,500,8,504,437,37,477,324,117,436,177,73,252,608,605,1220,20687,19765,40459,3,3,6,0,0,0,0,0,0,13,8,19,3,0,3,0,0,0,15,11,27,4,4,3,0,0,0,13,4,25,0,9,10,5,3,7,26,24,50,189,125,317,233,158,394,0,0,0,6,3,11,6,3,8,8,10,20,879,1317,2195,2241,3223,5461,283,276,560,24335,24758,49087
CED317,8,3,13,958,381,1341,23,12,32,0,0,0,63,77,134,21754,19431,41187,2200,2144,4343,840,48,888,468,60,529,376,125,503,706,258,963,2401,1935,4337,29800,24484,54279,0,0,0,0,0,0,0,0,0,3,3,9,4,0,3,3,0,5,13,7,17,3,0,3,0,0,0,60,21,82,17,25,39,15,0,24,92,47,142,280,129,414,390,182,569,3,0,4,11,3,13,33,4,37,47,8,58,2160,2346,4507,3053,3682,6735,567,459,1025,36012,31161,67171
CED318,35,31,68,593,681,1279,61,29,87,12,7,17,140,133,272,26514,25211,51726,2195,3035,5226,507,21,533,602,119,724,1110,543,1647,826,285,1109,2486,2564,5047,35078,32665,67741,9,3,11,0,0,0,0,0,0,9,19,26,0,3,7,0,0,3,20,25,45,5,3,8,0,0,0,23,14,36,42,72,114,26,31,62,98,126,221,418,270,688,537,417,955,6,0,6,30,26,59,50,19,69,85,42,131,1404,1932,3335,4978,5903,10885,504,420,927,42584,41386,83970
CED319,2480,3044,5530,1605,2154,3759,5,0,4,6,3,12,92,54,146,24833,21051,45885,1422,2230,3652,502,13,512,846,100,949,664,137,804,281,120,402,805,909,1715,33545,29815,63363,318,386,705,0,3,3,0,0,3,553,652,1205,82,160,239,65,21,88,1021,1221,2240,3,4,4,0,3,3,93,135,230,51,111,165,18,17,36,163,273,441,290,149,440,1474,1644,3118,100,133,233,16,26,38,11,3,15,131,154,288,1280,1816,3097,2778,4665,7446,302,242,546,39514,38338,77853
CED320,995,1151,2151,156,158,309,5,3,8,3,0,9,19,17,33,22947,20235,43181,1766,2018,3785,1117,16,1136,564,63,629,173,55,229,239,100,342,417,526,949,28413,24346,52759,120,120,240,0,0,0,0,0,0,337,393,729,81,78,163,85,7,89,621,604,1226,0,3,4,0,0,0,22,11,35,12,33,41,13,0,13,45,47,93,296,134,434,962,787,1753,102,118,217,9,0,10,6,4,15,118,122,243,1096,1885,2985,2845,3916,6761,334,272,609,33774,31328,65106
CED321,11,11,23,320,89,409,3,5,10,4,0,7,31,39,70,21741,18125,39868,1992,1762,3753,1106,41,1152,363,68,432,356,144,499,616,241,862,2388,2083,4470,28935,22612,51545,0,3,7,0,0,0,0,0,0,7,4,12,3,0,3,0,0,6,14,6,25,0,0,0,0,0,0,14,8,25,8,3,9,11,4,13,33,19,53,303,114,416,350,133,484,21,3,26,29,3,29,47,11,62,101,22,121,3682,3364,7047,2569,3587,6157,506,393,903,36145,30109,66250
CED322,303,211,509,337,501,839,13,3,16,12,21,32,31,25,60,25570,24446,50018,1387,1789,3176,441,15,458,458,49,508,485,208,693,274,137,412,665,781,1447,29982,28189,58178,45,49,86,0,0,0,0,0,3,121,82,205,14,19,31,29,3,31,206,142,354,0,0,0,39,76,119,23,23,51,22,56,73,5,6,15,91,165,260,266,175,439,567,483,1050,58,39,99,20,17,34,12,4,17,93,55,150,1845,2650,4497,2848,4341,7190,303,294,593,35641,36014,71658
CED323,388,304,689,435,611,1043,17,12,31,650,864,1517,74,65,135,26416,22948,49366,1470,2065,3534,433,12,443,564,82,647,695,298,1000,443,276,717,1726,1952,3675,33314,29488,62805,91,100,191,0,0,0,16,14,33,145,90,237,23,17,40,21,3,25,289,233,525,0,0,0,141,205,349,25,18,40,16,40,58,15,13,28,197,270,468,400,261,657,883,764,1651,78,64,149,37,39,78,18,19,35,133,129,258,1974,2497,4468,3792,5327,9118,377,331,706,40477,38531,79006
CED324,2104,2090,4198,2413,3203,5615,7,8,12,7,3,11,111,61,171,24130,17952,42080,1406,2454,3858,362,11,376,539,68,610,1015,266,1277,233,123,352,790,882,1675,33123,27112,60239,347,390,735,0,0,3,0,0,0,192,219,411,53,77,128,75,23,101,672,702,1377,6,0,6,0,0,0,204,202,399,78,177,251,46,23,68,327,404,729,313,169,487,1309,1279,2590,122,101,225,22,35,55,11,4,16,147,139,293,1482,1860,3337,2557,3983,6542,266,207,475,38892,34582,73471
CED325,1368,1722,3089,579,819,1399,7,6,13,0,0,0,57,36,96,26265,20855,47121,1609,2561,4174,466,18,481,606,58,661,359,48,406,214,120,333,312,392,709,31850,26639,58485,296,287,584,0,3,4,0,0,0,592,556,1146,93,137,227,67,17,77,1044,999,2047,0,0,4,0,0,0,53,73,128,28,85,112,12,7,19,97,168,266,295,169,462,1432,1343,2772,144,175,315,14,8,20,15,6,18,164,193,361,977,1669,2646,2262,3744,6007,342,269,612,37028,33859,70887
CED326,1096,1267,2359,546,786,1338,8,4,8,5,0,5,52,41,93,25420,21996,47417,1619,2127,3745,615,11,628,698,62,762,259,62,323,270,125,400,470,606,1075,31057,27091,58148,276,230,502,0,0,0,0,0,0,654,683,1336,83,124,204,45,9,54,1057,1045,2099,0,5,5,0,0,0,29,54,85,37,80,116,15,9,21,87,138,227,285,147,439,1429,1334,2764,142,142,284,10,13,26,8,4,12,162,169,324,1119,1760,2878,2764,4372,7136,309,274,584,36835,35000,71833
CED327,345,397,739,1677,2376,4054,10,3,8,3,0,3,82,45,133,29869,22516,52386,2089,2718,4804,713,11,728,618,38,656,183,25,213,253,117,372,362,391,753,36210,28637,64848,113,141,257,0,0,0,0,0,0,127,134,262,25,49,70,15,3,18,282,327,613,4,5,9,0,0,0,282,375,652,77,221,296,26,19,43,384,618,1000,353,177,526,1019,1117,2141,63,78,140,30,36,68,9,3,8,101,114,219,917,1542,2456,2553,3810,6364,419,325,743,41219,35539,76762
CED328,1965,1933,3896,2333,2570,4906,94,109,199,11,0,8,76,44,125,21336,18981,40313,1137,2055,3196,258,0,264,829,83,913,1632,421,2047,257,135,391,1581,1298,2877,31502,27625,59130,395,363,749,7,3,11,0,0,0,383,336,719,87,105,191,45,17,61,917,818,1739,35,21,55,0,0,0,184,227,412,65,137,206,50,36,86,333,425,756,385,208,588,1629,1457,3083,149,125,270,33,29,66,19,14,30,201,169,365,2156,2674,4837,2713,4916,7624,204,171,371,38399,37015,75414
CED329,36,28,68,205,210,417,11,6,21,3,0,5,39,31,66,17710,16728,34438,1172,1471,2644,686,17,705,450,59,511,302,99,405,299,138,440,910,897,1810,21826,19688,41517,4,7,12,0,0,0,0,0,0,23,13,38,0,0,0,0,0,0,27,21,51,3,0,3,0,0,0,20,8,30,14,31,43,6,0,5,38,43,82,215,98,315,287,158,446,8,3,14,9,3,11,12,5,17,33,10,42,2013,2546,4562,3124,3940,7064,343,344,692,27629,26696,54325
CED330,135,146,282,143,156,298,4,0,4,3,3,11,12,14,22,26116,22475,48587,1587,1850,3438,1452,37,1491,460,48,508,85,21,106,267,151,417,804,609,1421,31073,25517,56584,10,15,26,0,0,0,0,0,0,176,175,355,13,26,41,3,0,10,213,215,426,0,0,0,0,0,0,63,120,186,15,34,55,3,0,3,87,156,239,268,102,368,569,470,1037,44,42,89,11,7,21,11,0,16,70,52,128,2004,2873,4879,2762,4083,6842,370,334,704,36844,33330,70174
CED397,3,3,4,4,4,9,0,0,3,0,0,0,4,0,4,76,80,158,3,6,13,3,0,3,4,0,4,3,0,3,80,22,109,23,5,29,205,131,339,0,3,3,0,0,0,0,0,0,0,3,3,0,0,0,0,0,0,0,4,9,0,0,0,0,0,0,0,0,0,0,0,0,0,0,0,0,0,0,3,0,3,3,6,15,0,0,0,0,0,0,0,0,0,0,0,3,15,10,20,205,278,476,0,3,7,432,428,862
CED401,248,176,425,2636,3402,6040,7,3,16,470,486,958,229,151,382,24735,19636,44369,1183,2402,3588,196,0,204,365,72,440,1622,786,2412,379,198,572,2650,2502,5159,34732,29823,64556,83,61,146,0,0,0,18,13,28,13,18,33,6,10,15,31,4,36,148,104,253,0,0,0,46,54,101,123,143,265,47,125,175,59,44,102,272,369,637,410,296,712,836,767,1602,36,28,64,44,46,92,56,30,83,133,107,243,1511,1767,3283,3010,4978,7988,301,256,556,40523,37705,78226
CED402,7,6,14,83,51,137,21,3,20,4,3,3,27,34,65,24831,20342,45169,1536,1757,3294,580,25,602,241,30,274,229,61,294,415,133,545,1467,1120,2588,29444,23573,53020,4,3,8,0,0,0,0,0,0,18,15,34,0,0,0,0,0,0,20,17,36,0,0,0,0,0,0,6,17,29,5,10,14,0,4,3,15,29,47,284,107,396,324,152,477,5,4,12,0,0,3,26,11,32,34,11,45,2373,2196,4570,2435,4022,6449,459,366,829,35066,30320,65386
CED403,1174,1074,2249,1144,1367,2511,8,0,6,78,124,203,55,33,84,23207,20994,44197,1007,1810,2812,262,10,274,290,36,326,718,185,903,258,82,340,528,534,1059,28721,26238,54963,99,84,182,0,0,0,9,18,29,178,199,378,21,33,55,34,12,47,339,354,696,0,0,0,10,9,18,75,153,225,34,81,112,14,13,26,139,250,387,329,274,607,806,879,1688,49,55,107,14,23,33,13,12,25,74,86,165,1236,1626,2862,2640,4993,7631,202,235,440,33689,34062,67748
CED404,11,3,14,813,113,927,6,3,16,0,0,3,75,59,135,20377,17190,37571,1761,1463,3225,470,8,477,230,33,260,297,68,367,685,169,850,2083,1760,3840,26804,20872,47680,0,0,0,0,0,0,0,0,0,9,6,17,0,0,0,0,0,0,8,6,21,0,0,0,0,0,0,93,0,96,14,4,16,17,3,21,128,5,130,310,94,405,449,110,556,7,8,16,16,3,20,52,5,61,79,17,97,2098,1914,4016,3278,3818,7098,429,367,797,33134,27100,60233
CED405,312,354,664,1785,2450,4239,11,4,12,541,763,1303,127,45,177,24894,20843,45741,1066,2129,3191,263,0,265,344,52,400,847,262,1108,298,100,396,606,682,1287,31097,27690,58788,65,63,132,0,0,0,13,15,28,44,47,92,12,12,17,6,3,13,148,137,284,0,0,0,53,60,113,81,121,210,41,110,148,33,26,63,208,318,526,407,377,788,764,833,1597,37,16,49,38,45,82,30,12,36,98,74,168,1110,1372,2481,2688,4603,7296,289,250,537,36038,34820,70856
CED406,707,785,1487,614,825,1435,7,0,7,14,32,47,40,27,65,24485,21047,45533,1217,1519,2736,425,9,436,285,19,304,152,31,182,317,67,380,298,329,628,28559,24697,53255,143,106,244,0,0,0,12,6,12,208,254,457,18,35,55,21,4,25,400,406,801,0,0,0,7,6,13,48,121,168,32,53,79,3,4,7,89,175,269,303,201,504,794,784,1575,62,81,152,8,10,17,10,3,16,78,95,181,720,1111,1831,2715,4809,7523,255,253,507,33122,31750,64875
CED407,206,261,464,1858,2798,4656,5,5,12,3,5,9,77,24,103,26575,21315,47894,1124,1702,2823,376,17,385,269,29,296,232,21,250,294,83,374,327,302,631,31354,26551,57904,54,52,109,0,0,0,9,3,10,48,54,100,5,12,13,5,3,7,124,123,241,0,0,0,5,20,29,237,484,721,43,121,168,20,16,35,304,645,948,270,112,383,697,875,1573,16,39,53,17,25,43,13,3,9,39,71,115,715,1147,1853,2411,4215,6628,234,214,451,35453,33079,68527
CED408,61,53,117,573,623,1195,4,7,7,7,5,11,23,20,41,22135,19304,41445,924,1443,2372,482,12,495,201,15,219,188,54,239,285,100,388,899,714,1611,25791,22352,48138,24,8,36,0,0,0,3,0,4,59,61,122,10,0,8,3,3,3,88,83,170,0,0,0,3,0,3,199,296,491,43,62,102,6,6,15,253,357,615,224,107,330,572,548,1112,14,11,32,23,26,45,4,8,16,43,40,89,2192,2499,4685,2876,4760,7643,267,291,563,31735,30489,62228
CED409,940,1344,2283,669,1001,1675,16,3,16,54,121,170,86,47,132,27080,21526,48605,1404,2177,3580,407,11,421,325,29,353,454,113,563,293,91,385,460,536,990,32179,26995,59176,166,188,357,0,0,0,13,42,53,109,184,288,18,35,56,21,12,33,333,459,794,0,0,0,4,7,17,44,89,126,30,80,114,10,10,17,87,187,277,359,331,691,780,979,1762,80,115,195,9,15,28,14,8,16,102,141,237,612,951,1565,2470,4212,6678,339,282,622,36479,33558,70035
CED410,17,18,39,2540,3296,5839,9,7,14,3,16,19,113,48,159,23643,19853,43501,1076,2208,3287,310,12,319,286,29,316,750,185,929,273,97,370,496,531,1024,29516,26301,55821,49,27,73,0,0,0,0,0,0,17,7,24,0,0,3,0,0,5,69,35,104,0,0,0,19,18,29,248,316,563,62,184,243,38,26,67,369,537,906,267,170,437,700,746,1449,12,10,26,32,31,60,17,3,16,53,51,102,1269,1566,2840,2244,4117,6361,241,228,470,34035,33005,67045
CED411,530,690,1224,264,325,593,13,4,14,3,7,7,21,23,43,26401,20908,47316,1360,1494,2852,595,17,617,237,15,253,157,30,184,298,94,391,755,619,1368,30633,24226,54864,135,129,268,0,0,0,8,10,23,144,214,361,26,30,62,19,3,17,335,385,725,0,0,0,3,0,3,41,80,118,12,46,60,3,4,11,58,133,191,252,113,362,645,628,1276,34,96,136,3,7,10,7,0,12,50,104,158,1171,1430,2601,2666,4256,6917,368,328,693,35528,30980,66508
CED497,0,0,0,0,0,0,0,0,0,0,0,0,0,0,0,10,19,29,0,0,3,0,0,0,0,0,0,0,0,0,24,3,21,0,0,0,36,26,58,0,0,0,0,0,0,0,0,0,0,0,0,0,0,0,0,0,0,0,0,0,0,0,0,0,0,0,0,0,0,0,0,0,0,0,0,0,0,0,0,0,0,0,0,0,0,0,0,0,0,0,0,0,0,0,0,0,0,0,3,15,25,41,0,0,4,52,52,107
CED501,1071,1329,2397,613,383,1000,12,7,15,5,0,6,31,20,58,24494,20815,45312,1633,1653,3285,426,10,438,292,21,319,197,59,256,1030,210,1244,437,435,876,30252,24954,55210,530,553,1077,0,0,0,0,0,0,483,536,1016,77,93,164,43,15,55,1124,1186,2311,0,0,0,0,0,0,20,22,39,37,33,70,21,4,23,78,60,141,296,98,395,1503,1347,2846,242,309,553,8,3,13,8,4,9,263,316,581,621,1365,1993,3666,4293,7953,336,281,612,36641,32555,69196
CED502,989,1082,2070,555,526,1080,6,6,13,5,0,5,90,20,109,29339,23173,52514,1598,2002,3601,525,15,539,286,15,302,214,49,263,544,133,676,324,343,668,34468,27369,61833,846,742,1588,0,0,0,0,0,0,402,472,870,70,111,177,35,12,44,1341,1335,2678,3,0,3,0,0,0,43,59,94,30,68,92,21,6,24,89,128,221,297,139,439,1733,1602,3337,212,303,514,19,6,18,3,4,8,231,313,544,722,1322,2046,2994,3957,6952,372,276,643,40523,34833,75358
CED503,435,460,899,587,204,793,4,0,5,3,0,3,21,16,43,20212,18507,38716,1437,1250,2685,683,31,718,236,27,264,124,44,170,647,162,804,470,466,936,24853,21173,46031,153,171,331,0,0,0,0,0,0,266,305,575,22,44,66,17,10,28,468,527,996,0,0,0,0,0,0,24,27,54,18,25,35,21,4,28,60,54,113,324,103,428,846,686,1535,140,156,291,20,7,24,12,5,21,172,168,339,1039,1792,2823,3465,3702,7166,333,249,585,30709,27767,58476
CED504,632,801,1434,673,619,1292,10,0,16,0,0,5,92,44,130,26049,21413,47464,1583,1976,3562,578,24,596,257,21,279,199,25,225,486,122,604,259,287,546,30830,25325,56159,453,442,899,3,0,4,0,0,0,478,426,899,55,70,125,18,8,28,1012,945,1954,0,0,3,0,0,0,62,69,133,32,63,97,17,9,21,112,143,262,287,114,405,1417,1207,2619,167,212,370,9,8,17,13,4,17,191,214,410,742,1453,2195,2584,3653,6237,349,305,651,36107,32158,68266
CED505,1385,1301,2682,1749,1421,3173,3,7,12,5,0,6,82,43,131,21352,19021,40369,905,1726,2633,124,3,131,356,52,406,1432,461,1893,380,157,530,1281,1296,2577,29049,25492,54544,464,492,953,0,0,0,0,0,3,190,233,422,26,54,77,49,18,70,736,792,1532,0,0,0,0,0,0,68,72,145,28,67,98,48,18,63,145,158,301,234,116,356,1115,1072,2189,97,99,198,19,11,32,9,4,16,125,113,244,1848,2384,4229,2452,3859,6310,257,264,525,34845,33187,68037
CED506,56,21,73,13413,1538,14948,33,7,38,3,3,4,119,73,186,28583,20990,49571,4706,2656,7366,1107,46,1149,567,199,764,778,478,1259,3322,764,4088,4290,4060,8349,56970,30825,87792,9,12,19,0,0,0,0,0,0,7,9,16,4,0,3,6,0,6,24,18,48,3,0,3,0,0,0,72,24,93,30,15,49,108,16,127,217,60,273,490,199,686,728,275,1007,30,4,33,103,25,124,66,20,88,192,46,245,1854,2181,4040,5983,5634,11617,2334,882,3215,68065,39848,107909
CED507,13,15,29,481,145,618,6,3,6,3,3,3,23,29,47,22663,20870,43536,1806,1795,3604,408,10,418,218,39,254,427,196,620,427,139,566,812,803,1618,27278,24051,51330,3,10,11,0,0,0,0,0,0,23,15,38,3,4,6,8,0,8,36,30,62,0,0,0,0,0,0,64,12,78,13,23,37,28,5,36,104,41,147,303,117,424,446,184,631,3,0,4,14,7,22,15,3,20,33,12,48,1377,2111,3497,3497,4204,7704,370,334,700,33003,30893,63903
CED508,970,1140,2106,804,789,1595,19,7,27,3,3,3,53,36,94,25132,22125,47253,1254,1659,2915,385,8,392,334,46,380,638,262,899,450,141,591,609,710,1320,30653,26937,57588,698,651,1351,0,0,5,0,0,0,437,479,916,58,99,153,82,35,116,1270,1271,2543,3,9,10,3,0,3,31,58,94,30,73,108,25,5,29,95,146,243,265,139,407,1632,1560,3188,191,235,428,17,12,27,13,3,14,218,244,468,1052,1819,2872,2789,4271,7057,331,331,655,36670,35162,71832
CED509,581,788,1366,529,474,999,9,5,13,3,0,3,52,36,86,24044,19773,43817,1346,1593,2943,679,24,702,272,20,297,283,61,348,497,147,642,433,467,902,28724,23389,52113,217,264,480,0,0,0,0,0,0,401,414,810,37,70,109,28,11,36,685,757,1439,0,0,0,0,0,0,43,63,105,25,45,68,16,7,23,85,118,199,273,129,396,1040,997,2038,108,132,241,16,9,16,12,3,12,131,143,272,974,1577,2549,2877,3648,6520,365,259,627,34108,30010,64121
CED510,1652,1540,3189,343,229,568,6,6,19,0,0,7,50,27,77,24362,22098,46458,1203,1594,2793,520,12,534,274,16,295,373,72,442,492,107,602,359,439,795,29640,26130,55775,921,557,1478,0,0,0,0,0,0,579,536,1120,82,104,189,102,16,124,1689,1227,2911,0,0,0,0,0,0,19,25,38,19,31,48,9,0,10,49,53,97,275,117,388,2006,1394,3401,201,200,399,3,4,7,5,7,8,210,206,415,1256,2045,3298,2973,4405,7380,299,244,541,36391,34418,70809
CED511,9,3,17,2029,300,2333,10,8,17,4,0,4,66,73,141,24597,19990,44586,2476,1971,4449,776,36,808,303,67,366,360,111,471,957,265,1221,2036,1781,3822,33625,24601,58231,3,0,6,0,0,0,0,0,0,10,5,15,0,0,0,0,0,4,16,7,23,0,0,0,0,0,0,88,25,112,18,9,31,36,5,40,143,39,178,317,123,443,471,167,642,3,0,9,22,10,31,19,4,24,43,14,61,2511,2590,5105,2997,3679,6675,771,425,1195,40421,31484,71903
CED512,948,1068,2016,615,350,965,4,3,6,3,0,3,71,30,99,28653,25351,53997,1829,2135,3967,898,29,923,305,31,334,180,59,241,868,191,1054,727,594,1322,35100,29838,64934,516,522,1034,0,0,0,0,0,0,514,609,1120,60,93,151,23,9,33,1108,1231,2338,0,0,0,0,0,0,37,39,74,24,51,73,24,7,31,77,97,174,372,139,508,1559,1460,3019,186,275,460,19,11,25,16,4,21,221,283,504,1376,2380,3755,4049,4948,8996,430,405,833,42731,39309,82042
CED513,1446,1505,2949,3164,3447,6612,8,4,18,7,6,11,201,148,347,23715,19414,43129,1247,2073,3317,289,9,294,383,78,464,1410,471,1882,590,172,762,2612,2268,4881,35078,29601,64681,521,571,1093,0,0,4,0,0,0,137,203,340,32,63,98,51,32,88,756,871,1624,0,3,3,0,0,0,109,110,219,62,95,157,63,42,101,231,249,480,310,153,466,1301,1272,2573,109,115,227,24,20,45,30,5,37,165,144,302,1312,1620,2927,2974,4256,7230,459,341,794,41282,37230,78509
CED514,591,639,1227,1425,1725,3151,0,3,4,3,4,6,130,56,189,25901,21292,47191,1273,2023,3297,360,3,365,349,45,390,571,118,686,408,146,558,307,378,682,31329,26429,57759,579,607,1187,0,0,0,0,0,0,273,263,539,38,76,107,27,13,42,919,954,1869,0,0,0,0,0,0,84,107,191,46,85,130,29,20,43,160,209,365,240,135,373,1312,1294,2608,161,159,316,19,19,39,16,7,17,193,184,375,1050,1398,2445,2373,3722,6098,342,284,624,36597,33312,69910
CED515,948,1016,1964,2618,2923,5540,36,9,53,7,4,8,205,84,283,27408,21213,48619,1435,2172,3607,330,12,338,346,44,390,971,263,1232,553,196,743,724,778,1501,35580,28708,64285,426,506,934,0,0,0,0,0,3,172,171,350,33,52,90,33,10,47,673,749,1419,10,6,17,0,0,0,124,114,239,62,128,190,60,21,84,256,273,529,336,180,522,1265,1200,2466,121,140,262,42,22,61,9,4,16,171,171,342,1085,1419,2508,2973,3961,6934,411,272,686,41485,35739,77223
CED516,731,646,1381,1053,934,1984,8,0,6,3,3,7,53,10,68,21948,19152,41101,957,1593,2553,221,4,226,224,19,245,702,170,873,335,103,430,378,462,839,26614,23099,49717,1010,750,1763,0,0,0,0,0,0,263,280,548,24,79,108,58,9,63,1354,1124,2485,0,0,0,3,0,3,51,68,115,38,54,93,13,17,30,103,136,240,218,120,342,1681,1382,3062,188,181,368,15,8,20,7,0,10,202,193,395,1288,1753,3049,2478,3808,6287,205,218,421,32475,30459,62935
CED597,0,3,5,75,7,80,5,0,5,0,0,0,12,3,15,114,49,160,24,7,33,7,0,7,3,0,3,0,0,3,1325,84,1401,369,36,403,1935,185,2126,0,3,3,0,0,0,0,0,0,0,0,0,0,0,0,0,0,0,0,6,6,0,0,0,0,0,0,0,0,0,0,0,0,0,0,0,0,0,0,5,0,5,3,6,10,0,0,0,0,0,0,0,0,0,0,0,0,16,3,18,81,70,153,109,18,133,2145,282,2432
CED601,4,6,8,197,254,451,9,3,8,0,4,4,94,77,165,15779,13845,29618,1014,1411,2425,254,7,257,218,30,247,225,66,291,160,70,234,991,989,1977,18930,16760,35690,0,4,4,0,0,0,0,0,0,0,0,0,0,0,0,3,0,3,0,3,11,0,0,0,0,0,0,12,23,37,16,28,43,3,8,15,34,65,96,200,121,319,239,189,420,0,3,3,7,6,14,13,8,23,24,14,35,703,884,1594,1765,2942,4711,191,170,369,21859,20960,42816
CED602,5,3,10,129,89,216,3,0,4,3,4,9,22,56,79,14454,12853,27307,1002,1165,2164,360,9,368,196,41,240,112,32,140,184,75,256,734,696,1432,17208,15019,32224,0,0,0,0,0,0,0,0,0,10,3,15,0,0,0,0,0,0,10,3,14,0,0,0,0,0,0,22,3,26,0,6,10,3,5,8,24,16,38,133,56,193,168,74,241,4,0,4,0,3,3,6,3,13,9,9,16,825,912,1736,1775,2590,4365,233,214,446,20227,18809,39036
CED603,19,0,22,984,1298,2284,7,3,9,0,4,9,148,87,237,14090,12008,26098,1160,2034,3197,197,3,200,318,45,367,681,216,902,166,93,256,2236,2341,4581,20013,18145,38161,3,0,3,0,0,0,0,3,3,11,3,12,0,0,0,3,0,3,15,8,19,0,0,0,0,0,0,40,80,122,39,84,126,25,26,54,102,202,296,228,158,386,341,364,705,3,4,6,27,16,39,20,13,29,49,34,82,905,1053,1964,1956,3353,5308,209,205,411,23465,23158,46625
CED604,4,3,7,773,1048,1826,5,0,7,4,0,3,20,19,45,16294,14478,30771,1038,1750,2790,306,7,312,240,28,268,186,40,231,165,68,237,451,417,869,19486,17880,37367,3,0,3,0,0,0,0,0,0,3,8,12,0,0,0,3,0,3,10,5,18,0,0,0,0,0,0,56,140,197,43,87,127,4,8,10,99,237,343,212,138,347,327,384,706,4,0,4,7,24,26,8,3,13,17,24,41,957,1144,2099,1847,3403,5252,211,169,380,22844,23005,45846
CED605,3,3,6,135,172,312,3,4,7,3,3,6,22,5,30,14701,12767,27466,900,1011,1906,529,11,537,155,17,174,58,14,72,202,74,279,798,674,1471,17508,14758,32268,0,0,0,0,0,0,0,0,0,3,0,8,0,0,0,0,0,0,3,0,9,0,0,0,0,0,0,14,45,61,13,23,32,0,0,0,27,65,99,139,70,207,172,141,313,3,0,3,5,5,10,9,3,6,11,4,24,1343,1332,2678,1880,3038,4922,303,263,561,21225,19540,40764
CED697,0,0,0,3,0,3,4,3,8,0,0,0,0,0,0,62,17,73,3,3,3,0,0,0,0,0,0,3,0,3,113,9,120,30,4,31,213,37,251,0,0,0,0,0,0,0,0,0,0,0,0,0,0,0,0,0,0,0,0,0,0,0,0,0,0,0,0,0,0,0,0,0,0,0,0,0,0,0,3,0,3,3,0,3,0,0,0,0,0,0,0,0,0,0,0,0,9,5,13,62,56,117,57,12,73,350,110,455
CED701,17,9,25,2862,396,3257,51,21,67,0,0,0,49,53,102,13107,11232,24331,1754,1770,3524,375,15,385,362,110,478,658,484,1146,674,259,939,3114,3459,6579,23028,17807,40837,3,3,8,0,0,4,0,0,0,3,3,7,0,0,0,0,0,0,10,8,15,11,17,30,0,0,0,217,41,260,28,25,46,57,5,66,312,94,400,305,192,499,626,289,914,10,5,11,53,18,74,41,21,64,105,44,150,664,825,1484,2321,2629,4950,529,416,939,27269,22004,49272
CED702,21,27,52,2223,1234,3455,13,3,15,7,3,13,97,91,184,21599,18207,39802,1850,2373,4215,206,11,215,809,165,974,932,570,1504,445,153,591,1384,1323,2715,29582,24154,53735,4,0,4,0,0,0,0,0,0,7,6,16,0,0,0,0,0,0,16,6,25,0,0,0,0,0,0,616,108,722,78,96,176,112,20,133,808,227,1031,355,191,541,1174,424,1596,5,7,10,28,27,53,25,15,44,64,43,108,485,848,1339,2274,2876,5154,393,302,694,33965,28650,62621
CED797,0,0,0,0,0,0,0,0,0,0,0,0,0,0,0,3,0,3,0,0,0,0,0,0,0,0,0,0,0,0,78,12,97,8,5,19,97,20,119,0,0,0,0,0,0,0,0,0,0,0,0,0,0,0,0,0,0,0,0,0,0,0,0,0,0,0,0,0,0,0,0,0,0,0,0,0,0,0,0,0,0,0,0,0,0,0,0,0,0,0,0,0,0,0,0,0,7,0,10,9,4,17,7,0,7,123,31,153
CED801,55,35,89,2443,2575,5017,6,6,13,9,11,19,137,90,229,34036,30540,64569,2025,3849,5876,545,20,564,806,93,900,1571,572,2143,445,188,633,3699,2935,6631,45774,40915,86691,9,4,9,0,0,0,0,3,3,22,13,39,0,4,7,3,0,3,32,29,57,0,3,3,0,0,0,160,222,384,110,204,314,72,68,138,337,497,842,461,324,783,830,849,1681,14,5,22,40,38,74,36,18,52,91,65,151,1570,1872,3442,3466,5895,9360,323,295,624,52065,49891,101954
CED802,33,18,55,3557,3724,7285,13,7,23,3,6,10,95,61,155,36225,31304,67536,2170,4352,6519,495,5,504,974,116,1090,2184,1067,3248,290,163,453,1541,1464,3005,47580,42302,89884,9,7,13,0,0,0,0,0,0,30,14,46,0,0,0,5,0,5,46,20,64,0,0,0,0,0,0,254,238,494,148,220,365,87,65,155,491,518,1014,508,355,862,1046,894,1938,17,9,21,52,43,95,24,12,34,93,60,154,1180,1737,2918,3425,6068,9496,307,257,567,53635,51324,104962
CED897,0,0,0,0,0,0,0,0,0,0,0,0,0,0,0,3,0,3,0,0,0,0,0,0,0,0,0,0,0,0,0,0,0,0,3,3,3,0,6,0,0,0,0,0,0,0,0,0,0,0,0,0,0,0,0,0,0,0,0,0,0,0,0,0,0,0,0,0,0,0,0,0,0,0,0,0,0,0,0,0,0,0,0,0,0,0,0,0,0,0,0,0,0,0,0,0,0,0,0,0,0,0,0,0,0,3,5,7
CED997,0,0,0,0,0,0,0,0,0,0,0,0,0,0,0,0,0,0,0,0,0,0,0,0,0,0,0,0,0,0,14,0,14,4,0,4,17,0,19,0,0,0,0,0,0,0,0,0,0,0,0,0,0,0,0,0,0,0,0,0,0,0,0,0,0,0,0,0,0,0,0,0,0,0,0,0,0,0,0,0,0,0,0,0,0,0,0,0,0,0,0,0,0,0,0,0,0,0,0,0,0,0,0,0,0,17,3,19
