CED_CODE_2016,Spks_Eng_on_M,Spks_Eng_on_F,Spks_Eng_on_P,Spks_othr_lang_Afrikaans_M,Spks_othr_lang_Afrikaans_F,Spks_othr_lang_Afrikaans_P,Spks_othr_lang_Arabic_M,Spks_othr_lang_Arabic_F,Spks_othr_lang_Arabic_P,Spks_othr_lang_Aus_Ind_lang_M,Spks_othr_lang_Aus_Ind_lang_F,Spks_othr_lang_Aus_Ind_lang_P,Spks_othr_lan_Chin_lan_Cant_M,Spks_othr_lan_Chin_lan_Cant_F,Spks_othr_lan_Chin_lan_Cant_P,Spks_othr_lan_Chin_lan_Mand_M,Spks_othr_lan_Chin_lan_Mand_F,Spks_othr_lan_Chin_lan_Mand_P,Spks_othr_lan_Chin_lan_othr_M,Spks_othr_lan_Chin_lan_othr_F,Spks_othr_lan_Chin_lan_othr_P,Spks_othr_lan_Chin_lan_Tot_M,Spks_othr_lan_Chin_lan_Tot_F,Spks_othr_lan_Chin_lan_Tot_P,Spks_othr_lang_Croatian_M,Spks_othr_lang_Croatian_F,Spks_othr_lang_Croatian_P,Spks_othr_lang_Dutch_M,Spks_othr_lang_Dutch_F,Spks_othr_lang_Dutch_P,Spks_othr_lang_French_M,Spks_othr_lang_French_F,Spks_othr_lang_French_P,Spks_othr_lang_German_M,Spks_othr_lang_German_F,Spks_othr_lang_German_P,Spks_othr_lang_Greek_M,Spks_othr_lang_Greek_F,Spks_othr_lang_Greek_P,Sp_oth_lan_Indo_Ary_lan_Ben_M,Sp_oth_lan_Indo_Ary_lan_Ben_F,Sp_oth_lan_Indo_Ary_lan_Ben_P,Sp_oth_lan_Indo_Ary_lan_Hin_M,Sp_oth_lan_Indo_Ary_lan_Hin_F,Sp_oth_lan_Indo_Ary_lan_Hin_P,Sp_oth_lan_Ind_Ary_lan_Punj_M,Sp_oth_lan_Ind_Ary_lan_Punj_F,Sp_oth_lan_Ind_Ary_lan_Punj_P,Sp_oth_lan_Ind_Ary_lan_Sinh_M,Sp_oth_lan_Ind_Ary_lan_Sinh_F,Sp_oth_lan_Ind_Ary_lan_Sinh_P,Sp_oth_lan_Indo_Ary_lan_Urd_M,Sp_oth_lan_Indo_Ary_lan_Urd_F,Sp_oth_lan_Indo_Ary_lan_Urd_P,Sp_oth_lan_Indo_Ary_lan_oth_M,Sp_oth_lan_Indo_Ary_lan_oth_F,Sp_oth_lan_Indo_Ary_lan_oth_P,Sp_oth_lan_Indo_Ary_lan_Tot_M,Sp_oth_lan_Indo_Ary_lan_Tot_F,Sp_oth_lan_Indo_Ary_lan_Tot_P,Spks_other_lang_Italian_M,Spks_other_lang_Italian_F,Spks_other_lang_Italian_P,Spks_othr_lang_Japanese_M,Spks_othr_lang_Japanese_F,Spks_othr_lang_Japanese_P,Spks_othr_lang_Korean_M,Spks_othr_lang_Korean_F,Spks_othr_lang_Korean_P,Spks_othr_lang_Macedonian_M,Spks_othr_lang_Macedonian_F,Spks_othr_lang_Macedonian_P,Spks_other_lang_Maltese_M,Spks_other_lang_Maltese_F,Spks_other_lang_Maltese_P,Sp_oth_lan_Persian_ex_Dari_M,Sp_oth_lan_Persian_ex_Dari_F,Sp_oth_lan_Persian_ex_Dari_P,Spks_othr_lang_Polish_M,Spks_othr_lang_Polish_F,Spks_othr_lang_Polish_P,Spks_other_lang_Russian_M,Spks_other_lang_Russian_F,Spks_other_lang_Russian_P,Spks_other_lang_Samoan_M,Spks_other_lang_Samoan_F,Spks_other_lang_Samoan_P,Spks_other_lang_Serbian_M,Spks_other_lang_Serbian_F,Spks_other_lang_Serbian_P,Sp_oth_la_SE_As_Au_la_Fili_M,Sp_oth_la_SE_As_Au_la_Fili_F,Sp_oth_la_SE_As_Au_la_Fili_P,Sp_oth_la_SE_As_Au_la_Indo_M,Sp_oth_la_SE_As_Au_la_Indo_F,Sp_oth_la_SE_As_Au_la_Indo_P,Sp_oth_la_SE_As_Au_la_Tag_M,Sp_oth_la_SE_As_Au_la_Tag_F,Sp_oth_la_SE_As_Au_la_Tag_P,Sp_oth_la_SE_As_Au_la_oth_M,Sp_oth_la_SE_As_Au_la_oth_F,Sp_oth_la_SE_As_Au_la_oth_P,Sp_oth_la_SE_As_Au_la_Tot_M,Sp_oth_la_SE_As_Au_la_Tot_F,Sp_oth_la_SE_As_Au_la_Tot_P,Spks_other_lang_Spanish_M,Spks_other_lang_Spanish_F,Spks_other_lang_Spanish_P,Spks_other_lang_Tamil_M,Spks_other_lang_Tamil_F,Spks_other_lang_Tamil_P,Spks_other_lang_Thai_M,Spks_other_lang_Thai_F,Spks_other_lang_Thai_P,Spks_other_lang_Turkish_M,Spks_other_lang_Turkish_F,Spks_other_lang_Turkish_P,Spks_other_lang_Vietnamese_M,Spks_other_lang_Vietnamese_F,Spks_other_lang_Vietnamese_P,Spks_other_lang_Other_M,Spks_other_lang_Other_F,Spks_other_lang_Other_P,Spks_other_lang_Tot_M,Spks_other_lang_Tot_F,Spks_other_lang_Tot_P,Lang_spoken_home_ns_M,Lang_spoken_home_ns_F,Lang_spoken_home_ns_P,OS_visitors_M,OS_visitors_F,OS_visitors_P,Tot_M,Tot_F,Tot_P
CED101,38751,39420,78169,29,36,63,3866,3877,7739,4,15,13,5476,6085,11567,7091,8180,15271,331,346,679,12904,14611,27513,534,581,1118,32,41,67,156,202,354,112,185,292,2981,3216,6193,472,370,840,477,546,1024,258,205,461,65,71,137,253,195,443,1993,1699,3695,3517,3088,6603,782,841,1629,164,264,432,281,336,617,1454,1500,2948,71,106,173,90,70,166,124,149,268,195,253,447,153,132,283,189,215,404,245,373,616,715,871,1594,431,701,1132,39,71,114,1429,2020,3450,745,929,1678,104,84,186,212,396,612,116,110,229,1340,1642,2980,1869,2031,3896,33441,36915,70352,2903,3075,5982,807,1199,2013,75906,80608,156513
CED102,31024,29996,61020,23,20,40,5611,5512,11119,9,18,23,5232,5910,11148,8212,9614,17823,511,568,1079,13952,16092,30047,331,339,666,37,30,72,228,177,404,172,149,319,6838,7396,14237,1737,1069,2806,825,714,1542,158,139,297,55,57,116,261,160,416,3833,3028,6865,6877,5173,12046,1567,1750,3314,199,344,548,324,393,716,2587,2676,5262,125,158,278,145,130,274,167,156,328,306,408,715,91,99,195,347,386,737,399,505,906,959,1058,2015,763,1052,1817,79,106,183,2203,2716,4919,1348,1424,2773,133,118,247,447,779,1226,303,323,627,1632,1813,3445,3726,3717,7442,49722,52288,102015,4981,4983,9958,1340,1938,3274,87068,89198,176269
CED103,39460,39743,79207,64,68,136,1440,1404,2840,0,4,7,6477,7277,13755,10644,12470,23115,523,593,1117,17652,20338,37985,236,240,473,62,75,134,272,242,511,224,252,477,691,704,1391,386,350,733,1383,1310,2693,320,290,610,421,401,825,353,272,624,759,663,1426,3631,3285,6913,1391,1537,2932,409,573,983,4508,4780,9285,80,99,184,38,56,99,856,728,1580,182,206,388,267,341,608,27,24,43,192,193,383,342,497,843,680,795,1477,523,658,1179,91,128,218,1637,2072,3707,716,781,1498,722,715,1441,231,424,661,125,140,270,447,581,1025,3436,3584,7023,39532,43451,82980,3144,3269,6413,1757,2248,4009,83889,88708,172601
CED104,50186,50911,101096,283,296,581,888,967,1854,3,3,8,2572,2804,5376,3939,4505,8441,208,260,468,6722,7565,14289,129,125,256,120,136,253,180,189,366,266,302,562,241,237,478,141,153,296,902,905,1813,237,228,471,530,540,1071,248,226,477,422,450,878,2486,2513,4996,693,697,1394,200,271,470,1180,1243,2423,10,13,30,68,74,138,592,573,1164,190,208,397,242,294,530,9,5,10,60,60,120,132,189,327,208,249,462,236,331,565,29,45,70,603,813,1420,475,554,1029,501,545,1048,71,193,260,60,72,129,230,267,501,1410,1514,2928,17904,19729,37635,2065,2494,4554,634,909,1548,70791,74044,144834
CED105,22768,21705,44475,10,16,19,17663,17362,35025,4,3,8,3954,4303,8261,5226,5281,10509,400,439,837,9578,10028,19603,384,408,798,25,21,43,123,137,265,104,109,218,1520,1605,3123,819,654,1475,738,700,1437,481,332,815,98,68,165,2918,1956,4874,1934,1587,3524,6998,5289,12287,830,900,1736,37,64,105,1136,1166,2304,1085,1048,2131,74,99,178,408,304,718,182,239,419,132,202,335,319,404,720,141,161,302,235,317,550,391,468,857,479,645,1126,64,104,168,1164,1539,2699,536,559,1095,896,590,1485,130,299,426,2190,2143,4328,8144,8840,16979,6863,5124,11983,60669,58654,119321,5619,5060,10675,914,1016,1927,89963,86437,176400
CED106,48760,50744,99503,287,286,577,262,286,543,0,4,5,4153,4896,9052,7314,9046,16363,248,346,591,11715,14287,26004,91,86,181,169,186,356,285,324,616,320,428,754,216,261,474,117,114,231,877,856,1738,305,286,590,210,245,453,188,159,342,750,775,1527,2451,2434,4883,417,443,856,746,939,1686,2334,2725,5060,27,19,50,7,10,14,1093,1086,2179,122,165,292,318,397,715,7,12,24,75,80,152,175,281,456,346,400,747,258,376,639,52,64,114,837,1117,1953,574,720,1291,280,276,558,156,290,447,56,72,126,223,340,562,1790,2021,3808,24857,29298,54159,2442,2882,5331,1376,1845,3220,77436,84773,162213
CED107,68887,70521,139412,91,81,171,153,117,268,39,40,78,145,134,276,162,177,342,16,12,26,324,321,645,55,55,107,51,65,118,70,69,139,132,171,300,85,66,157,48,41,83,79,65,151,90,93,182,25,29,57,34,30,72,106,97,206,391,357,749,171,164,335,25,57,82,59,54,114,12,8,20,30,19,50,34,34,68,22,45,69,52,70,121,13,15,33,26,43,67,56,88,146,17,35,45,85,150,232,16,30,49,174,303,480,95,114,212,53,51,108,50,106,154,12,18,37,86,93,178,733,719,1460,3056,3260,6318,8233,6282,14514,183,225,415,80371,80289,160652
CED108,44306,44153,88459,29,32,60,3135,3199,6337,12,16,27,631,669,1301,708,816,1527,62,66,133,1406,1554,2962,379,429,808,43,66,111,151,192,341,120,177,297,400,442,845,1035,965,1995,3268,3466,6735,2387,1939,4326,269,248,518,1988,1877,3864,1765,1650,3413,10707,10147,20853,345,384,728,29,48,79,261,289,550,72,88,160,626,662,1289,317,362,677,249,356,608,89,122,210,1580,1737,3316,228,236,469,1990,2439,4433,291,364,656,4368,5338,9704,186,222,409,6842,8359,15198,740,851,1588,799,718,1520,89,166,254,603,624,1236,373,437,804,5623,5793,11422,35266,37485,72749,4788,4847,9638,718,1036,1760,85078,87526,172604
CED109,49750,52059,101813,46,74,123,1302,1273,2570,3,5,6,1068,1157,2229,1356,1569,2922,70,86,152,2499,2806,5306,254,290,547,71,106,174,180,198,378,200,233,434,3621,3843,7461,74,74,150,148,152,303,80,66,145,22,27,40,45,39,75,166,161,326,536,505,1045,805,901,1712,98,167,264,77,104,179,660,677,1339,107,114,220,63,48,106,137,152,289,318,388,707,30,33,59,210,230,439,74,134,210,131,195,326,137,249,388,31,35,70,370,620,994,692,834,1527,16,21,34,101,260,367,129,134,257,161,224,389,1204,1371,2577,13896,15605,29505,2966,3201,6166,383,507,891,67001,71369,138370
CED110,68914,73656,142564,59,55,115,124,102,230,69,72,141,92,96,186,154,172,325,25,24,51,272,286,562,25,18,42,113,145,259,147,180,329,228,301,533,62,65,124,14,10,23,62,71,134,211,184,393,14,12,26,22,19,37,56,70,124,376,359,734,177,178,354,68,73,141,21,37,61,6,13,22,26,18,50,28,31,63,27,51,75,31,54,83,11,8,23,15,19,36,36,115,152,27,38,65,43,165,211,16,24,39,124,346,465,190,192,386,15,13,25,53,135,183,12,17,27,56,76,133,987,1042,2027,3314,3901,7212,6005,5983,11993,369,466,836,78608,83997,162609
CED111,58653,59851,118505,52,61,111,1061,1029,2087,4,11,16,299,282,582,1583,1262,2839,229,141,371,2111,1677,3791,276,328,607,107,168,271,150,155,311,238,312,546,688,751,1440,76,57,135,207,161,371,57,40,98,85,87,163,166,81,248,141,116,265,726,550,1278,1413,1698,3113,77,133,211,131,164,292,1756,1745,3503,81,79,161,220,185,402,117,181,299,75,88,168,25,25,51,568,608,1174,53,113,157,123,132,262,91,232,324,81,55,134,348,535,876,543,650,1190,103,61,164,152,281,428,368,355,727,434,491,927,1769,1921,3689,13595,14235,27832,3869,3859,7729,716,839,1560,76840,78785,155617
CED112,65631,69747,135380,84,89,169,162,102,262,20,15,26,159,184,340,206,305,511,16,12,30,379,498,875,47,37,88,70,104,177,96,140,236,133,169,305,160,159,320,7,18,28,86,80,162,63,61,122,15,10,22,44,35,84,51,58,107,264,260,528,268,253,520,68,90,160,105,112,220,4,8,14,102,112,208,24,22,39,43,69,118,72,99,167,44,41,85,47,44,93,68,135,202,55,67,127,97,227,318,23,39,62,238,465,707,337,359,694,23,25,44,66,163,231,9,17,26,83,90,177,776,823,1593,3724,4365,8087,4070,4611,8683,172,254,423,73603,78968,152569
CED113,67381,66499,133877,88,87,172,136,99,227,27,24,58,119,133,252,248,314,562,20,19,37,386,473,853,187,165,352,106,143,247,173,162,337,332,369,700,187,156,348,108,92,201,151,155,303,262,215,474,48,44,91,91,69,156,140,129,265,802,693,1495,488,438,920,40,62,98,51,57,110,497,436,930,42,30,67,24,22,52,86,104,193,65,71,139,42,34,76,160,154,314,78,127,203,50,68,111,107,199,305,18,44,59,249,432,681,191,191,380,41,35,72,66,152,219,32,26,56,80,111,191,788,875,1664,5347,5602,10948,7916,6601,14519,653,624,1275,81298,79324,160619
CED114,68507,69544,138049,83,85,167,97,76,171,52,61,118,115,116,234,254,310,569,13,6,19,377,439,818,33,42,71,74,90,164,61,74,134,125,147,270,109,110,227,69,65,129,145,113,260,654,576,1234,55,60,113,74,65,138,502,442,944,1499,1324,2826,1305,1377,2686,34,40,69,58,47,107,16,15,28,13,16,30,29,18,48,22,25,46,30,26,49,136,148,284,27,26,49,96,168,263,6,26,36,131,206,340,62,50,108,297,441,741,108,121,230,52,55,112,34,120,158,75,61,135,33,37,69,1133,955,2081,5929,5974,11899,6980,6648,13629,547,543,1086,81957,82706,164667
CED115,21689,20042,41726,8,11,17,6647,6220,12871,3,6,6,3446,3759,7205,1993,2216,4212,1170,1344,2513,6609,7324,13934,1047,1129,2180,16,13,32,105,103,214,116,153,264,719,714,1429,186,148,330,932,1051,1979,315,241,553,44,36,77,350,291,643,456,435,890,2281,2202,4479,1700,1991,3687,23,51,77,63,81,146,597,618,1213,200,207,408,316,230,543,319,347,671,168,248,417,747,931,1683,2139,2263,4402,241,333,578,176,212,383,543,737,1286,87,89,179,1050,1377,2426,2042,2246,4284,249,230,478,339,493,837,424,426,853,15304,17097,32402,11005,11674,22678,54251,58371,112624,5027,5003,10024,579,687,1268,81540,84102,165647
CED116,64620,66969,131584,43,41,82,81,61,144,30,36,70,83,112,198,126,152,275,8,19,26,224,283,502,156,151,301,80,123,201,99,126,222,210,279,491,225,186,411,20,25,37,40,42,80,32,34,65,20,21,39,15,9,22,52,36,86,171,166,336,305,249,550,36,58,88,25,26,49,53,46,95,61,59,121,15,8,24,44,66,116,22,44,74,12,7,20,46,40,87,7,65,67,38,54,90,38,144,180,19,23,45,98,284,382,159,184,346,7,14,18,66,124,190,19,12,26,69,69,137,500,518,1021,2840,3274,6117,5442,4823,10270,245,339,583,73153,75398,148548
CED117,48313,49966,98283,41,58,92,765,813,1578,18,16,36,957,1204,2163,1959,2448,4406,164,183,352,3080,3845,6924,141,200,342,121,139,262,444,485,928,325,368,690,1883,2137,4020,242,180,423,378,343,728,55,50,103,46,38,88,63,38,97,1217,918,2131,2001,1563,3565,2030,2199,4231,250,379,630,209,355,564,116,145,261,78,89,168,134,89,222,180,219,397,140,194,338,30,22,53,172,195,365,184,285,466,279,337,620,266,376,645,51,60,109,784,1056,1841,1042,1171,2220,105,117,217,487,695,1187,228,235,467,1189,1383,2577,2264,2327,4594,18254,20517,38770,5265,5139,10402,737,940,1678,72571,76564,149135
CED118,45878,45721,91601,128,143,270,1923,1885,3808,3,7,10,1123,1208,2329,1625,1853,3483,89,101,196,2836,3166,6005,328,354,686,55,70,122,197,234,431,124,161,286,551,597,1145,731,718,1448,3568,3617,7186,4255,3641,7896,791,814,1610,824,768,1594,2815,2722,5537,12987,12285,25269,600,631,1234,47,73,117,665,682,1341,48,55,102,587,627,1209,632,608,1237,236,266,502,179,253,431,225,194,416,246,254,494,878,1065,1946,446,505,946,1581,2055,3636,86,104,193,2992,3725,6722,648,725,1377,2860,2380,5241,82,188,270,558,577,1132,173,226,398,4638,4669,9310,34551,35016,69573,4340,3500,7841,791,1314,2108,85566,85559,171120
CED119,57025,57947,114964,71,87,164,1321,1334,2655,4,8,8,638,696,1331,868,1068,1940,68,79,138,1574,1838,3412,194,187,383,82,100,186,202,205,408,202,269,471,1133,1242,2368,228,199,420,448,474,920,112,93,210,60,60,117,120,104,223,332,342,673,1300,1271,2570,541,584,1122,100,153,258,55,77,136,447,466,913,61,75,139,46,45,83,163,220,380,261,303,563,63,61,126,107,105,214,127,181,307,240,311,554,228,342,571,28,42,77,629,878,1510,556,629,1181,147,169,313,105,177,279,90,80,167,374,457,833,1309,1437,2744,11135,12456,23584,2008,2036,4048,306,424,733,70470,72865,143336
CED120,65234,66449,131686,83,75,158,411,368,784,4,3,8,139,156,295,198,252,455,14,25,44,357,434,789,168,163,331,67,89,155,93,109,203,161,199,358,259,214,472,33,34,68,131,130,259,79,66,144,37,32,67,65,67,129,51,55,109,391,382,772,465,452,913,14,27,44,54,51,106,69,55,120,207,196,402,43,36,75,89,100,191,45,79,123,58,59,119,97,108,208,49,77,128,26,30,57,62,130,190,22,32,56,159,274,431,370,436,803,12,19,35,45,111,157,51,41,87,83,97,172,755,791,1547,4606,4968,9575,4262,3719,7979,221,268,488,74320,75403,149728
CED121,69332,71004,140340,110,113,224,72,66,134,22,23,47,95,95,194,138,192,332,10,5,13,244,292,532,37,33,71,69,89,159,60,59,115,110,139,243,58,56,113,44,31,70,89,74,159,51,36,83,41,39,83,46,37,83,41,42,85,304,261,560,126,113,239,25,38,66,49,55,102,47,39,89,21,21,41,14,17,29,43,69,115,36,41,75,82,74,159,27,30,49,58,105,162,25,33,58,66,165,234,7,32,37,154,327,482,116,121,240,36,36,73,77,144,219,13,11,28,49,64,111,590,583,1171,2604,2910,5512,5275,4259,9534,220,300,515,77431,78466,155897
CED122,48949,49385,98333,70,68,139,1000,960,1959,29,30,54,2564,2852,5424,6105,6646,12758,607,622,1225,9280,10125,19398,244,299,549,120,122,235,935,1024,1963,448,480,925,2976,3454,6429,1072,899,1971,470,433,898,105,103,209,113,138,253,234,114,350,250,201,447,2242,1886,4127,1024,1043,2065,256,383,643,339,423,757,65,69,134,171,184,355,282,263,544,273,372,646,974,1300,2277,43,43,79,248,291,540,240,367,604,2053,2202,4257,381,609,992,302,314,618,2982,3491,6471,1702,1839,3546,164,140,302,397,669,1068,453,453,906,443,522,972,3469,3658,7130,30628,33595,64220,8152,6437,14589,2119,2727,4846,89846,92142,181982
CED123,63961,65432,129394,48,40,88,1137,1083,2215,13,15,30,239,299,542,515,661,1175,43,40,84,803,997,1806,315,372,688,85,118,206,124,135,260,142,192,336,458,506,965,192,167,359,690,783,1474,776,704,1478,172,175,347,369,337,697,456,450,905,2657,2608,5259,498,483,982,33,42,82,153,175,325,72,72,145,571,559,1123,184,169,351,168,218,388,82,110,192,413,455,871,155,182,337,309,429,739,86,144,228,693,898,1591,53,103,158,1146,1570,2714,444,530,978,192,198,388,100,233,327,181,157,339,150,203,354,2313,2378,4687,12626,13810,26436,5190,4824,10012,344,529,873,82126,84596,166723
CED124,64499,67281,131775,40,49,93,54,36,82,39,45,84,62,69,132,64,74,140,3,0,3,128,146,275,28,22,51,90,84,169,49,75,128,160,199,351,61,53,111,21,13,32,21,25,41,26,25,49,10,7,17,13,6,14,27,34,54,113,100,212,97,84,184,24,37,62,30,27,55,10,5,12,28,21,51,7,3,14,29,30,61,11,19,33,0,0,0,14,17,24,15,56,68,15,33,46,31,99,132,4,12,18,70,198,271,83,103,181,9,5,11,29,85,116,3,3,5,18,31,50,292,326,619,1500,1814,3317,4446,4557,9001,177,231,414,70626,73885,144506
CED125,54604,55642,110246,90,101,193,2598,2474,5070,17,18,33,496,532,1031,609,759,1363,39,79,117,1146,1370,2509,343,366,705,43,53,101,214,239,457,138,173,313,447,441,891,1497,1437,2931,1477,1623,3100,572,467,1037,170,190,354,615,560,1175,754,735,1493,5083,5013,10097,663,626,1289,31,53,79,70,106,179,169,173,341,172,177,350,117,117,239,242,266,508,154,204,361,1371,1500,2874,292,315,600,425,512,940,239,277,513,843,1177,2020,85,124,206,1592,2091,3682,1335,1444,2778,220,204,423,157,307,458,117,99,213,440,535,973,3376,3559,6934,20632,22031,42667,4302,4365,8669,420,606,1025,79959,82641,162603
CED126,58088,60065,118150,143,159,302,149,128,273,5,0,9,410,507,912,821,1001,1821,36,44,77,1259,1547,2808,236,275,511,229,277,502,417,435,853,555,661,1213,195,241,434,37,33,71,152,135,285,259,185,443,12,16,27,25,21,44,257,226,476,733,607,1344,941,982,1921,235,352,583,213,252,460,30,36,66,12,13,24,194,198,394,107,156,261,132,177,313,27,25,47,432,488,919,102,171,273,123,137,263,208,328,534,19,37,54,453,667,1120,478,588,1064,23,29,58,119,270,387,32,42,76,118,153,276,2328,2577,4899,9786,11349,21130,3038,3465,6505,570,674,1245,71486,75549,147037
CED127,61035,63845,124886,53,57,109,175,152,326,19,26,44,173,181,356,186,285,468,17,21,40,379,481,861,92,109,204,122,136,259,147,190,332,285,322,610,189,178,369,4,0,7,74,58,136,34,22,57,9,8,22,26,33,59,29,24,61,183,153,339,290,287,578,64,98,161,57,75,139,87,97,181,350,288,635,34,29,56,111,134,240,69,105,181,30,13,43,36,36,72,39,79,122,50,70,116,53,148,202,15,27,47,161,326,487,256,323,573,17,10,33,67,120,188,22,12,39,95,106,200,688,704,1387,4077,4570,8652,3296,3381,6676,488,644,1133,68897,72444,141347
CED128,34991,34716,69701,20,14,40,10823,10327,21148,3,5,4,1372,1562,2927,1710,1805,3513,341,356,697,3417,3727,7146,852,899,1745,29,32,62,155,165,319,103,120,220,671,707,1379,150,118,267,1056,1089,2143,542,446,991,139,144,286,589,437,1025,672,649,1322,3154,2885,6040,1528,1700,3226,26,31,61,142,165,314,178,211,392,828,907,1733,892,673,1566,182,230,412,103,138,237,469,482,955,541,600,1139,410,573,987,170,243,409,819,1096,1917,60,100,157,1459,2007,3470,1631,1908,3536,388,375,762,126,267,397,1077,1103,2177,3713,4259,7967,10445,10440,20880,42952,44379,87333,3957,3933,7899,410,696,1102,82313,83721,166035
CED129,48401,49229,97628,285,297,582,1457,1480,2932,0,0,0,2414,2690,5107,4682,5289,9969,196,252,446,7294,8227,15514,315,340,651,72,105,179,165,202,361,218,245,463,520,568,1091,253,274,526,1454,1572,3030,691,660,1351,621,664,1282,511,464,973,644,665,1306,4170,4291,8462,690,726,1412,100,155,255,1619,1734,3347,33,34,65,197,218,414,1028,1073,2104,230,284,520,202,278,482,13,10,21,140,160,306,375,458,832,390,472,861,528,704,1232,43,58,99,1337,1694,3029,677,809,1488,851,910,1757,117,207,322,234,234,470,243,277,520,2088,2213,4296,24301,26757,51058,1755,1887,3647,861,1213,2073,75319,79091,154404
CED130,65859,69056,134917,79,71,151,212,187,396,40,34,75,113,105,221,341,330,676,24,18,46,477,460,936,5,7,16,49,57,105,68,86,156,132,149,278,46,43,83,64,49,108,85,76,162,86,70,156,40,42,82,46,32,84,130,146,278,453,416,867,98,89,187,34,49,81,133,73,202,3,0,3,13,11,21,28,28,57,23,24,41,21,29,58,12,3,10,8,9,14,126,133,256,15,30,52,187,244,428,18,24,43,346,424,773,58,66,124,41,27,72,53,68,120,6,7,12,94,109,208,573,555,1136,3100,3078,6174,6315,6231,12547,431,453,882,75700,78821,154523
CED131,63501,65122,128619,58,57,115,372,307,683,18,20,38,288,286,569,841,946,1790,107,121,226,1240,1350,2591,107,114,225,47,60,103,151,156,309,173,229,397,365,413,771,93,102,197,171,149,314,111,75,188,75,83,159,171,87,254,142,129,263,758,616,1377,387,450,836,71,95,165,204,216,423,573,570,1144,13,7,20,140,104,247,115,167,284,41,79,116,68,62,124,123,115,246,72,136,211,64,73,134,91,231,319,43,94,138,277,528,807,260,236,495,106,92,194,91,145,238,32,24,54,218,258,478,1419,1386,2803,7414,7846,15264,3956,4137,8090,505,703,1203,75374,77801,153178
CED132,52637,53755,106386,147,159,304,392,363,757,5,5,13,2913,3751,6668,4295,5813,10105,213,310,524,7423,9873,17298,269,262,534,133,143,283,580,621,1198,408,432,841,480,539,1014,183,156,336,769,753,1524,97,95,189,91,100,192,136,115,249,806,663,1467,2086,1879,3963,763,838,1604,1169,1585,2751,988,1295,2288,93,97,192,7,15,29,563,582,1143,225,291,522,311,470,784,5,9,21,110,150,261,194,311,504,293,382,675,260,432,688,48,76,124,789,1204,1992,782,950,1725,190,203,395,352,613,967,78,86,171,220,354,577,2218,2447,4670,20803,25479,46276,4198,4536,8731,1518,2004,3522,79154,85771,164923
CED133,70505,72548,143057,51,51,107,33,26,58,98,99,202,86,85,172,144,196,339,8,16,22,243,301,536,10,7,19,94,124,218,120,114,239,238,261,500,36,48,83,24,12,37,53,47,100,550,530,1079,15,17,31,26,27,54,20,25,52,691,653,1343,229,245,470,49,84,138,30,26,56,4,3,10,6,15,17,5,0,9,21,25,46,12,24,34,11,8,17,4,3,8,15,87,106,23,49,76,31,160,192,14,41,60,87,337,419,116,150,266,19,12,28,50,106,159,5,4,10,38,53,93,509,466,970,2815,3245,6062,6134,5845,11980,390,494,882,79848,82134,161982
CED134,67726,67912,135640,77,85,168,81,65,148,109,109,222,104,99,203,141,181,321,6,6,12,247,293,538,36,33,69,35,36,66,42,42,83,106,115,228,78,56,135,63,50,109,94,67,164,61,45,103,70,78,149,77,53,128,206,193,404,566,493,1057,96,96,189,28,24,50,42,27,75,7,9,18,14,18,28,20,15,29,19,11,30,26,32,55,11,4,11,43,43,92,63,91,151,20,21,41,105,172,279,17,40,54,201,320,520,46,50,102,65,40,107,20,60,87,13,6,23,32,58,87,497,517,1020,2578,2668,5241,8226,7643,15866,241,331,572,78776,78547,157320
CED135,32902,31113,64019,32,34,69,7488,7236,14721,3,10,13,4227,4868,9094,6796,7761,14559,316,376,690,11335,13009,24342,293,317,609,54,47,98,177,179,353,129,142,269,598,602,1204,949,825,1771,4640,3996,8633,2232,1560,3791,473,484,958,1228,879,2110,5332,4982,10318,14857,12725,27585,508,555,1064,119,209,329,2455,2620,5081,53,52,101,152,185,332,1663,1227,2886,179,237,423,178,247,424,179,203,380,226,242,467,486,677,1162,411,502,909,799,1182,1983,87,107,199,1784,2473,4251,779,889,1667,3488,2911,6398,173,348,519,804,867,1672,684,822,1502,7620,6962,14580,56016,55326,111333,6831,6367,13200,1815,2416,4231,97558,95224,192784
CED136,68386,70894,139272,120,115,231,73,73,139,30,15,45,118,132,252,157,235,390,5,13,23,287,379,663,61,49,107,49,50,107,71,103,170,137,138,275,101,75,177,28,26,59,58,76,136,82,89,172,12,15,24,56,36,91,40,54,92,290,294,583,158,120,287,31,50,75,47,49,96,28,20,43,25,23,43,4,4,13,57,92,154,18,39,56,34,36,78,16,23,45,44,109,153,16,27,48,73,208,283,9,35,47,150,380,529,143,134,273,20,23,46,42,113,157,21,11,30,66,66,135,545,581,1125,2611,3065,5676,4392,4547,8935,200,271,470,75586,78768,154358
CED137,36528,36497,73026,47,53,101,2175,2011,4188,0,6,9,4964,5805,10767,10160,12479,22639,640,684,1321,15761,18967,34724,344,413,756,61,56,116,236,249,488,175,204,382,1476,1661,3135,345,240,584,1674,1419,3095,334,213,548,121,115,241,532,338,872,2516,1885,4398,5526,4213,9735,3631,4226,7855,213,316,527,5859,6086,11939,71,83,152,42,79,128,348,295,647,193,263,458,279,379,655,46,43,94,173,224,399,253,374,628,426,520,947,401,625,1023,59,88,142,1137,1602,2737,865,950,1821,1738,1516,3256,286,563,853,489,480,973,1050,1344,2399,3397,2975,6371,45631,49265,94893,7056,5738,12792,1549,2180,3730,90764,93679,184442
CED138,65527,70386,135908,43,37,81,49,39,89,22,24,44,81,77,161,132,190,319,9,14,24,218,283,497,30,24,54,95,121,220,246,280,530,318,439,762,83,72,155,5,14,18,49,40,88,182,154,333,15,11,19,17,7,18,38,28,65,299,253,553,279,259,539,212,294,507,27,32,60,10,3,9,14,24,36,13,18,29,32,56,85,20,54,77,16,12,25,8,12,20,28,110,146,33,54,88,57,162,218,13,24,40,130,356,488,219,256,471,9,9,15,71,176,253,25,18,44,36,65,97,728,824,1549,3269,4027,7294,6475,6770,13241,675,861,1542,75943,82035,157981
CED139,67572,69635,137204,93,82,178,293,269,558,49,71,122,140,123,268,268,280,544,33,29,60,442,428,875,19,37,54,43,39,80,51,53,100,70,84,158,80,63,148,63,56,114,103,83,178,75,62,135,61,45,109,48,48,97,100,88,191,447,376,829,111,88,198,16,22,38,40,57,92,3,3,11,16,10,28,55,37,95,20,16,39,19,29,46,23,7,30,26,29,55,125,130,253,22,28,54,154,164,318,21,38,59,324,354,683,78,76,149,71,41,112,20,52,70,11,8,20,72,77,148,952,825,1771,3449,3235,6679,6335,5279,11615,204,281,491,77554,78432,155982
CED140,60214,63728,123943,115,118,232,127,128,258,16,17,28,216,235,452,392,577,962,12,25,37,621,834,1452,66,68,140,107,109,212,152,215,368,240,288,527,197,180,379,27,25,49,97,81,178,63,59,119,24,24,46,25,18,43,73,70,139,307,274,580,286,253,534,96,158,255,202,211,407,12,12,19,60,70,136,37,32,69,78,93,163,149,180,325,18,12,25,31,45,77,54,114,170,50,89,137,88,224,311,29,38,70,219,466,688,345,407,755,37,45,87,103,211,313,43,38,85,78,85,162,865,930,1790,4576,5489,10064,3622,3900,7528,297,389,693,68713,73513,142227
CED141,63566,66488,130054,43,38,81,78,61,140,17,17,34,157,152,313,169,233,408,19,27,45,348,417,762,47,49,97,59,88,142,81,90,177,151,176,328,134,130,263,17,19,39,66,73,136,47,28,75,19,17,29,22,13,33,38,41,73,205,191,392,237,210,454,39,50,95,48,60,106,190,208,396,45,47,93,13,15,27,58,111,166,33,40,68,64,56,120,45,49,90,21,83,105,36,55,93,52,132,181,12,22,34,121,287,407,127,164,289,33,32,70,45,121,174,20,9,27,38,65,108,483,529,1011,2792,3302,6100,2600,2934,5533,166,227,393,69126,72956,142081
CED142,59246,49142,108383,106,61,166,868,546,1409,18,29,49,2807,3301,6104,8731,12111,20846,786,923,1711,12325,16340,28663,133,122,254,256,208,458,1247,1072,2319,646,568,1214,976,978,1955,229,115,344,732,542,1275,75,59,137,98,64,160,144,63,208,375,238,607,1646,1083,2725,1281,848,2134,678,997,1678,1535,1737,3266,104,108,214,51,43,99,329,270,598,240,296,531,778,1061,1840,25,35,63,216,233,452,194,240,426,2368,2154,4525,285,364,646,147,162,310,2995,2921,5912,1806,1567,3371,191,121,310,2570,3921,6492,274,215,484,983,1268,2255,3028,2847,5875,35316,39478,74791,20066,14429,34490,11348,12026,23377,125975,115073,241046
CED143,54964,57956,112915,178,158,338,152,139,288,5,0,6,602,732,1334,1042,1433,2478,58,66,120,1698,2235,3936,139,188,328,271,309,584,869,1007,1878,626,773,1405,348,414,758,52,39,92,167,166,329,90,79,175,29,31,57,45,22,70,249,215,463,631,559,1191,878,909,1783,386,595,981,223,290,513,57,56,116,4,20,21,163,168,328,132,189,325,199,279,483,19,18,35,147,150,298,56,110,165,118,153,266,152,267,416,22,32,53,345,567,912,751,927,1687,34,33,63,149,297,449,64,75,143,131,160,292,2250,2562,4807,10862,13083,23948,3920,4237,8163,909,1215,2117,70650,76495,147141
CED144,25157,24346,49498,12,15,28,15581,15295,30876,10,9,20,3796,4259,8053,5363,5873,11238,299,360,661,9460,10498,19958,193,220,417,21,21,44,252,250,499,72,109,177,4355,4606,8958,4098,3384,7479,930,925,1849,364,269,635,63,60,125,2793,1807,4596,1861,1577,3432,10105,8026,18128,2079,2360,4435,100,162,259,2215,2404,4621,242,247,490,50,69,123,115,107,216,147,180,325,98,159,255,246,259,508,140,149,291,318,412,736,1362,1499,2859,546,837,1378,118,136,253,2343,2888,5232,787,899,1688,399,419,822,260,493,752,299,301,601,3066,3522,6591,4514,3956,8466,57150,57618,114771,4919,4854,9779,928,1159,2091,88159,87979,176135
CED145,50380,53856,104232,97,94,190,227,179,410,6,7,17,441,630,1066,811,1107,1916,74,101,173,1315,1833,3153,71,115,187,147,190,337,1105,1182,2282,554,661,1212,739,900,1646,45,41,88,103,107,214,32,35,60,19,20,42,17,23,37,72,66,142,292,282,577,1001,987,1984,248,413,663,146,210,353,46,48,96,27,33,61,107,133,237,176,269,447,923,1209,2125,5,8,12,89,125,213,81,127,207,130,139,272,127,238,373,31,40,68,370,552,916,1159,1268,2426,27,16,47,144,267,411,78,67,151,122,185,309,2855,3241,6095,12088,14473,26560,6699,7340,14040,1636,1792,3429,70795,77465,148258
CED146,34499,33706,68206,26,32,55,8746,8549,17297,12,11,23,1180,1318,2501,1070,1133,2198,409,450,858,2657,2898,5554,715,701,1415,21,31,55,189,212,399,92,102,188,813,849,1664,1058,1014,2078,3520,3871,7390,312,274,586,157,151,309,853,822,1671,958,1001,1960,6858,7132,13994,1855,1970,3824,25,39,64,58,78,138,783,785,1565,264,297,558,172,155,328,297,350,651,79,117,198,1053,1233,2290,1672,1699,3371,422,582,1003,249,313,563,954,1203,2150,127,178,303,1752,2278,4025,2187,2527,4716,225,232,457,199,347,543,721,702,1419,5109,5646,10755,8151,8614,16763,44726,47581,92311,4877,5101,9982,481,709,1186,84589,87093,171685
CED147,61980,65636,127617,51,53,110,512,511,1024,8,10,14,132,159,285,249,322,568,27,20,46,407,497,904,189,186,378,83,118,202,75,101,175,268,356,620,341,382,722,22,31,54,64,83,139,37,39,77,22,28,55,43,44,85,103,90,196,292,312,605,655,668,1321,44,55,99,51,54,105,1416,1382,2798,165,220,388,36,33,67,100,127,231,17,40,57,24,27,51,274,288,557,37,112,150,39,40,73,90,216,310,30,46,80,193,416,608,574,654,1223,12,11,25,72,161,233,264,248,512,196,222,415,1106,1131,2232,7434,8245,15681,3366,3576,6949,191,258,451,72974,77722,150693
CED197,1133,1466,2593,4,3,9,8,11,16,0,0,0,18,20,36,40,42,83,4,9,10,62,74,135,0,6,10,3,4,4,9,3,9,3,0,5,8,18,21,3,0,3,0,3,4,0,0,3,0,0,0,0,0,0,4,0,5,10,10,18,20,19,36,0,0,0,0,3,4,3,5,9,5,4,7,0,0,0,3,8,6,5,8,11,0,0,0,0,0,0,4,0,3,5,6,18,3,10,13,3,7,9,19,20,40,8,13,23,0,0,0,3,0,0,0,0,0,20,25,45,22,13,37,191,257,449,90,145,229,151,184,333,1568,2049,3613
CED201,45811,47186,92996,90,92,180,562,562,1125,0,3,3,2262,2469,4734,3621,4181,7803,346,419,769,6236,7076,13307,133,151,283,117,147,267,136,167,306,370,458,829,887,872,1760,67,79,153,639,661,1304,397,350,743,1010,999,2009,97,88,183,532,491,1021,2742,2664,5411,797,903,1704,81,94,177,322,356,678,55,54,113,35,47,84,329,326,658,239,306,543,83,126,214,18,21,39,137,150,286,194,254,445,272,288,559,232,351,580,100,133,229,789,1024,1812,322,366,687,538,538,1072,79,179,258,72,73,150,524,627,1155,1884,2024,3903,17594,19424,37016,2107,2283,4392,552,853,1405,66066,69744,135805
CED202,65281,69507,134791,49,58,107,123,85,214,17,15,34,90,103,191,475,492,960,41,36,75,599,635,1235,116,122,236,116,151,269,91,110,207,138,193,324,153,129,285,46,34,84,144,124,277,196,160,349,54,48,105,51,50,100,77,70,146,582,491,1072,225,224,451,66,105,174,18,23,47,42,25,63,104,124,227,38,32,75,42,68,106,42,46,89,8,13,23,75,60,137,65,99,167,17,27,49,85,131,213,14,36,55,178,302,483,109,113,219,48,45,94,47,84,136,18,16,35,80,98,177,797,774,1571,3932,4141,8077,4465,4780,9239,226,314,541,73904,78737,152646
CED203,44351,47606,91955,29,22,57,2396,2292,4691,15,11,25,876,1053,1927,2952,3142,6098,204,234,444,4030,4431,8463,287,335,626,58,87,144,317,326,648,239,292,531,4724,5106,9829,254,183,436,979,722,1699,785,557,1339,288,249,541,509,286,791,803,676,1477,3619,2667,6278,4551,5576,10134,155,284,444,95,92,192,1154,1270,2426,140,164,309,319,240,560,87,140,225,62,84,146,41,51,95,177,179,351,128,199,330,132,181,314,189,269,463,83,100,189,533,755,1287,627,659,1283,320,243,569,135,266,396,198,207,405,1636,1902,3535,2338,2247,4584,28299,29924,58218,4966,5280,10244,750,1098,1853,78366,83903,162275
CED204,63457,67164,130622,36,45,82,93,81,180,9,5,16,76,85,157,308,364,674,18,13,39,404,468,870,25,35,64,68,84,154,78,101,179,137,160,299,129,118,242,27,32,65,110,95,210,129,102,227,53,59,115,39,44,82,70,80,148,439,411,843,179,184,365,34,54,81,35,30,67,7,9,12,33,23,60,18,22,38,22,39,59,20,35,55,17,7,24,17,18,37,65,103,168,26,69,91,48,121,168,15,27,43,155,322,471,74,70,146,36,41,78,22,56,79,19,18,38,68,61,130,1031,1049,2080,3188,3557,6754,5511,5193,10700,231,307,540,72383,76230,148616
CED205,30361,29546,59906,63,63,125,1289,1216,2507,3,16,23,3080,3330,6413,7053,7893,14941,627,678,1312,10761,11906,22662,382,447,828,68,108,171,364,411,775,234,265,497,2739,2952,5687,411,371,781,1479,1403,2876,2221,1540,3755,2506,2335,4844,785,614,1401,743,694,1433,8143,6946,15091,1436,1586,3025,129,209,338,556,596,1155,174,162,340,60,76,137,640,485,1131,356,453,808,253,288,540,211,246,457,947,974,1921,218,311,534,422,480,905,296,393,687,176,193,366,1107,1384,2491,540,618,1152,2193,1802,3996,95,218,311,356,346,701,2804,3039,5843,8407,7393,15797,44307,44212,88517,4063,3927,7991,1280,1633,2918,80014,79315,159331
CED206,36166,35552,71714,14,18,31,7819,7956,15768,4,6,13,440,488,924,534,589,1122,148,126,271,1112,1203,2320,979,1013,1996,19,26,47,88,114,198,111,109,221,1926,2034,3959,156,165,324,884,837,1723,1624,1281,2906,1088,1085,2172,1267,759,2031,522,534,1060,5551,4661,10212,3100,3504,6600,30,47,71,49,41,89,897,895,1794,760,869,1630,241,157,396,234,285,524,45,72,117,594,674,1268,392,416,809,355,508,860,93,123,213,558,710,1269,154,195,356,1157,1541,2697,638,722,1358,280,247,530,81,165,247,5972,6085,12060,1499,1675,3171,7906,7980,15888,41503,42518,84020,4909,4683,9589,457,607,1070,83039,83355,166393
CED207,60209,62044,122252,90,89,172,122,116,237,3,35,39,184,178,362,478,591,1063,29,42,69,688,811,1500,56,70,126,304,370,672,95,127,225,345,409,752,161,179,343,7,14,21,141,155,293,124,110,237,95,88,183,19,15,27,93,89,181,474,472,944,700,655,1349,67,86,158,28,33,63,28,38,67,20,25,45,93,87,181,133,150,276,49,59,112,18,15,27,38,40,79,48,101,146,43,71,112,89,131,220,28,26,58,203,331,533,168,184,348,29,29,60,52,102,149,28,24,49,88,103,189,1357,1390,2740,5420,6026,11446,3029,3062,6090,227,343,571,68883,71475,140359
CED208,40406,41551,81956,68,75,147,464,398,856,0,4,3,3688,4242,7938,11822,13905,25726,951,1012,1960,16468,19159,35623,112,142,253,108,102,208,322,321,639,262,327,586,3619,3875,7492,388,318,703,1191,995,2187,619,425,1046,1478,1292,2771,316,140,459,741,607,1352,4733,3786,8521,1342,1610,2951,335,425,766,872,978,1853,71,85,158,33,34,67,378,341,718,216,304,527,263,320,586,19,25,42,115,118,230,137,237,374,761,786,1553,182,307,487,128,209,333,1212,1535,2748,403,459,862,597,633,1233,197,342,539,71,50,118,1064,1211,2271,2347,2314,4659,35682,38969,74655,3570,3755,7328,1861,2595,4458,81517,86871,168385
CED209,64441,67440,131879,62,53,119,235,129,371,8,3,12,129,133,256,511,525,1037,37,36,70,677,684,1366,112,121,231,132,144,276,114,154,268,224,290,515,169,177,343,55,40,96,148,108,255,170,143,314,90,75,166,55,30,89,75,57,136,603,458,1057,379,430,805,76,124,199,35,48,86,60,68,130,43,47,87,135,103,238,44,74,121,31,57,85,5,7,6,50,54,103,36,83,124,70,80,153,45,98,144,33,40,70,186,309,496,118,163,275,71,39,111,36,85,122,28,25,56,109,92,200,907,786,1691,4659,4719,9378,3565,3805,7368,433,522,957,73092,76483,149578
CED210,57651,61987,119643,36,38,75,207,193,400,4,12,11,115,117,228,433,486,917,49,28,78,597,628,1225,929,1022,1945,134,188,318,100,115,216,230,298,526,370,361,736,17,23,33,182,141,323,267,237,503,54,55,111,86,62,147,136,116,253,747,625,1374,895,964,1857,53,69,127,46,38,83,461,489,945,104,100,203,98,115,211,150,239,391,95,104,204,17,13,27,346,362,709,142,206,351,50,72,121,158,245,406,49,56,98,396,575,975,172,230,400,53,44,95,72,128,205,148,135,288,284,290,572,1951,1974,3926,8696,9351,18043,5256,4546,9798,317,361,676,71918,76250,148166
CED211,48753,52046,100796,83,84,160,245,226,470,6,5,17,2236,2471,4703,4717,5548,10271,257,317,573,7210,8339,15551,107,119,217,106,174,274,154,195,348,315,341,654,849,948,1800,96,83,178,702,659,1357,638,488,1134,432,390,824,206,134,343,471,421,890,2547,2177,4721,694,810,1504,179,202,379,357,366,723,55,53,108,27,32,61,535,521,1057,152,217,373,108,144,247,14,14,24,102,128,229,118,156,278,248,285,531,104,192,299,51,71,115,520,705,1225,329,345,674,192,200,392,137,241,370,55,56,109,577,654,1232,2706,2787,5492,18335,20076,38411,2469,2865,5328,730,1068,1794,70278,76048,146325
CED212,59604,63519,123120,76,88,164,206,175,385,9,7,10,169,211,380,446,592,1040,26,42,66,634,848,1485,130,142,274,161,208,377,174,225,394,325,375,704,578,576,1151,11,4,15,96,96,192,95,56,155,58,65,120,29,23,56,42,43,79,336,289,622,474,492,964,71,104,183,31,43,71,24,14,35,30,38,65,42,37,76,147,169,320,206,269,475,39,51,95,124,121,249,57,136,197,67,80,147,75,191,269,23,47,67,220,455,682,246,303,552,42,49,93,94,190,288,50,40,92,50,98,153,1372,1461,2832,5886,6893,12781,3896,4162,8061,272,428,697,69660,75004,144661
CED213,64918,67922,132842,50,59,107,76,70,148,9,5,17,57,75,128,144,181,321,11,20,30,205,270,476,135,122,259,131,176,311,132,152,283,248,305,556,587,566,1147,3,5,10,32,28,61,48,33,81,22,12,36,7,4,6,21,21,41,124,110,232,839,760,1604,43,61,103,11,7,17,40,38,76,57,56,114,11,6,19,56,80,129,36,43,79,16,13,27,46,36,81,38,79,120,35,45,84,45,99,141,7,15,29,133,242,370,147,158,299,4,13,18,41,114,156,32,29,57,26,46,66,574,597,1171,3804,4130,7931,4171,4535,8710,228,287,512,73123,76876,149993
CED214,46818,47050,93876,52,47,101,1940,1810,3755,3,3,9,1201,1329,2524,1277,1459,2741,178,205,386,2652,2998,5652,627,714,1339,77,96,173,219,225,443,262,344,608,2357,2610,4962,555,391,942,785,613,1400,810,588,1398,184,139,319,578,227,806,823,627,1451,3739,2579,6318,1744,2137,3887,137,220,364,90,94,182,1031,1095,2125,910,1082,1992,261,145,405,312,495,810,77,104,183,148,168,310,416,482,896,280,445,722,221,234,456,326,507,830,71,106,178,895,1292,2190,753,760,1511,539,219,757,131,289,415,387,364,750,5567,6382,11951,4768,3810,8574,30108,30541,60652,5050,4905,9953,620,915,1533,82597,83418,166013
CED215,59398,61549,120945,61,65,127,113,95,203,9,17,22,87,79,170,239,286,522,25,26,56,358,389,745,40,38,74,125,145,270,49,80,131,174,180,349,200,196,392,34,29,64,91,80,174,83,64,153,56,55,116,37,41,76,53,49,103,366,318,685,543,546,1090,29,30,68,17,23,37,14,9,19,61,66,126,19,12,32,80,94,176,14,24,42,3,3,8,21,26,42,56,140,199,18,37,52,99,155,252,29,46,83,208,384,591,80,93,172,61,35,100,37,89,127,10,3,11,95,116,209,557,581,1142,3345,3647,6988,6139,5579,11718,205,275,481,69088,71054,140135
CED216,52483,56600,109083,120,132,254,229,220,446,3,0,5,449,534,985,2062,2624,4689,143,186,334,2656,3345,6002,103,144,252,133,160,291,452,550,1006,469,555,1017,1754,1950,3701,46,42,87,505,448,951,159,103,265,85,92,178,52,26,77,321,284,603,1162,991,2153,845,1051,1892,331,446,778,161,202,364,38,51,89,21,42,62,73,69,144,316,488,801,1351,1626,2975,8,10,18,166,184,348,36,72,108,86,98,181,51,112,165,22,43,70,197,333,532,391,443,836,145,117,262,61,131,189,93,105,197,208,237,442,2014,2165,4179,13499,15749,29248,2827,3290,6115,613,913,1533,69424,76550,145977
CED217,50747,51106,101853,54,50,105,1830,1918,3745,7,6,16,1044,1078,2124,984,1178,2162,781,746,1524,2804,3002,5807,975,993,1963,50,50,96,128,140,271,137,166,298,1236,1287,2527,223,223,452,1356,1334,2690,2232,1846,4080,640,695,1332,798,663,1463,398,431,831,5650,5198,10846,1377,1481,2859,66,83,153,93,125,218,2009,2034,4037,1924,1990,3916,165,129,290,447,499,951,73,97,170,733,779,1520,713,750,1464,1209,1446,2657,189,251,435,1697,2066,3755,196,237,436,3289,4000,7284,1355,1558,2916,429,397,829,144,263,410,1010,1042,2050,5879,6686,12559,6178,6250,12430,38742,40986,79725,6120,5723,11844,597,861,1463,96208,98676,194887
CED218,50160,53462,103623,68,73,140,260,266,531,6,0,7,1030,1397,2430,3665,5119,8780,281,353,628,4979,6864,11843,96,114,210,103,102,206,514,604,1114,312,342,655,2581,2875,5456,132,102,236,873,763,1632,186,135,318,273,258,525,127,55,179,860,733,1599,2450,2047,4497,818,924,1741,340,407,746,285,346,631,38,53,88,21,29,47,199,211,418,173,307,479,714,946,1664,10,8,17,116,138,259,75,107,185,326,358,682,100,166,267,55,80,138,558,710,1272,608,624,1237,256,255,506,179,314,493,158,158,317,400,559,957,1951,1994,3946,18196,21280,39472,4371,4656,9027,1112,1482,2597,73838,80881,154724
CED219,51970,51857,103821,133,147,280,1690,1682,3370,0,3,3,631,701,1325,1634,1981,3619,450,463,918,2713,3145,5862,459,489,947,108,152,263,773,806,1583,177,227,405,913,930,1839,214,212,431,1893,1880,3777,3114,2723,5841,3275,3183,6457,768,697,1467,921,886,1808,10196,9584,19780,799,879,1674,49,67,114,86,114,199,157,175,332,87,114,204,483,435,912,509,568,1078,221,279,503,1157,1214,2371,1141,1110,2248,628,806,1433,303,405,709,784,1008,1795,231,270,494,1950,2487,4438,1201,1278,2479,1798,1565,3367,124,245,374,679,690,1372,919,1064,1989,13493,12884,26379,42015,42337,84349,5106,5015,10118,815,1165,1978,99912,100368,200281
CED220,37592,37900,75488,83,73,153,717,717,1437,4,0,3,1947,2038,3984,3385,3947,7331,620,693,1309,5950,6669,12619,188,236,422,58,81,133,359,429,785,226,247,475,4557,4981,9541,132,142,283,1039,879,1913,1651,1157,2809,524,512,1040,251,141,391,569,498,1070,4171,3328,7499,1244,1493,2733,277,339,616,408,416,824,61,66,121,65,75,138,114,108,219,283,361,648,1224,1388,2606,53,71,122,210,219,426,213,261,477,238,275,516,268,394,665,144,125,265,866,1063,1926,503,569,1075,444,392,840,177,332,513,336,326,655,4727,5281,10014,5694,5786,11485,32984,35059,68044,3148,3177,6326,702,1034,1737,74428,77169,151594
CED221,62835,64414,127246,40,41,84,57,44,102,13,5,23,67,85,155,193,218,413,14,13,28,275,319,597,92,95,191,65,95,165,109,114,226,262,309,572,99,110,201,18,13,24,63,60,117,105,94,194,50,52,105,36,23,59,171,160,328,436,395,833,637,652,1284,43,60,106,20,23,51,15,15,27,10,12,26,24,19,41,36,58,99,34,41,76,10,8,14,70,60,123,56,99,151,22,32,50,74,126,197,23,30,56,166,289,456,82,80,169,25,21,48,33,73,105,12,4,23,22,27,54,590,633,1218,3298,3619,6916,6004,5831,11836,520,554,1077,72660,74415,147073
CED222,50336,52199,102536,150,145,290,530,541,1069,4,0,6,807,954,1761,1685,2021,3707,409,392,803,2904,3371,6268,205,257,457,109,168,280,382,433,816,274,295,566,1357,1451,2808,136,136,272,697,724,1423,911,670,1579,646,607,1254,183,163,342,298,295,589,2872,2588,5463,803,857,1656,107,157,267,66,92,158,91,85,171,54,79,135,166,134,299,283,344,623,487,609,1098,163,151,316,393,387,777,206,330,542,93,133,221,327,445,772,107,135,242,733,1042,1776,526,558,1090,622,527,1153,89,229,317,604,566,1168,2324,2631,4954,6214,5942,12155,22511,23636,46151,3696,3855,7557,500,758,1255,77044,80453,157494
CED223,52723,54970,107696,91,93,183,558,541,1102,3,6,10,587,670,1262,1823,2136,3959,116,158,275,2532,2964,5492,225,275,494,107,120,227,198,261,468,311,298,613,1194,1301,2498,30,23,56,351,280,632,146,110,258,185,190,371,111,71,190,166,146,308,992,822,1817,1652,1913,3562,167,251,422,88,138,227,342,389,734,50,65,116,301,338,640,127,180,308,148,173,323,28,37,63,134,149,287,65,102,162,65,108,177,66,119,188,41,64,104,240,393,635,291,345,637,185,187,370,78,150,226,67,75,141,340,442,781,1797,1907,3706,12252,13813,26068,2740,3020,5764,463,665,1127,68181,72466,140648
CED224,46189,49461,95657,54,49,101,456,376,836,5,0,9,2058,2516,4572,5436,7025,12458,346,483,827,7836,10025,17855,83,111,192,60,64,128,424,487,907,254,296,548,1963,2155,4112,103,96,205,679,579,1263,154,120,275,306,278,588,138,99,231,670,545,1217,2059,1708,3768,1166,1364,2533,179,298,475,278,405,689,112,118,232,25,28,52,319,285,595,110,150,262,99,163,270,9,18,22,57,80,140,54,96,146,285,378,664,61,123,182,54,64,116,456,658,1118,401,461,862,287,252,545,128,235,365,93,94,193,886,989,1874,1172,1208,2381,18981,22082,41065,3010,3193,6208,1244,1527,2770,69428,76264,145693
CED225,60349,60741,121089,140,175,317,576,544,1113,3,0,3,236,299,535,1195,1400,2598,148,163,308,1583,1860,3443,197,206,402,177,232,408,335,375,713,385,436,824,333,392,730,113,127,237,511,523,1037,540,463,997,1380,1390,2774,223,206,430,303,329,631,3072,3039,6113,620,629,1249,72,92,169,182,182,365,43,60,99,50,58,104,163,173,336,248,308,549,138,190,324,115,143,263,198,189,390,159,224,382,125,140,259,151,243,390,62,85,147,496,690,1183,461,570,1034,408,399,806,61,108,171,121,120,239,148,157,305,2900,2972,5873,13223,14304,27528,2958,3030,5991,406,658,1058,76938,78733,155671
CED226,61288,61000,122288,204,214,415,2295,2304,4600,3,3,13,1164,1237,2407,3630,4191,7826,234,281,514,5034,5713,10743,355,388,739,87,76,164,297,332,629,165,204,364,828,793,1623,1199,1161,2361,4094,3996,8093,4640,3719,8365,826,794,1619,2061,1789,3846,2381,2273,4651,15202,13730,28930,1469,1621,3086,138,225,361,415,460,871,669,693,1361,675,729,1400,290,272,563,312,374,688,246,270,517,687,700,1385,512,513,1026,966,1244,2214,766,849,1618,1360,1669,3024,371,430,799,3467,4187,7655,994,1076,2071,1039,962,2004,199,363,556,193,184,373,1175,1377,2552,10179,10240,20417,47111,47992,95098,7007,5881,12886,1471,2214,3684,116873,117080,233953
CED227,57481,58726,116203,48,53,110,92,72,170,11,10,19,109,120,226,296,374,672,10,20,35,420,511,928,55,45,105,46,62,112,63,56,115,70,100,174,252,209,464,28,39,66,59,55,111,246,200,443,51,55,108,19,13,38,61,62,119,471,416,885,749,796,1548,35,48,78,43,46,96,5,5,10,15,6,24,28,13,40,24,12,37,8,13,18,27,30,60,16,18,32,69,130,195,40,35,72,89,135,224,99,96,197,296,395,691,43,47,82,71,46,112,58,77,135,242,235,473,226,218,445,1386,1243,2632,4790,4788,9586,5642,5426,11069,636,682,1310,68547,69618,138171
CED228,39400,39889,79288,21,16,33,1233,1152,2387,11,7,18,1960,2135,4094,1546,1845,3391,279,293,568,3782,4280,8060,1014,1120,2134,38,54,87,163,183,342,220,264,483,2129,2376,4510,160,127,289,914,743,1656,1694,1108,2800,249,216,463,585,294,878,653,528,1179,4248,3011,7264,3786,4518,8311,102,175,276,149,168,317,661,751,1417,1159,1314,2468,360,217,577,308,477,777,82,122,204,340,316,658,459,486,940,312,432,750,118,136,255,473,628,1096,74,94,174,973,1299,2272,961,1054,2018,424,283,706,113,263,377,411,425,837,9866,11245,21113,4236,3860,8099,37250,39427,76680,4714,4820,9539,609,893,1503,81979,85031,167004
CED229,76807,78237,155051,148,129,280,1416,1456,2869,9,8,19,192,199,389,561,619,1183,103,82,181,854,895,1750,240,288,533,59,85,148,125,168,291,193,248,440,877,925,1807,103,98,198,1191,1137,2321,2371,1943,4317,1005,1057,2061,520,471,990,476,448,922,5660,5151,10805,1865,1910,3778,66,91,153,68,82,148,960,1030,1991,324,382,706,194,163,365,117,143,266,64,77,143,505,509,1014,134,156,288,242,343,585,98,106,202,379,458,840,108,129,229,816,1037,1857,371,399,770,371,351,726,111,199,307,1137,1178,2318,187,271,460,3785,3794,7581,20679,21141,41816,5409,5586,10996,545,820,1366,103442,105787,209227
CED230,68501,72308,140814,63,60,120,231,260,492,7,12,15,77,99,167,258,311,571,28,35,69,367,448,812,114,125,240,210,273,479,122,151,277,202,252,458,185,177,365,61,53,119,198,177,373,433,354,787,314,283,600,75,62,131,129,121,252,1207,1047,2257,494,517,1006,43,63,111,45,34,79,15,16,27,87,94,182,42,40,84,73,89,159,66,81,148,67,64,136,95,96,191,94,187,278,45,74,122,106,180,286,29,63,92,268,501,775,211,233,445,86,91,177,46,91,134,37,34,66,93,120,211,1421,1535,2953,5888,6501,12396,4966,5279,10252,315,459,774,79673,84556,164229
CED231,56575,56909,113476,82,61,142,1437,1363,2803,23,24,47,2884,3502,6384,10379,14431,24811,1100,1231,2325,14361,19159,33521,172,186,360,165,167,325,706,705,1410,417,416,829,1391,1548,2938,191,163,348,1222,918,2141,133,100,232,240,219,457,230,130,363,474,381,861,2489,1914,4406,1704,1693,3400,441,705,1139,1281,1354,2632,134,149,288,104,102,199,317,303,617,115,174,290,181,249,432,21,17,33,163,189,355,177,246,422,1213,1450,2664,196,270,463,339,411,752,1923,2377,4304,1429,1419,2848,536,376,913,643,1104,1742,328,334,668,2586,3487,6073,4582,4848,9430,37728,44426,82151,14974,14528,29500,6987,8239,15231,116254,124103,240358
CED232,52365,53827,106191,103,68,169,386,337,724,17,8,20,817,1028,1844,2837,4060,6900,219,321,534,3868,5408,9279,110,140,251,146,166,309,797,835,1623,466,525,993,1680,1802,3486,117,90,211,869,650,1522,125,87,217,113,92,203,121,64,182,546,435,985,1892,1421,3313,1065,1023,2084,372,458,831,364,422,782,88,101,189,31,53,81,238,206,444,276,408,684,995,1374,2371,17,17,36,153,169,321,117,158,274,468,582,1048,119,201,321,96,117,212,796,1062,1854,1028,1010,2037,214,181,395,164,312,478,160,157,317,304,434,745,3309,3293,6594,19026,21386,40417,9014,8926,17939,2659,3179,5841,83059,87317,170383
CED233,39188,40157,79341,161,176,335,928,944,1868,0,0,3,4539,5001,9539,5969,6949,12914,411,511,921,10920,12457,23382,185,201,387,81,94,172,105,129,235,242,254,491,3443,3714,7151,41,52,92,392,406,792,246,220,472,159,166,329,207,180,378,169,179,347,1213,1198,2410,2311,2763,5076,134,171,304,422,511,940,269,292,558,61,92,152,1141,1076,2215,92,130,222,68,107,170,4,3,11,92,95,187,38,82,126,198,243,441,56,110,164,84,78,162,380,518,897,214,247,469,177,185,366,47,89,138,108,130,235,352,413,765,1116,1172,2285,24258,27162,51421,2030,2378,4408,904,1189,2093,66379,70888,137267
CED234,58810,59959,118777,41,32,72,713,695,1406,26,29,60,78,105,179,219,352,569,17,16,34,313,468,783,43,22,69,57,66,122,66,61,126,86,113,199,150,159,309,29,24,49,85,83,168,564,472,1035,76,72,151,82,69,145,127,97,217,959,804,1764,943,939,1883,26,28,53,35,36,72,117,111,224,14,11,25,53,43,100,22,26,49,16,13,26,109,112,220,18,23,43,127,201,327,17,30,43,123,193,311,42,69,105,297,490,788,40,48,88,53,37,91,53,112,161,264,240,503,41,42,82,1553,1408,2959,6109,6183,12291,5793,5495,11285,258,406,663,70977,72039,143016
CED235,41635,41918,83550,49,43,99,4624,4483,9105,3,8,8,724,760,1482,2013,2109,4127,338,347,686,3075,3222,6295,339,407,740,26,37,69,147,131,281,123,154,273,3126,3440,6566,174,145,323,1474,1380,2860,3017,2482,5497,736,740,1479,527,434,963,612,606,1219,6538,5791,12334,4083,4835,8918,79,88,166,75,78,159,4386,4355,8746,336,422,763,617,551,1166,113,127,233,54,85,140,296,366,668,340,373,711,280,418,704,171,183,352,357,502,856,123,139,263,931,1240,2167,307,378,689,940,837,1777,68,137,207,819,814,1630,2151,2365,4517,3733,3788,7519,37372,38570,75943,3688,3762,7450,622,959,1588,83318,85214,168528
CED236,57494,59023,116514,43,52,96,53,56,115,9,19,31,43,42,89,291,254,542,23,20,42,356,318,679,14,18,34,66,83,146,47,65,117,89,108,202,69,50,118,9,9,20,54,50,102,47,38,78,55,51,106,15,14,32,24,20,39,208,172,379,74,68,140,35,42,72,69,29,97,3,4,9,38,21,53,3,4,6,18,21,36,20,32,44,4,4,6,9,5,12,77,120,197,34,46,83,52,117,165,19,33,49,185,312,498,45,54,95,17,19,37,29,69,98,19,14,31,36,40,77,327,342,671,1876,2021,3898,5623,4558,10185,408,469,878,65406,66066,131476
CED237,46493,48766,95265,26,25,47,4030,3939,7968,11,6,15,475,606,1077,1442,1786,3231,98,121,216,2016,2515,4529,250,285,532,70,73,136,292,309,600,288,342,627,3589,3985,7570,371,359,728,709,575,1285,589,350,943,366,389,763,2361,1480,3839,1728,1339,3062,6117,4494,10618,5777,7193,12972,175,274,449,131,164,293,122,155,280,330,437,766,335,230,568,194,281,473,85,120,212,89,84,170,154,163,316,149,249,397,296,346,643,175,310,484,119,130,242,731,1036,1769,789,819,1607,231,180,408,143,248,390,1520,1562,3081,698,831,1533,2664,2572,5241,30844,32324,63170,4602,4725,9331,667,913,1577,82607,86730,169341
CED297,250,25,278,0,0,0,0,0,0,0,0,0,3,0,3,5,0,7,0,0,0,9,3,10,0,0,0,0,0,0,0,3,3,0,0,0,0,0,0,0,0,0,0,0,0,0,0,0,0,0,0,0,0,0,0,0,0,3,0,5,0,0,0,0,0,0,0,0,0,0,0,0,0,0,0,0,0,0,0,0,0,0,0,3,0,0,0,0,0,0,0,0,0,0,0,0,0,0,4,0,0,0,6,0,8,0,0,0,0,0,0,0,0,0,0,0,0,0,0,0,7,0,6,32,14,44,31,0,31,16,14,34,335,54,380
CED301,66125,67613,133740,106,99,203,127,116,248,33,31,63,72,89,158,221,306,531,17,23,42,313,423,732,19,21,39,96,109,202,76,73,144,145,160,307,39,40,77,30,20,49,211,191,404,122,79,204,44,52,95,43,56,97,77,74,148,534,464,999,59,70,127,58,80,130,81,71,155,0,3,5,15,20,28,31,35,71,40,44,90,40,49,86,836,864,1695,25,30,51,161,217,375,29,40,69,199,307,509,55,89,141,440,656,1093,202,213,409,78,58,138,37,120,154,15,14,25,200,237,441,1562,1637,3201,5193,5731,10925,5155,5060,10213,265,347,616,76739,78751,155489
CED302,55807,58329,114139,351,347,702,307,301,614,13,23,33,960,1143,2104,2035,2633,4664,165,170,337,3165,3948,7112,101,103,208,91,98,186,195,253,444,198,269,470,795,856,1647,61,52,113,580,619,1199,460,362,820,330,330,667,124,91,215,420,412,832,1980,1872,3851,394,460,849,198,301,495,625,714,1336,33,32,69,9,11,23,212,211,427,111,118,224,168,235,404,84,83,169,144,161,302,176,246,421,96,169,267,257,427,685,47,98,152,579,946,1521,533,600,1134,142,149,292,76,204,273,36,22,53,398,469,870,1726,1804,3533,12662,14585,27246,2902,3144,6044,898,1283,2182,72273,77339,149615
CED303,63425,65842,129267,354,379,732,90,92,180,24,32,49,113,146,264,283,430,714,13,16,32,417,599,1010,98,100,201,127,187,317,139,177,312,259,282,544,170,167,336,10,7,11,144,129,275,146,152,305,52,55,109,17,22,37,75,72,148,443,445,885,227,229,455,100,136,232,36,51,89,11,10,21,22,30,46,46,40,82,83,117,203,79,103,185,51,53,103,45,43,90,70,137,206,38,46,83,96,217,311,26,42,67,231,449,671,194,229,415,30,33,61,47,127,177,26,27,52,79,109,184,969,1114,2080,4384,5345,9728,2665,3010,5678,370,531,902,70847,74723,145570
CED304,61601,61258,122863,119,133,255,634,467,1101,34,26,57,802,928,1736,1903,2602,4502,176,207,385,2884,3739,6624,49,50,104,132,108,243,479,509,989,330,367,699,216,177,392,149,119,271,603,480,1089,379,254,638,143,116,258,108,77,188,748,622,1370,2143,1672,3811,901,972,1874,417,615,1026,835,887,1726,31,41,73,13,10,16,322,270,596,146,168,319,137,211,349,40,37,83,74,86,160,118,197,318,127,163,289,169,274,447,79,112,194,493,754,1248,1109,1154,2260,149,137,285,183,369,556,48,44,91,258,274,535,2200,2125,4323,14381,15414,29799,8163,7647,15811,3610,3843,7454,87759,88165,175925
CED305,68968,66059,135032,245,208,456,27,20,45,66,66,129,82,73,150,158,182,342,18,15,26,260,263,524,18,12,26,36,40,75,56,68,129,127,137,264,28,22,53,74,74,148,91,79,172,82,80,158,53,61,119,37,27,56,117,101,220,453,424,879,78,65,144,50,69,123,41,48,91,0,0,0,70,64,128,25,23,52,13,19,37,27,33,64,22,17,39,3,0,3,169,227,397,46,52,96,259,374,629,40,53,88,503,702,1208,89,78,164,154,69,223,53,138,186,3,3,7,216,228,442,973,799,1771,3640,3620,7260,10636,6071,16711,454,518,969,83702,76272,159974
CED306,67901,68382,136280,326,355,678,54,36,96,66,63,133,104,110,215,292,424,712,18,24,39,413,559,967,20,17,37,117,109,221,142,133,271,193,259,448,113,112,228,39,45,86,168,133,301,141,110,250,79,68,145,39,45,78,114,113,228,576,506,1083,453,494,947,92,118,218,170,129,305,3,6,17,76,124,200,18,19,43,44,50,91,34,66,100,41,29,63,19,16,41,274,365,632,41,61,99,368,549,919,21,65,87,696,1043,1742,134,148,286,55,57,111,65,206,266,24,9,37,127,135,264,855,964,1817,4925,5777,10700,7170,6267,13432,1820,2424,4241,81811,82845,164654
CED307,63379,65090,128469,362,343,707,132,125,262,13,16,27,106,148,256,230,305,536,17,30,46,356,483,835,17,19,41,117,146,264,123,154,279,214,269,480,56,68,123,23,25,50,283,320,606,183,143,330,29,31,67,12,15,31,109,110,215,650,656,1299,250,262,511,96,147,237,37,44,82,6,13,16,5,11,21,45,52,100,88,105,194,58,94,148,225,249,472,8,8,18,105,182,286,22,61,89,184,307,493,19,42,64,342,593,931,243,242,487,39,51,86,53,137,187,13,3,13,40,75,118,1000,1059,2055,4591,5415,10009,2512,2702,5220,318,425,746,70803,73645,144443
CED308,66846,70717,137555,275,314,583,288,258,550,4,3,12,382,398,771,1378,1599,2974,95,99,192,1852,2092,3945,149,188,342,123,158,281,236,304,538,298,340,641,193,187,382,124,118,243,170,159,335,193,142,336,63,65,130,133,112,247,152,151,298,835,750,1587,281,282,559,505,711,1212,502,546,1047,49,45,91,44,53,96,160,160,315,101,143,243,176,278,455,140,119,257,174,183,362,125,255,379,93,158,248,154,394,539,52,88,134,414,885,1302,357,446,803,59,53,116,109,262,376,114,90,204,155,157,317,1733,1857,3594,9336,10870,20211,5520,5950,11472,957,1185,2142,82655,88727,171385
CED309,66555,72130,138691,260,263,519,71,33,104,13,13,33,67,85,148,138,241,379,8,16,25,217,335,552,22,28,49,164,217,378,194,254,445,408,481,890,58,88,145,14,13,27,82,67,154,121,91,207,25,25,56,46,31,76,113,102,217,402,333,737,192,209,401,84,150,235,99,116,212,3,5,13,13,12,25,35,33,64,55,72,123,29,62,89,9,20,32,27,19,51,42,124,164,55,76,130,48,161,210,24,39,60,169,398,561,166,213,374,10,14,27,87,204,286,8,13,18,38,68,109,707,848,1554,3537,4499,8037,4034,4356,8393,849,1036,1884,74982,82024,157001
CED310,61629,66172,127801,138,146,286,49,24,77,3,5,8,71,90,156,174,252,427,8,13,20,244,363,605,26,34,60,167,199,369,166,241,402,310,387,697,59,64,118,13,10,18,76,54,133,100,67,170,23,23,43,7,11,20,142,142,283,361,303,662,210,198,409,85,158,244,76,81,157,8,10,20,13,14,24,15,15,35,53,62,119,45,64,115,5,8,19,16,11,24,33,86,123,31,54,88,61,141,204,12,20,36,135,308,443,144,158,300,19,10,27,58,154,209,10,6,19,56,63,120,645,807,1456,3113,3909,7024,4014,4446,8460,1421,1851,3277,70178,76383,146557
CED311,72092,67092,139179,333,324,657,70,58,132,69,78,144,38,43,87,186,221,406,6,12,20,236,278,512,22,18,40,54,71,123,79,79,166,158,146,305,47,40,83,48,43,88,125,99,226,101,94,197,43,46,89,46,32,75,88,86,175,448,407,855,119,94,206,26,54,82,97,86,182,10,3,11,13,14,24,34,22,49,26,34,58,35,56,95,36,14,44,17,19,35,248,286,536,56,42,98,324,408,731,35,49,85,657,786,1440,114,104,221,115,70,183,35,128,161,9,5,15,101,103,199,971,741,1711,3913,3832,7748,8869,6363,15229,928,667,1599,85796,77950,163747
CED312,67106,69190,136293,245,246,489,324,283,606,21,22,47,189,223,412,582,703,1279,39,54,89,803,980,1781,99,118,219,137,169,305,154,181,332,245,298,544,107,128,232,8,11,14,341,373,719,291,233,520,56,48,102,107,111,212,131,113,242,930,888,1816,187,168,353,153,208,361,216,222,434,24,20,45,19,27,46,69,72,140,117,136,252,136,175,306,522,533,1059,115,121,233,137,237,376,52,97,152,191,394,581,30,68,102,413,796,1210,295,381,678,64,63,125,61,131,194,155,135,284,242,250,493,2631,2751,5382,8482,9480,17962,4405,4768,9176,415,569,990,80412,84007,164421
CED313,58396,59854,118249,130,149,278,396,333,726,15,17,28,588,787,1373,1412,1926,3339,83,99,180,2089,2808,4895,76,86,165,113,141,253,393,452,847,326,389,718,984,1036,2023,113,95,209,621,510,1137,501,388,891,231,249,479,147,93,239,650,547,1190,2257,1880,4134,586,649,1226,369,497,865,574,698,1273,21,28,48,7,11,19,335,293,631,117,179,303,185,263,455,46,50,92,146,146,289,103,205,307,98,132,227,140,304,440,68,88,151,412,717,1127,990,1046,2029,164,125,289,188,361,556,74,54,136,582,679,1267,2171,2180,4349,13758,15264,29014,5148,5144,10295,1446,1901,3346,78753,82156,160912
CED314,61897,66564,128463,207,224,425,473,412,880,24,46,63,90,115,198,411,468,877,18,29,51,514,610,1129,12,21,35,63,73,139,91,98,188,118,143,267,22,39,62,78,70,146,137,115,248,178,128,303,117,131,249,49,32,84,265,220,487,823,693,1518,88,92,183,66,81,147,104,105,212,0,3,7,3,3,9,67,71,139,11,26,38,29,39,70,13,20,35,9,16,26,129,220,350,15,39,50,158,256,417,38,59,96,341,570,911,123,126,243,81,50,127,35,66,107,12,6,16,59,57,114,1596,1409,3003,4998,5089,10086,4448,4814,9267,328,448,779,71672,76922,148598
CED315,68143,70123,138258,157,171,330,136,100,239,252,290,537,163,149,310,220,254,478,13,12,25,398,420,817,20,22,43,64,70,138,135,145,277,223,241,460,157,169,319,29,31,58,110,101,211,130,96,222,49,75,129,42,29,75,126,129,248,480,456,941,342,365,712,82,115,195,99,97,193,3,7,9,14,14,24,37,35,76,43,45,91,31,60,85,34,31,69,16,18,30,171,283,452,61,81,139,251,474,730,44,83,121,532,914,1445,182,190,376,79,71,152,75,148,224,7,7,15,129,152,286,1806,1916,3715,5542,6266,11807,6668,6036,12705,719,1011,1728,81070,83439,164503
CED316,62407,66508,128914,130,127,258,44,42,92,35,24,56,58,90,148,202,299,504,15,29,40,270,422,695,24,36,57,113,146,265,112,125,240,248,305,550,33,36,77,19,14,38,63,82,150,46,43,89,35,38,68,39,30,69,98,91,185,301,300,598,234,228,461,57,73,127,85,75,163,0,4,7,29,22,49,16,9,24,24,29,45,25,37,68,21,16,39,13,16,29,45,152,202,12,28,43,51,212,267,20,40,65,136,442,575,64,69,134,27,29,53,58,115,175,71,52,118,88,96,185,581,649,1227,2825,3529,6356,4932,5159,10088,911,1214,2128,71078,76412,147487
CED317,70766,67760,138524,114,116,230,12,11,23,477,480,963,46,65,109,135,196,333,9,5,13,185,266,450,58,50,106,96,111,209,116,118,239,283,288,566,87,75,156,5,9,18,76,81,163,458,372,826,41,38,77,19,18,36,48,45,93,648,562,1211,1195,1225,2423,124,179,297,89,52,144,0,0,0,28,37,67,8,10,21,44,47,86,31,29,59,52,50,98,16,12,22,133,288,419,34,47,84,157,274,433,26,68,97,351,681,1027,109,88,194,32,31,64,37,103,143,5,3,16,31,42,73,1286,1264,2556,5517,5921,11436,9064,7412,16470,1342,1402,2741,86683,82496,169183
CED318,69873,69400,139270,143,142,281,103,66,170,5094,5369,10460,260,287,548,575,737,1304,50,58,109,882,1076,1960,58,77,130,235,245,480,324,379,705,579,670,1246,133,135,263,32,25,57,138,127,265,426,358,781,61,54,113,35,31,71,481,494,966,1169,1094,2265,613,607,1212,943,1462,2398,480,514,993,11,10,15,31,39,72,49,37,82,79,89,164,60,106,164,68,64,131,28,38,68,138,287,428,81,129,205,254,562,810,55,107,166,533,1084,1613,213,259,471,53,48,104,163,334,495,27,17,43,144,168,309,3075,3590,6662,15279,17705,32982,11115,10751,21864,5703,7261,12967,101966,105117,207081
CED319,60290,63195,123484,123,130,254,192,151,345,38,41,81,495,600,1098,694,987,1685,46,62,112,1239,1649,2889,46,63,107,88,109,196,201,219,418,225,273,496,153,151,306,73,78,147,628,650,1281,1148,936,2080,137,127,259,82,66,143,570,540,1108,2632,2391,5028,832,888,1727,205,357,558,243,323,573,26,32,59,29,32,62,229,202,426,120,159,283,83,125,205,243,258,498,35,33,65,226,407,629,90,141,225,438,686,1124,66,118,187,818,1350,2165,397,483,886,185,154,339,92,237,332,28,21,44,190,241,433,2026,2203,4226,10718,12277,22987,3450,3860,7305,569,877,1449,75026,80203,155231
CED320,68685,71348,140034,170,191,355,77,74,148,28,34,59,103,151,252,271,453,728,20,24,44,390,628,1014,39,30,70,113,148,264,122,132,256,196,202,400,52,45,97,0,0,0,147,164,307,51,38,87,23,23,42,23,9,30,41,37,83,285,272,556,180,167,354,71,138,209,203,164,364,5,4,6,17,19,36,16,10,22,51,76,127,33,51,81,302,338,640,26,21,43,86,197,278,31,52,82,135,349,482,15,58,72,266,653,913,129,149,278,9,15,26,49,121,172,11,12,23,92,118,216,838,931,1767,3775,4748,8523,5523,5092,10617,486,797,1289,78474,81983,160463
CED321,69049,67095,136138,184,156,347,30,17,51,27,31,55,50,45,93,161,158,317,8,8,19,220,208,422,27,20,54,58,59,118,46,63,107,131,159,287,21,17,42,9,9,17,74,65,137,99,82,184,35,26,62,20,16,34,60,49,110,298,247,546,211,210,421,24,26,44,65,49,118,5,0,4,7,0,8,15,5,20,20,22,45,21,25,42,9,18,27,22,15,39,210,257,466,6,13,24,228,314,538,20,43,64,463,627,1094,70,75,151,17,9,24,18,58,75,4,3,11,98,102,200,471,409,882,2577,2649,5223,7785,6050,13829,371,434,806,79781,76229,156007
CED322,62295,67097,129393,162,185,344,129,114,242,16,16,29,437,532,971,961,1224,2184,44,58,104,1448,1809,3253,112,130,237,125,162,286,295,354,646,256,322,578,168,191,361,18,23,48,160,128,287,96,77,168,38,42,80,24,24,47,64,49,109,395,335,738,284,278,563,669,872,1537,231,268,506,51,57,106,42,52,96,71,84,153,105,172,274,106,138,246,38,19,58,139,148,287,83,156,238,68,98,166,93,261,358,28,68,101,272,589,863,333,421,754,22,40,63,108,252,361,59,53,115,88,103,190,1288,1419,2713,7011,8587,15598,4659,5272,9926,1175,1369,2543,75147,82320,157466
CED323,62482,64875,127350,119,139,257,521,383,910,13,12,23,549,666,1215,1699,2287,3986,119,162,281,2365,3115,5481,200,228,430,121,155,277,378,424,806,376,437,815,359,419,781,55,44,104,335,281,614,509,346,858,42,49,96,63,34,95,397,343,738,1401,1102,2506,729,679,1410,1069,1578,2648,813,849,1659,55,54,107,30,42,72,212,173,379,137,212,356,173,321,498,71,56,131,195,181,373,126,303,427,111,133,249,161,405,568,43,88,132,443,926,1374,659,694,1354,55,37,90,201,423,627,82,51,129,179,238,414,2093,2216,4307,13064,15140,28206,9581,9620,19204,5284,6404,11691,90414,96037,186454
CED324,45403,45688,91086,83,81,168,737,736,1474,13,20,28,2650,2819,5468,7953,9195,17150,437,430,861,11034,12444,23477,140,153,296,86,118,202,234,221,451,223,247,461,541,605,1146,203,196,395,853,812,1668,1668,1233,2904,241,224,470,652,440,1100,771,674,1441,4386,3581,7970,285,305,586,358,510,869,1909,1828,3742,50,52,100,7,5,16,350,257,613,121,172,295,151,226,374,164,159,322,334,327,664,178,271,441,258,341,598,296,458,755,91,125,220,826,1189,2017,616,663,1280,328,271,605,115,257,372,62,58,124,1399,1568,2968,3655,3313,6964,28208,29379,57581,3652,3715,7364,1385,1915,3303,78650,80691,159343
CED325,51811,52722,104534,206,226,434,621,614,1235,36,34,71,482,584,1064,1198,1399,2592,78,95,170,1755,2076,3830,60,74,132,133,156,290,193,223,412,214,240,457,72,58,135,299,296,587,798,878,1676,603,463,1067,421,446,864,120,99,215,445,446,899,2688,2621,5311,189,179,368,145,213,360,288,336,622,50,44,94,25,14,42,341,341,682,162,178,342,90,147,241,1899,2086,3990,218,231,445,252,345,594,124,147,269,407,612,1025,78,112,192,859,1220,2079,712,784,1491,426,406,827,76,183,257,26,36,61,5922,6518,12443,4154,4344,8495,21557,23601,45152,6936,4906,11842,580,924,1507,80884,82150,163031
CED326,64587,69398,133976,354,375,731,159,145,301,26,29,63,289,332,617,519,672,1193,39,61,96,852,1062,1912,44,54,95,92,128,224,189,185,372,205,255,460,121,125,248,85,70,154,590,646,1233,533,458,992,140,135,272,79,55,138,385,382,767,1805,1748,3555,298,367,659,116,199,317,143,162,301,16,14,35,26,29,56,180,172,351,76,103,177,118,148,270,524,573,1096,48,45,88,247,419,664,62,103,160,462,668,1128,48,89,130,815,1270,2082,345,357,702,81,98,181,76,182,257,33,22,51,120,125,243,1863,2018,3874,8715,10000,18716,4051,4564,8612,507,757,1261,77851,84713,162571
CED327,57478,58246,115727,142,153,302,1112,1069,2181,21,35,53,1583,1693,3270,4231,4788,9023,212,249,463,6029,6727,12759,244,265,514,83,79,154,161,141,302,169,185,356,257,283,539,148,125,275,1064,1143,2209,1071,845,1923,178,171,349,540,503,1048,432,410,839,3431,3205,6637,152,162,319,144,227,369,827,887,1715,89,113,205,15,22,40,276,222,494,124,140,265,95,127,225,1741,1739,3484,369,361,734,285,492,777,211,257,469,388,643,1034,85,138,227,978,1531,2507,582,663,1244,266,207,472,128,232,352,128,105,231,689,797,1484,6900,6962,13863,25165,26645,51805,4985,5019,10001,826,1268,2092,88453,91177,179628
CED328,60405,62267,122673,333,332,670,265,212,471,13,11,23,687,784,1478,2397,3136,5540,158,228,388,3249,4150,7398,34,34,65,162,192,360,368,450,815,477,525,1004,109,124,237,137,132,268,368,379,744,155,132,290,201,211,411,95,62,150,322,320,641,1269,1231,2501,315,338,659,330,470,798,411,472,880,32,50,86,0,5,7,295,308,598,117,147,261,128,216,344,27,18,43,48,56,104,76,108,187,300,383,684,71,178,256,246,347,596,689,1027,1713,705,729,1431,198,191,396,108,216,319,32,25,53,290,367,653,1479,1524,3004,11490,13421,24910,2716,2987,5707,1132,1680,2809,75743,80354,156097
CED329,65295,67546,132839,107,100,205,22,13,34,50,44,94,35,54,90,74,131,209,11,13,23,121,195,318,29,20,48,114,148,263,160,186,346,346,405,754,41,50,88,9,6,13,38,37,70,33,25,61,0,6,5,4,3,6,33,31,60,116,106,218,167,168,338,64,96,162,27,24,47,8,11,20,15,14,32,9,4,11,31,52,88,22,40,66,0,10,13,16,9,28,25,123,144,36,51,80,28,177,209,6,52,55,93,402,488,98,119,208,27,16,38,30,107,139,3,4,14,35,58,91,484,520,1002,2227,2917,5142,6125,5504,11626,1284,1626,2908,74931,77589,152513
CED330,67840,68568,136404,167,182,345,134,96,230,29,19,44,105,144,249,339,501,843,22,30,50,464,678,1143,55,63,121,126,146,274,114,136,247,269,323,586,59,53,111,35,7,43,93,90,191,66,60,130,9,10,20,12,29,41,60,57,116,281,262,542,133,105,239,175,234,411,151,140,293,10,6,16,29,20,50,19,15,27,54,75,126,77,95,173,77,64,141,34,34,74,25,103,130,36,77,111,39,118,163,17,36,58,122,332,454,157,168,322,11,16,25,38,95,131,18,12,30,163,142,305,974,995,1973,3924,4516,8439,5567,5209,10778,542,668,1217,77877,78962,156840
CED397,684,815,1501,0,0,0,0,0,0,0,0,0,0,0,0,0,0,3,0,3,3,3,3,7,0,0,3,4,7,7,0,4,7,0,0,0,0,0,3,0,0,0,0,0,0,0,0,0,0,0,0,0,0,0,0,0,0,0,0,0,9,8,11,0,0,0,0,0,0,0,0,0,0,0,0,0,0,0,0,0,0,0,0,0,0,0,0,0,0,0,3,3,4,4,0,6,4,3,10,0,0,0,8,7,16,7,5,10,0,0,0,0,5,5,0,0,0,0,0,0,3,10,6,37,44,84,218,175,394,158,231,388,1094,1268,2370
CED401,53199,54366,107561,73,66,140,805,577,1384,73,82,152,1202,1268,2475,3759,4347,8103,358,357,716,5319,5976,11297,194,232,423,97,107,200,234,283,517,284,372,657,2345,2640,4988,334,276,609,853,729,1585,952,802,1751,210,217,425,327,209,531,1157,1125,2282,3832,3353,7184,1751,2014,3764,220,265,486,390,458,848,31,24,49,43,53,100,525,474,999,280,368,654,159,247,405,6,0,7,190,235,429,164,219,380,127,143,268,187,309,489,217,216,433,692,890,1580,454,478,930,265,220,487,146,265,412,65,52,122,1641,1821,3463,4026,3323,7354,24148,24880,49024,5734,5050,10787,1834,2210,4047,84911,86510,171418
CED402,64285,63987,128275,82,77,162,58,66,125,127,140,269,53,60,108,442,430,870,39,34,80,535,530,1060,49,66,114,74,94,166,59,71,133,174,233,407,505,474,978,32,21,49,49,50,95,323,287,611,19,20,36,31,30,61,26,20,50,480,426,906,409,424,833,27,46,75,35,41,77,4,7,9,4,3,9,65,31,96,42,47,88,22,30,50,13,15,28,15,14,26,159,206,364,13,11,25,191,267,460,30,46,74,395,533,927,26,29,61,50,20,74,41,72,112,60,51,114,159,147,309,1164,805,1967,4676,4493,9167,5393,4277,9678,649,576,1222,75000,73336,148340
CED403,56220,60463,116683,131,139,272,649,603,1248,18,25,44,397,436,839,1355,1788,3142,131,128,261,1881,2354,4236,114,126,244,154,236,388,155,193,350,360,450,808,1006,1097,2102,126,126,249,288,287,574,226,205,433,108,124,234,156,155,311,277,292,570,1182,1183,2367,530,618,1156,125,192,314,165,201,367,18,15,37,21,23,41,374,357,735,251,319,570,128,164,293,4,7,12,78,96,174,76,142,219,205,233,432,137,222,364,65,104,166,479,700,1182,197,242,437,131,132,267,41,95,137,26,23,54,207,234,441,1537,1674,3206,9990,11501,21491,2482,2737,5225,555,741,1293,69246,75445,144689
CED404,65303,62040,127344,158,140,299,32,14,49,1153,1213,2367,39,39,79,89,113,202,4,5,11,131,158,287,99,72,166,53,68,124,42,44,90,149,166,317,283,183,460,37,35,71,69,58,132,84,65,151,67,52,120,37,31,71,31,30,59,329,274,606,277,238,518,20,17,33,10,13,27,5,7,12,8,12,21,10,14,25,30,38,65,14,22,37,0,0,0,43,23,66,100,151,253,23,30,52,150,192,344,17,32,48,296,401,695,77,75,151,42,41,85,28,62,93,3,4,13,40,46,87,480,423,906,3822,3773,7596,7277,5410,12690,356,300,656,76753,71532,148288
CED405,52213,55530,107742,92,99,190,688,620,1311,19,32,48,649,678,1328,1649,1854,3510,143,146,287,2445,2678,5124,233,250,488,87,105,189,148,185,330,245,300,549,2893,3112,6004,157,153,314,640,565,1205,939,787,1726,98,88,186,258,213,471,608,614,1220,2697,2424,5126,2158,2482,4647,124,148,272,116,140,255,112,101,213,65,91,147,232,194,421,252,344,599,169,230,400,7,9,13,315,331,646,165,246,410,115,131,248,246,324,568,95,120,213,616,829,1447,315,348,661,128,118,245,83,175,260,20,15,38,321,409,732,2052,2159,4218,16644,17927,34569,3229,3484,6708,532,776,1305,72614,77716,150330
CED406,62472,65204,127675,177,178,359,294,294,592,32,49,83,107,134,240,329,425,756,23,23,45,458,578,1041,86,97,190,152,174,324,95,103,199,300,367,663,278,272,544,9,18,29,143,141,282,129,108,234,30,35,63,145,123,264,70,67,136,520,489,1012,290,238,529,51,89,142,36,41,76,5,10,13,25,33,56,146,137,286,323,387,714,102,125,228,8,0,7,85,84,171,76,154,234,42,58,93,121,282,403,27,45,77,264,536,798,195,216,408,42,40,77,34,99,133,19,18,37,62,100,159,857,921,1778,4931,5674,10608,3134,3460,6599,230,386,615,70772,74725,145495
CED407,56256,57987,114235,126,120,248,751,675,1427,20,25,41,496,383,880,1047,1174,2221,56,63,115,1596,1623,3222,177,182,363,86,140,227,56,58,111,264,338,605,534,563,1100,189,195,384,432,400,830,637,578,1224,187,198,385,180,165,346,562,556,1125,2194,2099,4292,900,1021,1921,71,88,161,176,199,377,65,63,125,73,78,155,292,261,555,329,427,754,160,182,337,11,9,24,204,186,391,170,272,439,52,66,112,254,371,623,60,89,149,538,785,1322,327,358,690,145,127,267,39,97,137,51,34,87,1029,1063,2092,2865,2847,5708,13089,13653,26741,3131,2862,6000,470,624,1094,72947,75127,148074
CED408,60858,63844,124698,108,124,228,46,30,79,33,22,46,59,64,128,116,178,296,5,8,10,184,257,438,16,26,38,141,167,307,118,146,262,373,432,806,140,116,253,3,3,5,28,22,48,37,26,62,26,23,49,3,4,11,12,16,31,112,96,204,350,335,685,74,93,162,13,19,33,3,0,3,12,14,31,19,23,43,100,97,200,44,57,100,6,4,7,23,24,46,37,88,122,21,40,66,43,86,127,15,27,48,120,239,364,78,113,195,3,7,8,24,54,77,6,9,11,68,62,134,397,433,830,2596,2985,5586,3151,3326,6480,347,435,776,66948,70593,137537
CED409,53086,54285,107376,43,58,106,642,632,1272,79,102,184,480,540,1025,768,920,1689,126,144,271,1379,1602,2983,301,320,627,69,91,161,107,117,222,201,261,457,1620,1668,3287,121,111,230,490,446,940,737,626,1368,77,75,151,201,191,389,905,894,1798,2535,2340,4878,1977,2299,4271,45,75,114,47,47,95,50,62,113,74,93,164,240,188,433,530,643,1169,283,317,607,15,17,28,886,864,1749,354,472,823,52,79,131,543,711,1253,116,115,231,1066,1378,2442,489,519,1012,255,207,458,78,207,286,40,45,91,4495,5077,9568,5780,5862,11648,23343,25078,48420,3772,3891,7665,427,675,1101,80632,83932,164563
CED410,47251,51093,98343,97,96,196,598,592,1195,17,38,53,1196,1298,2488,3497,4079,7579,206,209,415,4895,5582,10480,123,151,273,106,120,228,166,204,375,291,413,705,1199,1335,2534,177,154,334,746,706,1448,833,697,1523,494,459,950,216,200,413,705,698,1408,3168,2914,6079,4333,5039,9375,159,203,362,662,742,1405,3,11,15,29,45,77,470,457,930,268,349,620,226,310,541,5,8,15,120,131,250,120,165,283,122,136,254,157,273,431,76,150,227,466,731,1195,343,391,733,283,296,585,52,124,180,37,37,75,375,443,813,2083,2307,4392,20586,23097,43682,2386,2571,4955,721,1028,1747,70943,77780,148725
CED411,69390,70572,139964,83,69,155,322,271,590,55,59,109,36,28,68,144,201,342,18,21,44,197,256,452,73,70,136,92,103,197,61,57,115,173,232,408,334,325,664,64,72,135,87,89,171,127,91,214,23,21,44,38,39,70,677,688,1367,1016,991,2005,675,630,1309,24,42,68,16,12,23,22,21,48,22,24,51,108,96,203,101,118,218,126,143,276,9,0,7,113,112,224,125,198,324,62,75,138,135,257,393,41,50,93,366,585,949,189,197,383,108,34,146,42,93,133,35,43,77,600,589,1193,3250,3260,6512,8207,8435,16642,5008,5001,10011,202,278,483,82813,84281,167092
CED497,84,97,181,0,0,0,0,0,0,0,0,0,0,0,0,0,0,0,0,0,0,0,0,0,0,0,0,0,0,0,0,0,0,0,0,0,0,0,0,0,0,0,0,0,0,0,0,0,0,0,0,0,0,0,0,0,0,0,0,0,0,0,0,0,0,0,0,0,0,0,0,0,0,0,0,0,0,0,0,0,0,0,0,0,0,0,0,0,0,0,0,0,0,0,0,0,3,0,3,0,0,0,3,0,3,0,0,0,0,0,0,0,0,0,0,0,0,0,0,0,0,0,0,8,0,11,14,5,23,12,9,18,127,114,235
CED501,64589,66887,131469,562,555,1114,161,150,316,22,31,53,137,170,312,337,480,817,21,23,52,499,675,1180,114,113,225,134,193,328,164,155,316,205,263,465,42,34,76,64,70,136,237,226,458,402,319,721,77,75,156,79,83,159,178,169,347,1036,939,1973,267,295,566,98,140,244,106,106,214,19,26,49,9,9,20,60,63,121,77,111,191,62,125,181,51,44,95,247,223,464,457,493,950,125,229,348,635,749,1387,179,227,404,1393,1700,3088,312,337,647,111,110,222,97,348,440,9,10,17,146,190,337,1865,2036,3898,7863,8981,16840,6333,5104,11434,429,593,1015,79208,81554,160762
CED502,55457,56181,111637,497,517,1017,978,870,1849,62,48,105,1157,1269,2427,3641,4106,7747,322,339,660,5120,5711,10834,44,57,101,198,248,441,269,267,535,140,170,316,45,38,83,245,252,492,701,662,1364,1331,1093,2425,468,485,953,574,505,1079,496,491,983,3812,3486,7296,418,492,918,107,204,311,338,375,708,10,12,22,13,13,28,303,276,582,105,122,224,61,113,170,110,99,206,75,85,159,461,566,1023,809,1001,1803,749,860,1610,607,720,1329,2628,3138,5761,325,329,654,1085,994,2080,153,350,509,87,72,162,241,315,553,4848,4841,9688,22068,23245,45307,5005,4085,9086,771,1224,1992,83296,84731,168029
CED503,59950,62903,122852,419,457,880,59,40,96,22,14,38,74,99,173,198,262,463,19,21,37,289,384,668,41,55,97,191,233,419,108,142,255,188,244,428,44,34,72,21,24,47,101,108,207,245,224,468,70,68,138,53,49,104,89,96,182,577,569,1146,407,410,822,39,92,130,53,61,122,3,7,13,9,9,15,67,58,132,68,91,157,42,52,89,30,25,51,24,28,52,147,241,386,108,148,253,217,306,524,48,95,142,521,787,1309,127,124,250,65,55,120,84,237,322,9,10,21,52,70,124,994,1054,2045,4538,5332,9873,4561,4277,8838,302,444,747,69355,72952,142311
CED504,49279,50272,99550,528,641,1171,1184,1142,2325,11,17,27,590,656,1244,893,1097,1984,122,124,242,1604,1876,3479,203,242,444,109,128,238,281,300,581,178,204,383,188,200,395,63,53,118,325,301,620,314,240,556,76,67,140,136,107,245,991,949,1937,1901,1724,3623,890,917,1809,68,100,169,60,82,141,860,892,1751,29,25,51,332,290,619,258,274,535,84,111,192,35,26,59,407,380,784,256,328,584,138,183,318,475,532,1012,293,343,635,1162,1388,2549,336,398,733,151,157,311,137,296,430,31,20,54,3391,3650,7039,4754,4649,9399,19177,20118,39289,2989,3011,5995,408,640,1052,71851,74035,145882
CED505,53107,56158,109262,239,270,515,199,171,371,18,24,42,612,782,1391,1933,2155,4088,195,205,400,2740,3144,5885,90,111,209,220,224,447,569,638,1213,436,489,926,269,355,630,105,97,196,324,301,626,114,108,228,108,135,242,112,92,206,506,468,979,1272,1202,2474,765,859,1623,359,480,838,118,167,284,60,72,132,4,5,12,248,246,496,156,258,406,129,195,323,10,9,20,89,124,213,49,76,127,219,291,507,79,134,211,112,133,243,459,635,1092,390,473,863,146,177,322,72,146,215,21,27,51,181,258,441,1810,2021,3833,11083,12800,23880,4073,4465,8534,1022,1432,2450,69280,74853,144135
CED506,98132,75548,173675,612,394,1002,131,45,178,3610,3795,7399,146,114,259,605,426,1034,71,26,93,825,559,1383,114,74,190,160,160,318,274,228,498,391,382,772,105,48,156,69,45,110,223,107,332,81,39,122,124,70,195,86,64,147,175,109,281,752,426,1179,432,306,740,79,90,171,143,57,198,86,40,125,18,10,29,60,13,73,86,62,146,66,43,107,48,22,69,79,31,113,579,490,1067,194,180,375,886,634,1514,406,359,768,2063,1663,3723,242,111,356,122,66,185,160,412,570,16,7,28,288,219,509,2006,1210,3219,12972,10483,23457,21379,11498,32880,2105,1810,3917,134589,99339,233926
CED507,60130,63593,123722,436,468,905,65,72,139,22,31,53,65,80,151,292,357,654,14,19,29,373,460,838,22,24,47,133,177,305,146,198,342,194,276,469,39,45,82,27,26,54,54,43,96,95,68,172,40,47,90,50,35,86,84,73,154,353,298,649,603,602,1206,88,117,207,158,108,268,4,8,17,0,3,3,39,27,64,63,109,168,30,54,80,8,9,12,14,24,39,237,267,503,87,132,220,299,349,652,103,128,235,727,875,1599,138,143,280,36,39,72,50,155,201,10,4,17,72,113,185,774,807,1574,4600,5219,9818,5231,4984,10212,690,862,1551,70641,74659,145296
CED508,53181,55775,108950,272,275,544,245,221,470,25,24,52,370,460,829,1407,1544,2953,92,90,186,1869,2096,3966,813,902,1714,133,180,311,387,407,792,347,413,763,84,90,174,94,96,187,208,184,390,207,149,354,110,130,240,93,73,160,246,209,456,958,837,1797,1936,2209,4144,154,228,383,236,234,468,27,37,64,12,14,28,203,192,394,174,215,395,104,172,275,33,27,59,392,426,822,386,437,824,303,386,691,736,702,1441,154,172,326,1578,1698,3280,550,632,1183,116,132,246,102,253,351,40,53,94,126,186,309,2409,2630,5042,13328,14782,28110,4443,4747,9193,735,1000,1732,71692,76299,147991
CED509,54290,54821,109111,167,188,356,374,313,687,44,67,115,198,281,475,743,873,1614,36,57,89,975,1207,2187,182,219,396,157,198,357,211,262,469,264,293,562,57,52,114,172,151,325,393,328,719,461,415,872,159,163,317,123,99,221,223,222,444,1532,1372,2907,742,859,1604,90,131,220,75,73,144,28,20,48,7,4,12,128,106,234,150,200,348,47,99,147,49,32,83,89,81,168,476,516,997,265,329,598,631,753,1381,183,222,404,1553,1828,3380,172,172,340,322,255,580,127,258,387,84,74,162,179,209,394,3075,2800,5881,10891,11387,22276,5524,3790,9313,396,634,1026,71104,70628,141731
CED510,58263,59744,118005,832,875,1704,352,244,594,7,15,26,293,356,647,522,658,1180,57,70,124,867,1087,1953,107,88,196,142,183,321,259,318,571,373,439,817,118,146,268,47,34,80,114,116,230,90,86,176,32,27,56,39,26,64,242,245,493,565,535,1100,465,548,1017,139,189,328,51,59,111,116,123,242,9,19,27,184,195,382,279,356,636,78,131,210,11,9,13,105,93,200,49,97,148,99,165,257,88,156,238,102,147,256,338,560,895,229,298,533,45,51,95,80,200,272,20,17,33,165,199,358,1030,1186,2218,6967,8165,15131,2146,2287,4433,413,689,1103,67784,70887,138666
CED511,67739,63567,131305,490,474,965,53,31,84,932,986,1917,52,59,113,264,239,500,16,14,31,332,309,639,39,37,78,112,142,256,109,98,209,222,277,499,37,27,66,21,17,37,105,88,197,75,65,141,33,25,61,33,22,55,67,53,118,326,279,604,315,333,648,37,52,81,26,28,53,57,41,101,8,0,10,53,40,96,70,87,159,29,39,63,35,23,59,15,11,32,299,348,646,83,99,188,354,401,758,193,194,388,926,1050,1978,79,70,154,44,31,72,69,203,268,9,3,16,76,69,144,1304,1140,2446,5810,5885,11697,9547,6895,16443,547,609,1150,83640,76955,160596
CED512,69681,72025,141704,1250,1352,2603,485,490,981,60,70,127,192,204,394,421,637,1061,35,38,71,647,880,1522,140,136,275,108,146,256,236,263,503,281,324,611,75,76,151,59,52,107,402,398,800,736,623,1359,109,93,198,69,76,143,436,434,865,1812,1668,3480,444,407,854,94,149,240,63,92,155,69,71,140,17,19,43,91,107,199,221,257,478,85,115,198,34,27,63,91,87,175,349,387,733,108,178,287,518,596,1113,158,232,393,1138,1388,2529,310,365,676,150,150,300,92,242,333,17,4,27,326,361,685,2685,3008,5697,11035,12250,23284,6150,6401,12548,607,905,1515,87474,91580,179055
CED513,51181,50063,101240,128,115,241,505,400,907,24,39,65,1093,1276,2368,1855,2406,4267,195,248,444,3145,3933,7073,173,206,382,117,170,287,501,519,1023,360,359,720,469,466,930,138,102,235,544,469,1016,361,246,614,111,121,231,329,184,511,525,437,961,2000,1563,3566,2111,2324,4433,389,504,900,522,535,1053,282,316,596,26,39,65,326,301,629,315,413,732,130,215,347,17,15,29,383,420,797,204,298,498,231,363,589,300,425,722,148,217,366,883,1302,2179,579,583,1166,249,196,447,183,415,596,78,52,122,1518,1762,3279,2829,2764,5588,18242,19919,38157,7055,6487,13546,2282,2548,4832,78757,79023,157779
CED514,44609,46633,91239,198,195,400,1137,1091,2233,20,16,39,961,1059,2020,1388,1601,2988,133,171,308,2483,2828,5309,344,412,756,98,140,246,345,382,725,249,282,528,543,577,1125,67,58,122,684,546,1232,852,596,1450,138,125,259,439,254,692,983,863,1844,3152,2442,5601,2511,2827,5342,197,326,530,174,190,367,1195,1220,2411,12,15,25,480,466,944,257,360,613,112,192,303,19,21,36,327,380,708,203,279,476,170,265,434,325,431,756,186,247,428,880,1218,2093,414,507,920,151,142,290,150,331,481,128,108,234,1956,2161,4117,4772,4689,9453,22301,23535,45829,4052,4310,8365,676,1024,1699,71635,75502,147136
CED515,49996,49965,99958,179,163,349,1187,1027,2217,79,58,143,1309,1409,2725,3893,4050,7945,327,337,660,5533,5795,11330,103,94,196,113,161,270,473,491,960,248,294,545,153,150,302,305,287,594,899,652,1550,1148,803,1954,370,363,736,725,440,1160,818,698,1510,4258,3242,7503,1036,1175,2207,242,367,600,848,721,1571,36,41,77,6,13,20,521,437,960,226,292,520,114,162,276,29,24,61,93,89,182,502,568,1070,987,1186,2174,707,844,1546,371,469,843,2563,3078,5639,480,488,963,316,235,554,257,462,714,301,297,589,580,694,1272,4261,3985,8243,24240,24022,48265,6637,6357,12991,1342,1708,3056,82220,82049,164272
CED516,46350,48662,95015,198,218,409,364,323,689,3,9,14,1771,2013,3781,3950,4570,8516,435,483,912,6149,7065,13211,110,138,254,120,182,299,261,317,581,243,305,548,103,115,220,218,221,440,453,457,909,339,270,609,477,460,933,184,136,323,275,270,537,1945,1802,3747,725,739,1469,226,302,529,629,634,1263,19,34,51,4,8,6,376,399,780,115,147,264,100,152,249,13,15,26,66,77,141,130,162,293,846,987,1834,154,236,394,221,240,466,1360,1631,2984,304,371,670,481,492,971,89,211,298,55,51,101,203,264,467,1709,1934,3639,15960,17938,33897,2425,2874,5292,767,1179,1941,65501,70649,136150
CED597,2059,373,2434,4,0,7,5,3,4,0,0,0,3,0,7,23,10,28,0,0,0,27,5,36,3,0,3,4,0,6,3,0,7,6,0,9,3,0,3,5,0,5,11,0,10,4,0,4,3,0,9,3,0,3,3,0,3,31,4,33,10,0,15,0,0,0,3,0,3,3,0,4,0,0,0,0,0,0,6,0,6,7,3,10,0,0,0,0,3,4,12,0,12,22,0,22,13,5,22,3,0,3,52,5,53,8,0,10,5,0,5,5,0,6,0,0,0,11,0,11,41,4,49,246,38,287,693,252,953,359,102,465,3362,765,4131
CED601,42497,45078,87578,35,33,65,123,75,200,3,3,13,103,94,195,379,392,769,27,13,39,506,497,1003,23,13,31,72,101,171,65,69,125,124,133,257,47,41,93,27,17,38,74,51,121,42,37,74,37,26,59,27,12,38,438,398,833,646,534,1179,110,105,214,35,49,80,72,60,131,5,4,5,0,6,4,129,140,264,54,58,112,35,37,75,3,0,6,8,8,14,22,50,72,18,30,51,31,114,144,51,40,90,127,230,358,54,59,115,33,44,71,22,52,78,3,4,9,44,58,103,561,549,1107,2924,2963,5890,3184,3273,6451,290,288,575,48891,51602,100491
CED602,42492,44574,87069,42,43,78,31,22,56,5,6,12,32,44,74,107,109,219,3,4,6,139,152,292,7,7,16,73,83,154,24,39,61,73,91,160,23,18,42,7,7,11,38,33,65,13,7,19,25,32,53,15,9,20,9,9,15,101,90,193,27,41,70,23,25,48,20,22,38,4,3,8,6,0,6,3,4,9,10,12,26,25,31,61,5,3,15,8,7,14,21,61,81,14,24,32,26,105,134,7,20,23,64,207,268,62,62,129,24,14,35,23,51,72,6,0,6,12,26,37,224,225,447,1049,1292,2345,2762,2733,5492,166,134,292,46470,48733,95201
CED603,40769,42990,83762,29,29,63,243,221,461,5,12,21,267,274,541,1028,1250,2280,108,98,212,1403,1619,3026,70,76,143,52,79,129,156,172,328,225,267,485,352,326,672,43,33,77,186,194,384,162,137,293,34,39,69,105,70,178,437,409,855,966,889,1859,252,280,534,105,129,232,108,105,217,3,3,4,0,0,5,137,127,269,141,215,363,38,52,88,10,8,21,39,46,83,28,68,101,39,45,86,59,126,188,47,71,112,174,315,486,195,187,381,93,69,162,55,119,178,20,20,38,105,139,239,972,967,1936,5952,6472,12426,3244,3180,6419,558,709,1264,50516,53355,103874
CED604,44789,47546,92329,47,55,106,48,35,81,13,16,25,57,73,134,251,327,576,10,9,26,316,419,732,26,35,65,119,133,250,85,102,188,183,231,418,144,166,315,8,13,20,28,34,62,42,40,80,16,12,23,20,20,37,63,61,125,176,170,350,104,71,173,69,97,169,54,61,110,3,3,7,5,0,4,24,26,48,54,58,115,29,46,76,8,3,8,5,3,7,5,39,44,25,32,62,21,67,93,9,14,23,65,150,221,111,121,235,17,18,34,36,74,112,8,11,18,19,35,57,357,415,768,2124,2566,4688,2601,2327,4928,146,224,364,49648,52659,102313
CED605,46158,46234,92389,23,30,52,20,9,28,5,7,9,22,25,46,63,84,152,3,3,7,88,115,200,3,3,13,66,84,155,47,54,100,106,136,242,34,25,61,0,0,3,7,12,19,3,3,13,5,3,8,8,8,13,3,3,6,26,31,54,52,41,94,25,43,69,8,7,13,0,0,0,0,0,0,0,0,3,38,38,74,12,18,25,0,0,0,6,6,9,0,34,39,11,17,28,10,63,69,4,9,16,28,118,149,32,52,77,0,6,6,11,42,59,6,5,17,5,15,17,203,206,407,843,1088,1930,3389,3433,6816,192,229,422,50586,50975,101560
CED697,362,191,547,0,0,0,0,0,0,0,0,0,0,0,3,0,0,0,0,0,0,0,0,3,0,0,0,0,0,0,0,0,0,3,0,3,3,3,6,0,0,0,0,0,0,0,0,0,3,0,3,0,0,0,0,0,0,3,0,3,3,0,3,0,0,0,0,0,0,0,0,0,0,0,0,0,0,0,0,0,0,0,0,0,0,0,0,0,0,0,0,0,0,0,0,0,0,0,0,0,0,0,0,0,0,0,0,0,0,0,0,0,0,0,0,0,0,0,0,0,10,4,12,34,11,46,79,24,97,34,9,43,505,228,731
CED701,36652,31640,68291,92,81,177,68,38,104,16330,17114,33445,85,82,171,362,359,722,43,50,85,485,492,980,14,13,22,82,69,151,144,136,276,168,223,397,107,60,173,18,13,31,144,96,240,102,90,193,64,52,117,41,31,72,123,108,224,489,392,879,156,115,274,32,75,108,68,53,118,12,5,14,5,3,3,20,13,32,23,21,41,20,14,37,41,46,92,5,0,13,195,227,423,73,96,167,255,289,549,371,396,764,905,1006,1910,94,73,165,27,19,41,51,149,202,8,4,15,229,200,432,1276,1088,2368,20963,21503,42469,11993,8076,20068,2118,2178,4294,71725,63394,135115
CED702,41925,38778,80702,96,108,202,173,96,269,630,809,1438,299,343,639,801,1016,1814,297,302,600,1396,1655,3054,17,13,33,73,83,151,232,242,470,237,289,520,1641,1449,3087,243,159,407,356,278,630,277,200,470,189,228,415,230,143,371,759,660,1418,2050,1664,3710,315,292,607,229,169,399,126,122,254,5,8,12,0,6,6,66,50,118,46,43,90,44,72,111,15,19,32,32,24,59,737,893,1625,425,604,1023,1120,1353,2478,274,354,629,2553,3198,5754,180,175,348,267,220,487,230,449,678,31,17,49,364,436,803,2177,2129,4303,13212,13835,27047,7486,6413,13896,2941,1718,4654,65561,60740,126301
CED797,124,54,177,0,0,0,0,0,0,0,0,0,0,0,0,0,0,0,0,0,0,0,0,0,0,0,0,0,0,0,3,0,7,0,0,0,0,0,0,0,0,0,0,0,0,0,0,0,0,0,0,0,0,0,0,0,0,0,0,0,0,0,0,5,3,8,0,0,0,0,0,0,0,0,0,0,0,0,0,0,0,3,0,3,0,0,0,0,0,0,4,0,4,22,0,22,8,0,8,0,0,0,33,0,33,0,0,0,0,0,0,0,0,0,0,0,0,0,0,0,0,0,0,47,7,55,14,7,24,63,10,75,243,83,328
CED801,73993,74957,148951,133,129,262,873,791,1662,47,27,69,714,847,1560,1786,2332,4110,149,184,332,2646,3360,6005,394,464,862,123,183,307,553,661,1213,457,537,988,524,567,1084,311,294,610,644,657,1303,429,381,811,298,320,617,359,322,682,344,361,708,2387,2340,4723,755,841,1596,251,289,545,348,400,749,125,132,260,52,61,109,223,188,412,264,328,594,171,233,406,114,132,242,267,280,549,278,380,656,240,297,533,308,503,811,118,139,257,940,1312,2254,608,713,1322,441,419,865,177,350,530,70,68,141,586,691,1279,3418,3527,6941,16943,19030,35972,6770,5864,12629,1113,1310,2419,98820,101152,199972
CED802,69058,70438,139502,190,209,396,733,665,1401,34,60,93,1115,1198,2313,3980,4321,8294,318,316,633,5411,5829,11245,689,705,1395,125,144,271,387,437,827,397,510,910,642,690,1333,695,641,1339,1187,1178,2363,743,663,1409,546,561,1113,926,761,1688,774,717,1485,4877,4521,9401,817,827,1647,233,340,567,808,827,1632,164,174,337,19,26,40,274,254,531,227,276,503,216,285,505,118,123,240,268,283,550,270,393,669,377,421,799,384,518,905,110,159,277,1145,1498,2641,893,1040,1935,540,494,1036,192,365,564,79,65,147,1340,1594,2930,4228,4326,8558,25056,26570,51622,4885,4766,9653,1021,1510,2531,100021,103286,203304
CED897,0,0,0,0,0,0,0,0,0,0,0,0,0,0,0,0,0,0,0,0,3,3,0,3,0,0,0,0,0,0,0,0,0,0,0,0,0,0,0,0,0,0,0,0,0,0,0,0,0,0,0,0,0,0,0,0,0,0,0,0,0,0,0,0,0,0,0,0,0,0,0,0,0,0,0,0,0,0,0,0,0,0,0,0,0,0,0,0,0,0,0,0,0,0,0,0,0,0,0,0,0,0,0,0,0,0,0,0,0,0,0,0,3,3,0,0,0,0,0,0,3,0,3,3,9,15,0,0,0,0,0,0,3,8,15
CED997,19,3,18,0,0,0,0,0,0,0,0,0,0,0,0,0,0,0,0,0,0,0,0,0,0,0,0,0,0,0,0,0,0,0,0,0,0,0,0,0,0,0,0,0,0,0,0,0,0,0,0,0,0,0,0,0,0,0,0,0,0,0,0,0,0,0,0,0,0,0,0,0,0,0,0,0,0,0,0,0,0,0,0,0,0,0,0,0,0,0,0,0,0,0,0,0,0,0,0,0,0,0,0,0,0,0,0,0,0,0,0,0,0,0,0,0,0,0,0,0,0,0,0,0,0,0,0,0,0,0,0,0,17,3,24
